ID,Glucan Type,Modification,Carrier 1,Carrier 2 (NH2),Carrier 1 Mass Ratio,Carrier 2 Mass Ratio,Glucan MW,Glucan / Carrier 2 Mass Ratio,Particle Size (nm),PDI,Zeta Potential (mV),Cell Uptake (%),Cell Uptake (MFI),M1 Marker (MFI),M2 Marker (MFI)
YG-SA-D1-N1-R90-10-MH-G01,Yeast Glucan,Succinic anhydride modification,D1,N1,0.9,0.1,High,0.1,,,,,,,
YG-SA-D1-N1-R90-10-MH-G08,Yeast Glucan,Succinic anhydride modification,D1,N1,0.9,0.1,High,0.8,,,,,,,
YG-SA-D1-N1-R90-10-MH-G20,Yeast Glucan,Succinic anhydride modification,D1,N1,0.9,0.1,High,2,,,,,,,
YG-SA-D1-N1-R90-10-MM-G01,Yeast Glucan,Succinic anhydride modification,D1,N1,0.9,0.1,Medium,0.1,,,,,,,
YG-SA-D1-N1-R90-10-MM-G08,Yeast Glucan,Succinic anhydride modification,D1,N1,0.9,0.1,Medium,0.8,,,,,,,
YG-SA-D1-N1-R90-10-MM-G20,Yeast Glucan,Succinic anhydride modification,D1,N1,0.9,0.1,Medium,2,,,,,,,
YG-SA-D1-N1-R90-10-ML-G01,Yeast Glucan,Succinic anhydride modification,D1,N1,0.9,0.1,Low,0.1,,,,,,,
YG-SA-D1-N1-R90-10-ML-G08,Yeast Glucan,Succinic anhydride modification,D1,N1,0.9,0.1,Low,0.8,,,,,,,
YG-SA-D1-N1-R90-10-ML-G20,Yeast Glucan,Succinic anhydride modification,D1,N1,0.9,0.1,Low,2,,,,,,,
YG-SA-D1-N1-R90-10-MU-G01,Yeast Glucan,Succinic anhydride modification,D1,N1,0.9,0.1,Unspecified,0.1,,,,,,,
YG-SA-D1-N1-R90-10-MU-G08,Yeast Glucan,Succinic anhydride modification,D1,N1,0.9,0.1,Unspecified,0.8,,,,,,,
YG-SA-D1-N1-R90-10-MU-G20,Yeast Glucan,Succinic anhydride modification,D1,N1,0.9,0.1,Unspecified,2,,,,,,,
YG-SA-D1-N1-R70-30-MH-G01,Yeast Glucan,Succinic anhydride modification,D1,N1,0.7,0.3,High,0.1,,,,,,,
YG-SA-D1-N1-R70-30-MH-G08,Yeast Glucan,Succinic anhydride modification,D1,N1,0.7,0.3,High,0.8,,,,,,,
YG-SA-D1-N1-R70-30-MH-G20,Yeast Glucan,Succinic anhydride modification,D1,N1,0.7,0.3,High,2,,,,,,,
YG-SA-D1-N1-R70-30-MM-G01,Yeast Glucan,Succinic anhydride modification,D1,N1,0.7,0.3,Medium,0.1,,,,,,,
YG-SA-D1-N1-R70-30-MM-G08,Yeast Glucan,Succinic anhydride modification,D1,N1,0.7,0.3,Medium,0.8,,,,,,,
YG-SA-D1-N1-R70-30-MM-G20,Yeast Glucan,Succinic anhydride modification,D1,N1,0.7,0.3,Medium,2,,,,,,,
YG-SA-D1-N1-R70-30-ML-G01,Yeast Glucan,Succinic anhydride modification,D1,N1,0.7,0.3,Low,0.1,,,,,,,
YG-SA-D1-N1-R70-30-ML-G08,Yeast Glucan,Succinic anhydride modification,D1,N1,0.7,0.3,Low,0.8,,,,,,,
YG-SA-D1-N1-R70-30-ML-G20,Yeast Glucan,Succinic anhydride modification,D1,N1,0.7,0.3,Low,2,,,,,,,
YG-SA-D1-N1-R70-30-MU-G01,Yeast Glucan,Succinic anhydride modification,D1,N1,0.7,0.3,Unspecified,0.1,,,,,,,
YG-SA-D1-N1-R70-30-MU-G08,Yeast Glucan,Succinic anhydride modification,D1,N1,0.7,0.3,Unspecified,0.8,,,,,,,
YG-SA-D1-N1-R70-30-MU-G20,Yeast Glucan,Succinic anhydride modification,D1,N1,0.7,0.3,Unspecified,2,,,,,,,
YG-SA-D1-N1-R50-50-MH-G01,Yeast Glucan,Succinic anhydride modification,D1,N1,0.5,0.5,High,0.1,,,,,,,
YG-SA-D1-N1-R50-50-MH-G08,Yeast Glucan,Succinic anhydride modification,D1,N1,0.5,0.5,High,0.8,,,,,,,
YG-SA-D1-N1-R50-50-MH-G20,Yeast Glucan,Succinic anhydride modification,D1,N1,0.5,0.5,High,2,,,,,,,
YG-SA-D1-N1-R50-50-MM-G01,Yeast Glucan,Succinic anhydride modification,D1,N1,0.5,0.5,Medium,0.1,,,,,,,
YG-SA-D1-N1-R50-50-MM-G08,Yeast Glucan,Succinic anhydride modification,D1,N1,0.5,0.5,Medium,0.8,,,,,,,
YG-SA-D1-N1-R50-50-MM-G20,Yeast Glucan,Succinic anhydride modification,D1,N1,0.5,0.5,Medium,2,,,,,,,
YG-SA-D1-N1-R50-50-ML-G01,Yeast Glucan,Succinic anhydride modification,D1,N1,0.5,0.5,Low,0.1,,,,,,,
YG-SA-D1-N1-R50-50-ML-G08,Yeast Glucan,Succinic anhydride modification,D1,N1,0.5,0.5,Low,0.8,,,,,,,
YG-SA-D1-N1-R50-50-ML-G20,Yeast Glucan,Succinic anhydride modification,D1,N1,0.5,0.5,Low,2,,,,,,,
YG-SA-D1-N1-R50-50-MU-G01,Yeast Glucan,Succinic anhydride modification,D1,N1,0.5,0.5,Unspecified,0.1,,,,,,,
YG-SA-D1-N1-R50-50-MU-G08,Yeast Glucan,Succinic anhydride modification,D1,N1,0.5,0.5,Unspecified,0.8,,,,,,,
YG-SA-D1-N1-R50-50-MU-G20,Yeast Glucan,Succinic anhydride modification,D1,N1,0.5,0.5,Unspecified,2,,,,,,,
YG-SA-D1-N2-R90-10-MH-G01,Yeast Glucan,Succinic anhydride modification,D1,N2,0.9,0.1,High,0.1,,,,,,,
YG-SA-D1-N2-R90-10-MH-G08,Yeast Glucan,Succinic anhydride modification,D1,N2,0.9,0.1,High,0.8,,,,,,,
YG-SA-D1-N2-R90-10-MH-G20,Yeast Glucan,Succinic anhydride modification,D1,N2,0.9,0.1,High,2,,,,,,,
YG-SA-D1-N2-R90-10-MM-G01,Yeast Glucan,Succinic anhydride modification,D1,N2,0.9,0.1,Medium,0.1,,,,,,,
YG-SA-D1-N2-R90-10-MM-G08,Yeast Glucan,Succinic anhydride modification,D1,N2,0.9,0.1,Medium,0.8,,,,,,,
YG-SA-D1-N2-R90-10-MM-G20,Yeast Glucan,Succinic anhydride modification,D1,N2,0.9,0.1,Medium,2,,,,,,,
YG-SA-D1-N2-R90-10-ML-G01,Yeast Glucan,Succinic anhydride modification,D1,N2,0.9,0.1,Low,0.1,,,,,,,
YG-SA-D1-N2-R90-10-ML-G08,Yeast Glucan,Succinic anhydride modification,D1,N2,0.9,0.1,Low,0.8,,,,,,,
YG-SA-D1-N2-R90-10-ML-G20,Yeast Glucan,Succinic anhydride modification,D1,N2,0.9,0.1,Low,2,,,,,,,
YG-SA-D1-N2-R90-10-MU-G01,Yeast Glucan,Succinic anhydride modification,D1,N2,0.9,0.1,Unspecified,0.1,,,,,,,
YG-SA-D1-N2-R90-10-MU-G08,Yeast Glucan,Succinic anhydride modification,D1,N2,0.9,0.1,Unspecified,0.8,,,,,,,
YG-SA-D1-N2-R90-10-MU-G20,Yeast Glucan,Succinic anhydride modification,D1,N2,0.9,0.1,Unspecified,2,,,,,,,
YG-SA-D1-N2-R70-30-MH-G01,Yeast Glucan,Succinic anhydride modification,D1,N2,0.7,0.3,High,0.1,,,,,,,
YG-SA-D1-N2-R70-30-MH-G08,Yeast Glucan,Succinic anhydride modification,D1,N2,0.7,0.3,High,0.8,,,,,,,
YG-SA-D1-N2-R70-30-MH-G20,Yeast Glucan,Succinic anhydride modification,D1,N2,0.7,0.3,High,2,,,,,,,
YG-SA-D1-N2-R70-30-MM-G01,Yeast Glucan,Succinic anhydride modification,D1,N2,0.7,0.3,Medium,0.1,,,,,,,
YG-SA-D1-N2-R70-30-MM-G08,Yeast Glucan,Succinic anhydride modification,D1,N2,0.7,0.3,Medium,0.8,,,,,,,
YG-SA-D1-N2-R70-30-MM-G20,Yeast Glucan,Succinic anhydride modification,D1,N2,0.7,0.3,Medium,2,,,,,,,
YG-SA-D1-N2-R70-30-ML-G01,Yeast Glucan,Succinic anhydride modification,D1,N2,0.7,0.3,Low,0.1,,,,,,,
YG-SA-D1-N2-R70-30-ML-G08,Yeast Glucan,Succinic anhydride modification,D1,N2,0.7,0.3,Low,0.8,,,,,,,
YG-SA-D1-N2-R70-30-ML-G20,Yeast Glucan,Succinic anhydride modification,D1,N2,0.7,0.3,Low,2,,,,,,,
YG-SA-D1-N2-R70-30-MU-G01,Yeast Glucan,Succinic anhydride modification,D1,N2,0.7,0.3,Unspecified,0.1,,,,,,,
YG-SA-D1-N2-R70-30-MU-G08,Yeast Glucan,Succinic anhydride modification,D1,N2,0.7,0.3,Unspecified,0.8,,,,,,,
YG-SA-D1-N2-R70-30-MU-G20,Yeast Glucan,Succinic anhydride modification,D1,N2,0.7,0.3,Unspecified,2,,,,,,,
YG-SA-D1-N2-R50-50-MH-G01,Yeast Glucan,Succinic anhydride modification,D1,N2,0.5,0.5,High,0.1,,,,,,,
YG-SA-D1-N2-R50-50-MH-G08,Yeast Glucan,Succinic anhydride modification,D1,N2,0.5,0.5,High,0.8,,,,,,,
YG-SA-D1-N2-R50-50-MH-G20,Yeast Glucan,Succinic anhydride modification,D1,N2,0.5,0.5,High,2,,,,,,,
YG-SA-D1-N2-R50-50-MM-G01,Yeast Glucan,Succinic anhydride modification,D1,N2,0.5,0.5,Medium,0.1,,,,,,,
YG-SA-D1-N2-R50-50-MM-G08,Yeast Glucan,Succinic anhydride modification,D1,N2,0.5,0.5,Medium,0.8,,,,,,,
YG-SA-D1-N2-R50-50-MM-G20,Yeast Glucan,Succinic anhydride modification,D1,N2,0.5,0.5,Medium,2,,,,,,,
YG-SA-D1-N2-R50-50-ML-G01,Yeast Glucan,Succinic anhydride modification,D1,N2,0.5,0.5,Low,0.1,,,,,,,
YG-SA-D1-N2-R50-50-ML-G08,Yeast Glucan,Succinic anhydride modification,D1,N2,0.5,0.5,Low,0.8,,,,,,,
YG-SA-D1-N2-R50-50-ML-G20,Yeast Glucan,Succinic anhydride modification,D1,N2,0.5,0.5,Low,2,,,,,,,
YG-SA-D1-N2-R50-50-MU-G01,Yeast Glucan,Succinic anhydride modification,D1,N2,0.5,0.5,Unspecified,0.1,,,,,,,
YG-SA-D1-N2-R50-50-MU-G08,Yeast Glucan,Succinic anhydride modification,D1,N2,0.5,0.5,Unspecified,0.8,,,,,,,
YG-SA-D1-N2-R50-50-MU-G20,Yeast Glucan,Succinic anhydride modification,D1,N2,0.5,0.5,Unspecified,2,,,,,,,
YG-SA-D1-N3-R90-10-MH-G01,Yeast Glucan,Succinic anhydride modification,D1,N3,0.9,0.1,High,0.1,,,,,,,
YG-SA-D1-N3-R90-10-MH-G08,Yeast Glucan,Succinic anhydride modification,D1,N3,0.9,0.1,High,0.8,,,,,,,
YG-SA-D1-N3-R90-10-MH-G20,Yeast Glucan,Succinic anhydride modification,D1,N3,0.9,0.1,High,2,,,,,,,
YG-SA-D1-N3-R90-10-MM-G01,Yeast Glucan,Succinic anhydride modification,D1,N3,0.9,0.1,Medium,0.1,,,,,,,
YG-SA-D1-N3-R90-10-MM-G08,Yeast Glucan,Succinic anhydride modification,D1,N3,0.9,0.1,Medium,0.8,,,,,,,
YG-SA-D1-N3-R90-10-MM-G20,Yeast Glucan,Succinic anhydride modification,D1,N3,0.9,0.1,Medium,2,,,,,,,
YG-SA-D1-N3-R90-10-ML-G01,Yeast Glucan,Succinic anhydride modification,D1,N3,0.9,0.1,Low,0.1,,,,,,,
YG-SA-D1-N3-R90-10-ML-G08,Yeast Glucan,Succinic anhydride modification,D1,N3,0.9,0.1,Low,0.8,,,,,,,
YG-SA-D1-N3-R90-10-ML-G20,Yeast Glucan,Succinic anhydride modification,D1,N3,0.9,0.1,Low,2,,,,,,,
YG-SA-D1-N3-R90-10-MU-G01,Yeast Glucan,Succinic anhydride modification,D1,N3,0.9,0.1,Unspecified,0.1,,,,,,,
YG-SA-D1-N3-R90-10-MU-G08,Yeast Glucan,Succinic anhydride modification,D1,N3,0.9,0.1,Unspecified,0.8,,,,,,,
YG-SA-D1-N3-R90-10-MU-G20,Yeast Glucan,Succinic anhydride modification,D1,N3,0.9,0.1,Unspecified,2,,,,,,,
YG-SA-D1-N3-R70-30-MH-G01,Yeast Glucan,Succinic anhydride modification,D1,N3,0.7,0.3,High,0.1,,,,,,,
YG-SA-D1-N3-R70-30-MH-G08,Yeast Glucan,Succinic anhydride modification,D1,N3,0.7,0.3,High,0.8,,,,,,,
YG-SA-D1-N3-R70-30-MH-G20,Yeast Glucan,Succinic anhydride modification,D1,N3,0.7,0.3,High,2,,,,,,,
YG-SA-D1-N3-R70-30-MM-G01,Yeast Glucan,Succinic anhydride modification,D1,N3,0.7,0.3,Medium,0.1,,,,,,,
YG-SA-D1-N3-R70-30-MM-G08,Yeast Glucan,Succinic anhydride modification,D1,N3,0.7,0.3,Medium,0.8,,,,,,,
YG-SA-D1-N3-R70-30-MM-G20,Yeast Glucan,Succinic anhydride modification,D1,N3,0.7,0.3,Medium,2,,,,,,,
YG-SA-D1-N3-R70-30-ML-G01,Yeast Glucan,Succinic anhydride modification,D1,N3,0.7,0.3,Low,0.1,,,,,,,
YG-SA-D1-N3-R70-30-ML-G08,Yeast Glucan,Succinic anhydride modification,D1,N3,0.7,0.3,Low,0.8,,,,,,,
YG-SA-D1-N3-R70-30-ML-G20,Yeast Glucan,Succinic anhydride modification,D1,N3,0.7,0.3,Low,2,,,,,,,
YG-SA-D1-N3-R70-30-MU-G01,Yeast Glucan,Succinic anhydride modification,D1,N3,0.7,0.3,Unspecified,0.1,,,,,,,
YG-SA-D1-N3-R70-30-MU-G08,Yeast Glucan,Succinic anhydride modification,D1,N3,0.7,0.3,Unspecified,0.8,,,,,,,
YG-SA-D1-N3-R70-30-MU-G20,Yeast Glucan,Succinic anhydride modification,D1,N3,0.7,0.3,Unspecified,2,,,,,,,
YG-SA-D1-N3-R50-50-MH-G01,Yeast Glucan,Succinic anhydride modification,D1,N3,0.5,0.5,High,0.1,,,,,,,
YG-SA-D1-N3-R50-50-MH-G08,Yeast Glucan,Succinic anhydride modification,D1,N3,0.5,0.5,High,0.8,,,,,,,
YG-SA-D1-N3-R50-50-MH-G20,Yeast Glucan,Succinic anhydride modification,D1,N3,0.5,0.5,High,2,,,,,,,
YG-SA-D1-N3-R50-50-MM-G01,Yeast Glucan,Succinic anhydride modification,D1,N3,0.5,0.5,Medium,0.1,,,,,,,
YG-SA-D1-N3-R50-50-MM-G08,Yeast Glucan,Succinic anhydride modification,D1,N3,0.5,0.5,Medium,0.8,,,,,,,
YG-SA-D1-N3-R50-50-MM-G20,Yeast Glucan,Succinic anhydride modification,D1,N3,0.5,0.5,Medium,2,,,,,,,
YG-SA-D1-N3-R50-50-ML-G01,Yeast Glucan,Succinic anhydride modification,D1,N3,0.5,0.5,Low,0.1,,,,,,,
YG-SA-D1-N3-R50-50-ML-G08,Yeast Glucan,Succinic anhydride modification,D1,N3,0.5,0.5,Low,0.8,,,,,,,
YG-SA-D1-N3-R50-50-ML-G20,Yeast Glucan,Succinic anhydride modification,D1,N3,0.5,0.5,Low,2,,,,,,,
YG-SA-D1-N3-R50-50-MU-G01,Yeast Glucan,Succinic anhydride modification,D1,N3,0.5,0.5,Unspecified,0.1,,,,,,,
YG-SA-D1-N3-R50-50-MU-G08,Yeast Glucan,Succinic anhydride modification,D1,N3,0.5,0.5,Unspecified,0.8,,,,,,,
YG-SA-D1-N3-R50-50-MU-G20,Yeast Glucan,Succinic anhydride modification,D1,N3,0.5,0.5,Unspecified,2,,,,,,,
YG-SA-D1-N4-R90-10-MH-G01,Yeast Glucan,Succinic anhydride modification,D1,N4,0.9,0.1,High,0.1,,,,,,,
YG-SA-D1-N4-R90-10-MH-G08,Yeast Glucan,Succinic anhydride modification,D1,N4,0.9,0.1,High,0.8,,,,,,,
YG-SA-D1-N4-R90-10-MH-G20,Yeast Glucan,Succinic anhydride modification,D1,N4,0.9,0.1,High,2,,,,,,,
YG-SA-D1-N4-R90-10-MM-G01,Yeast Glucan,Succinic anhydride modification,D1,N4,0.9,0.1,Medium,0.1,,,,,,,
YG-SA-D1-N4-R90-10-MM-G08,Yeast Glucan,Succinic anhydride modification,D1,N4,0.9,0.1,Medium,0.8,,,,,,,
YG-SA-D1-N4-R90-10-MM-G20,Yeast Glucan,Succinic anhydride modification,D1,N4,0.9,0.1,Medium,2,,,,,,,
YG-SA-D1-N4-R90-10-ML-G01,Yeast Glucan,Succinic anhydride modification,D1,N4,0.9,0.1,Low,0.1,,,,,,,
YG-SA-D1-N4-R90-10-ML-G08,Yeast Glucan,Succinic anhydride modification,D1,N4,0.9,0.1,Low,0.8,,,,,,,
YG-SA-D1-N4-R90-10-ML-G20,Yeast Glucan,Succinic anhydride modification,D1,N4,0.9,0.1,Low,2,,,,,,,
YG-SA-D1-N4-R90-10-MU-G01,Yeast Glucan,Succinic anhydride modification,D1,N4,0.9,0.1,Unspecified,0.1,,,,,,,
YG-SA-D1-N4-R90-10-MU-G08,Yeast Glucan,Succinic anhydride modification,D1,N4,0.9,0.1,Unspecified,0.8,,,,,,,
YG-SA-D1-N4-R90-10-MU-G20,Yeast Glucan,Succinic anhydride modification,D1,N4,0.9,0.1,Unspecified,2,,,,,,,
YG-SA-D1-N4-R70-30-MH-G01,Yeast Glucan,Succinic anhydride modification,D1,N4,0.7,0.3,High,0.1,,,,,,,
YG-SA-D1-N4-R70-30-MH-G08,Yeast Glucan,Succinic anhydride modification,D1,N4,0.7,0.3,High,0.8,,,,,,,
YG-SA-D1-N4-R70-30-MH-G20,Yeast Glucan,Succinic anhydride modification,D1,N4,0.7,0.3,High,2,,,,,,,
YG-SA-D1-N4-R70-30-MM-G01,Yeast Glucan,Succinic anhydride modification,D1,N4,0.7,0.3,Medium,0.1,,,,,,,
YG-SA-D1-N4-R70-30-MM-G08,Yeast Glucan,Succinic anhydride modification,D1,N4,0.7,0.3,Medium,0.8,,,,,,,
YG-SA-D1-N4-R70-30-MM-G20,Yeast Glucan,Succinic anhydride modification,D1,N4,0.7,0.3,Medium,2,,,,,,,
YG-SA-D1-N4-R70-30-ML-G01,Yeast Glucan,Succinic anhydride modification,D1,N4,0.7,0.3,Low,0.1,,,,,,,
YG-SA-D1-N4-R70-30-ML-G08,Yeast Glucan,Succinic anhydride modification,D1,N4,0.7,0.3,Low,0.8,,,,,,,
YG-SA-D1-N4-R70-30-ML-G20,Yeast Glucan,Succinic anhydride modification,D1,N4,0.7,0.3,Low,2,,,,,,,
YG-SA-D1-N4-R70-30-MU-G01,Yeast Glucan,Succinic anhydride modification,D1,N4,0.7,0.3,Unspecified,0.1,,,,,,,
YG-SA-D1-N4-R70-30-MU-G08,Yeast Glucan,Succinic anhydride modification,D1,N4,0.7,0.3,Unspecified,0.8,,,,,,,
YG-SA-D1-N4-R70-30-MU-G20,Yeast Glucan,Succinic anhydride modification,D1,N4,0.7,0.3,Unspecified,2,,,,,,,
YG-SA-D1-N4-R50-50-MH-G01,Yeast Glucan,Succinic anhydride modification,D1,N4,0.5,0.5,High,0.1,,,,,,,
YG-SA-D1-N4-R50-50-MH-G08,Yeast Glucan,Succinic anhydride modification,D1,N4,0.5,0.5,High,0.8,,,,,,,
YG-SA-D1-N4-R50-50-MH-G20,Yeast Glucan,Succinic anhydride modification,D1,N4,0.5,0.5,High,2,,,,,,,
YG-SA-D1-N4-R50-50-MM-G01,Yeast Glucan,Succinic anhydride modification,D1,N4,0.5,0.5,Medium,0.1,,,,,,,
YG-SA-D1-N4-R50-50-MM-G08,Yeast Glucan,Succinic anhydride modification,D1,N4,0.5,0.5,Medium,0.8,,,,,,,
YG-SA-D1-N4-R50-50-MM-G20,Yeast Glucan,Succinic anhydride modification,D1,N4,0.5,0.5,Medium,2,,,,,,,
YG-SA-D1-N4-R50-50-ML-G01,Yeast Glucan,Succinic anhydride modification,D1,N4,0.5,0.5,Low,0.1,,,,,,,
YG-SA-D1-N4-R50-50-ML-G08,Yeast Glucan,Succinic anhydride modification,D1,N4,0.5,0.5,Low,0.8,,,,,,,
YG-SA-D1-N4-R50-50-ML-G20,Yeast Glucan,Succinic anhydride modification,D1,N4,0.5,0.5,Low,2,,,,,,,
YG-SA-D1-N4-R50-50-MU-G01,Yeast Glucan,Succinic anhydride modification,D1,N4,0.5,0.5,Unspecified,0.1,,,,,,,
YG-SA-D1-N4-R50-50-MU-G08,Yeast Glucan,Succinic anhydride modification,D1,N4,0.5,0.5,Unspecified,0.8,,,,,,,
YG-SA-D1-N4-R50-50-MU-G20,Yeast Glucan,Succinic anhydride modification,D1,N4,0.5,0.5,Unspecified,2,,,,,,,
YG-SA-D1-N5-R90-10-MH-G01,Yeast Glucan,Succinic anhydride modification,D1,N5,0.9,0.1,High,0.1,,,,,,,
YG-SA-D1-N5-R90-10-MH-G08,Yeast Glucan,Succinic anhydride modification,D1,N5,0.9,0.1,High,0.8,,,,,,,
YG-SA-D1-N5-R90-10-MH-G20,Yeast Glucan,Succinic anhydride modification,D1,N5,0.9,0.1,High,2,,,,,,,
YG-SA-D1-N5-R90-10-MM-G01,Yeast Glucan,Succinic anhydride modification,D1,N5,0.9,0.1,Medium,0.1,,,,,,,
YG-SA-D1-N5-R90-10-MM-G08,Yeast Glucan,Succinic anhydride modification,D1,N5,0.9,0.1,Medium,0.8,,,,,,,
YG-SA-D1-N5-R90-10-MM-G20,Yeast Glucan,Succinic anhydride modification,D1,N5,0.9,0.1,Medium,2,,,,,,,
YG-SA-D1-N5-R90-10-ML-G01,Yeast Glucan,Succinic anhydride modification,D1,N5,0.9,0.1,Low,0.1,,,,,,,
YG-SA-D1-N5-R90-10-ML-G08,Yeast Glucan,Succinic anhydride modification,D1,N5,0.9,0.1,Low,0.8,,,,,,,
YG-SA-D1-N5-R90-10-ML-G20,Yeast Glucan,Succinic anhydride modification,D1,N5,0.9,0.1,Low,2,,,,,,,
YG-SA-D1-N5-R90-10-MU-G01,Yeast Glucan,Succinic anhydride modification,D1,N5,0.9,0.1,Unspecified,0.1,,,,,,,
YG-SA-D1-N5-R90-10-MU-G08,Yeast Glucan,Succinic anhydride modification,D1,N5,0.9,0.1,Unspecified,0.8,,,,,,,
YG-SA-D1-N5-R90-10-MU-G20,Yeast Glucan,Succinic anhydride modification,D1,N5,0.9,0.1,Unspecified,2,,,,,,,
YG-SA-D1-N5-R70-30-MH-G01,Yeast Glucan,Succinic anhydride modification,D1,N5,0.7,0.3,High,0.1,,,,,,,
YG-SA-D1-N5-R70-30-MH-G08,Yeast Glucan,Succinic anhydride modification,D1,N5,0.7,0.3,High,0.8,,,,,,,
YG-SA-D1-N5-R70-30-MH-G20,Yeast Glucan,Succinic anhydride modification,D1,N5,0.7,0.3,High,2,,,,,,,
YG-SA-D1-N5-R70-30-MM-G01,Yeast Glucan,Succinic anhydride modification,D1,N5,0.7,0.3,Medium,0.1,,,,,,,
YG-SA-D1-N5-R70-30-MM-G08,Yeast Glucan,Succinic anhydride modification,D1,N5,0.7,0.3,Medium,0.8,,,,,,,
YG-SA-D1-N5-R70-30-MM-G20,Yeast Glucan,Succinic anhydride modification,D1,N5,0.7,0.3,Medium,2,,,,,,,
YG-SA-D1-N5-R70-30-ML-G01,Yeast Glucan,Succinic anhydride modification,D1,N5,0.7,0.3,Low,0.1,,,,,,,
YG-SA-D1-N5-R70-30-ML-G08,Yeast Glucan,Succinic anhydride modification,D1,N5,0.7,0.3,Low,0.8,,,,,,,
YG-SA-D1-N5-R70-30-ML-G20,Yeast Glucan,Succinic anhydride modification,D1,N5,0.7,0.3,Low,2,,,,,,,
YG-SA-D1-N5-R70-30-MU-G01,Yeast Glucan,Succinic anhydride modification,D1,N5,0.7,0.3,Unspecified,0.1,,,,,,,
YG-SA-D1-N5-R70-30-MU-G08,Yeast Glucan,Succinic anhydride modification,D1,N5,0.7,0.3,Unspecified,0.8,,,,,,,
YG-SA-D1-N5-R70-30-MU-G20,Yeast Glucan,Succinic anhydride modification,D1,N5,0.7,0.3,Unspecified,2,,,,,,,
YG-SA-D1-N5-R50-50-MH-G01,Yeast Glucan,Succinic anhydride modification,D1,N5,0.5,0.5,High,0.1,,,,,,,
YG-SA-D1-N5-R50-50-MH-G08,Yeast Glucan,Succinic anhydride modification,D1,N5,0.5,0.5,High,0.8,,,,,,,
YG-SA-D1-N5-R50-50-MH-G20,Yeast Glucan,Succinic anhydride modification,D1,N5,0.5,0.5,High,2,,,,,,,
YG-SA-D1-N5-R50-50-MM-G01,Yeast Glucan,Succinic anhydride modification,D1,N5,0.5,0.5,Medium,0.1,,,,,,,
YG-SA-D1-N5-R50-50-MM-G08,Yeast Glucan,Succinic anhydride modification,D1,N5,0.5,0.5,Medium,0.8,,,,,,,
YG-SA-D1-N5-R50-50-MM-G20,Yeast Glucan,Succinic anhydride modification,D1,N5,0.5,0.5,Medium,2,,,,,,,
YG-SA-D1-N5-R50-50-ML-G01,Yeast Glucan,Succinic anhydride modification,D1,N5,0.5,0.5,Low,0.1,,,,,,,
YG-SA-D1-N5-R50-50-ML-G08,Yeast Glucan,Succinic anhydride modification,D1,N5,0.5,0.5,Low,0.8,,,,,,,
YG-SA-D1-N5-R50-50-ML-G20,Yeast Glucan,Succinic anhydride modification,D1,N5,0.5,0.5,Low,2,,,,,,,
YG-SA-D1-N5-R50-50-MU-G01,Yeast Glucan,Succinic anhydride modification,D1,N5,0.5,0.5,Unspecified,0.1,,,,,,,
YG-SA-D1-N5-R50-50-MU-G08,Yeast Glucan,Succinic anhydride modification,D1,N5,0.5,0.5,Unspecified,0.8,,,,,,,
YG-SA-D1-N5-R50-50-MU-G20,Yeast Glucan,Succinic anhydride modification,D1,N5,0.5,0.5,Unspecified,2,,,,,,,
YG-SA-D1-N6-R90-10-MH-G01,Yeast Glucan,Succinic anhydride modification,D1,N6,0.9,0.1,High,0.1,,,,,,,
YG-SA-D1-N6-R90-10-MH-G08,Yeast Glucan,Succinic anhydride modification,D1,N6,0.9,0.1,High,0.8,,,,,,,
YG-SA-D1-N6-R90-10-MH-G20,Yeast Glucan,Succinic anhydride modification,D1,N6,0.9,0.1,High,2,,,,,,,
YG-SA-D1-N6-R90-10-MM-G01,Yeast Glucan,Succinic anhydride modification,D1,N6,0.9,0.1,Medium,0.1,,,,,,,
YG-SA-D1-N6-R90-10-MM-G08,Yeast Glucan,Succinic anhydride modification,D1,N6,0.9,0.1,Medium,0.8,,,,,,,
YG-SA-D1-N6-R90-10-MM-G20,Yeast Glucan,Succinic anhydride modification,D1,N6,0.9,0.1,Medium,2,,,,,,,
YG-SA-D1-N6-R90-10-ML-G01,Yeast Glucan,Succinic anhydride modification,D1,N6,0.9,0.1,Low,0.1,,,,,,,
YG-SA-D1-N6-R90-10-ML-G08,Yeast Glucan,Succinic anhydride modification,D1,N6,0.9,0.1,Low,0.8,,,,,,,
YG-SA-D1-N6-R90-10-ML-G20,Yeast Glucan,Succinic anhydride modification,D1,N6,0.9,0.1,Low,2,,,,,,,
YG-SA-D1-N6-R90-10-MU-G01,Yeast Glucan,Succinic anhydride modification,D1,N6,0.9,0.1,Unspecified,0.1,,,,,,,
YG-SA-D1-N6-R90-10-MU-G08,Yeast Glucan,Succinic anhydride modification,D1,N6,0.9,0.1,Unspecified,0.8,,,,,,,
YG-SA-D1-N6-R90-10-MU-G20,Yeast Glucan,Succinic anhydride modification,D1,N6,0.9,0.1,Unspecified,2,,,,,,,
YG-SA-D1-N6-R70-30-MH-G01,Yeast Glucan,Succinic anhydride modification,D1,N6,0.7,0.3,High,0.1,,,,,,,
YG-SA-D1-N6-R70-30-MH-G08,Yeast Glucan,Succinic anhydride modification,D1,N6,0.7,0.3,High,0.8,,,,,,,
YG-SA-D1-N6-R70-30-MH-G20,Yeast Glucan,Succinic anhydride modification,D1,N6,0.7,0.3,High,2,,,,,,,
YG-SA-D1-N6-R70-30-MM-G01,Yeast Glucan,Succinic anhydride modification,D1,N6,0.7,0.3,Medium,0.1,,,,,,,
YG-SA-D1-N6-R70-30-MM-G08,Yeast Glucan,Succinic anhydride modification,D1,N6,0.7,0.3,Medium,0.8,,,,,,,
YG-SA-D1-N6-R70-30-MM-G20,Yeast Glucan,Succinic anhydride modification,D1,N6,0.7,0.3,Medium,2,,,,,,,
YG-SA-D1-N6-R70-30-ML-G01,Yeast Glucan,Succinic anhydride modification,D1,N6,0.7,0.3,Low,0.1,,,,,,,
YG-SA-D1-N6-R70-30-ML-G08,Yeast Glucan,Succinic anhydride modification,D1,N6,0.7,0.3,Low,0.8,,,,,,,
YG-SA-D1-N6-R70-30-ML-G20,Yeast Glucan,Succinic anhydride modification,D1,N6,0.7,0.3,Low,2,,,,,,,
YG-SA-D1-N6-R70-30-MU-G01,Yeast Glucan,Succinic anhydride modification,D1,N6,0.7,0.3,Unspecified,0.1,,,,,,,
YG-SA-D1-N6-R70-30-MU-G08,Yeast Glucan,Succinic anhydride modification,D1,N6,0.7,0.3,Unspecified,0.8,,,,,,,
YG-SA-D1-N6-R70-30-MU-G20,Yeast Glucan,Succinic anhydride modification,D1,N6,0.7,0.3,Unspecified,2,,,,,,,
YG-SA-D1-N6-R50-50-MH-G01,Yeast Glucan,Succinic anhydride modification,D1,N6,0.5,0.5,High,0.1,,,,,,,
YG-SA-D1-N6-R50-50-MH-G08,Yeast Glucan,Succinic anhydride modification,D1,N6,0.5,0.5,High,0.8,,,,,,,
YG-SA-D1-N6-R50-50-MH-G20,Yeast Glucan,Succinic anhydride modification,D1,N6,0.5,0.5,High,2,,,,,,,
YG-SA-D1-N6-R50-50-MM-G01,Yeast Glucan,Succinic anhydride modification,D1,N6,0.5,0.5,Medium,0.1,,,,,,,
YG-SA-D1-N6-R50-50-MM-G08,Yeast Glucan,Succinic anhydride modification,D1,N6,0.5,0.5,Medium,0.8,,,,,,,
YG-SA-D1-N6-R50-50-MM-G20,Yeast Glucan,Succinic anhydride modification,D1,N6,0.5,0.5,Medium,2,,,,,,,
YG-SA-D1-N6-R50-50-ML-G01,Yeast Glucan,Succinic anhydride modification,D1,N6,0.5,0.5,Low,0.1,,,,,,,
YG-SA-D1-N6-R50-50-ML-G08,Yeast Glucan,Succinic anhydride modification,D1,N6,0.5,0.5,Low,0.8,,,,,,,
YG-SA-D1-N6-R50-50-ML-G20,Yeast Glucan,Succinic anhydride modification,D1,N6,0.5,0.5,Low,2,,,,,,,
YG-SA-D1-N6-R50-50-MU-G01,Yeast Glucan,Succinic anhydride modification,D1,N6,0.5,0.5,Unspecified,0.1,,,,,,,
YG-SA-D1-N6-R50-50-MU-G08,Yeast Glucan,Succinic anhydride modification,D1,N6,0.5,0.5,Unspecified,0.8,,,,,,,
YG-SA-D1-N6-R50-50-MU-G20,Yeast Glucan,Succinic anhydride modification,D1,N6,0.5,0.5,Unspecified,2,,,,,,,
YG-SA-D2-N1-R90-10-MH-G01,Yeast Glucan,Succinic anhydride modification,D2,N1,0.9,0.1,High,0.1,,,,,,,
YG-SA-D2-N1-R90-10-MH-G08,Yeast Glucan,Succinic anhydride modification,D2,N1,0.9,0.1,High,0.8,,,,,,,
YG-SA-D2-N1-R90-10-MH-G20,Yeast Glucan,Succinic anhydride modification,D2,N1,0.9,0.1,High,2,,,,,,,
YG-SA-D2-N1-R90-10-MM-G01,Yeast Glucan,Succinic anhydride modification,D2,N1,0.9,0.1,Medium,0.1,,,,,,,
YG-SA-D2-N1-R90-10-MM-G08,Yeast Glucan,Succinic anhydride modification,D2,N1,0.9,0.1,Medium,0.8,,,,,,,
YG-SA-D2-N1-R90-10-MM-G20,Yeast Glucan,Succinic anhydride modification,D2,N1,0.9,0.1,Medium,2,,,,,,,
YG-SA-D2-N1-R90-10-ML-G01,Yeast Glucan,Succinic anhydride modification,D2,N1,0.9,0.1,Low,0.1,,,,,,,
YG-SA-D2-N1-R90-10-ML-G08,Yeast Glucan,Succinic anhydride modification,D2,N1,0.9,0.1,Low,0.8,,,,,,,
YG-SA-D2-N1-R90-10-ML-G20,Yeast Glucan,Succinic anhydride modification,D2,N1,0.9,0.1,Low,2,,,,,,,
YG-SA-D2-N1-R90-10-MU-G01,Yeast Glucan,Succinic anhydride modification,D2,N1,0.9,0.1,Unspecified,0.1,,,,,,,
YG-SA-D2-N1-R90-10-MU-G08,Yeast Glucan,Succinic anhydride modification,D2,N1,0.9,0.1,Unspecified,0.8,,,,,,,
YG-SA-D2-N1-R90-10-MU-G20,Yeast Glucan,Succinic anhydride modification,D2,N1,0.9,0.1,Unspecified,2,,,,,,,
YG-SA-D2-N1-R70-30-MH-G01,Yeast Glucan,Succinic anhydride modification,D2,N1,0.7,0.3,High,0.1,,,,,,,
YG-SA-D2-N1-R70-30-MH-G08,Yeast Glucan,Succinic anhydride modification,D2,N1,0.7,0.3,High,0.8,,,,,,,
YG-SA-D2-N1-R70-30-MH-G20,Yeast Glucan,Succinic anhydride modification,D2,N1,0.7,0.3,High,2,,,,,,,
YG-SA-D2-N1-R70-30-MM-G01,Yeast Glucan,Succinic anhydride modification,D2,N1,0.7,0.3,Medium,0.1,,,,,,,
YG-SA-D2-N1-R70-30-MM-G08,Yeast Glucan,Succinic anhydride modification,D2,N1,0.7,0.3,Medium,0.8,,,,,,,
YG-SA-D2-N1-R70-30-MM-G20,Yeast Glucan,Succinic anhydride modification,D2,N1,0.7,0.3,Medium,2,,,,,,,
YG-SA-D2-N1-R70-30-ML-G01,Yeast Glucan,Succinic anhydride modification,D2,N1,0.7,0.3,Low,0.1,,,,,,,
YG-SA-D2-N1-R70-30-ML-G08,Yeast Glucan,Succinic anhydride modification,D2,N1,0.7,0.3,Low,0.8,,,,,,,
YG-SA-D2-N1-R70-30-ML-G20,Yeast Glucan,Succinic anhydride modification,D2,N1,0.7,0.3,Low,2,,,,,,,
YG-SA-D2-N1-R70-30-MU-G01,Yeast Glucan,Succinic anhydride modification,D2,N1,0.7,0.3,Unspecified,0.1,,,,,,,
YG-SA-D2-N1-R70-30-MU-G08,Yeast Glucan,Succinic anhydride modification,D2,N1,0.7,0.3,Unspecified,0.8,,,,,,,
YG-SA-D2-N1-R70-30-MU-G20,Yeast Glucan,Succinic anhydride modification,D2,N1,0.7,0.3,Unspecified,2,,,,,,,
YG-SA-D2-N1-R50-50-MH-G01,Yeast Glucan,Succinic anhydride modification,D2,N1,0.5,0.5,High,0.1,,,,,,,
YG-SA-D2-N1-R50-50-MH-G08,Yeast Glucan,Succinic anhydride modification,D2,N1,0.5,0.5,High,0.8,,,,,,,
YG-SA-D2-N1-R50-50-MH-G20,Yeast Glucan,Succinic anhydride modification,D2,N1,0.5,0.5,High,2,,,,,,,
YG-SA-D2-N1-R50-50-MM-G01,Yeast Glucan,Succinic anhydride modification,D2,N1,0.5,0.5,Medium,0.1,,,,,,,
YG-SA-D2-N1-R50-50-MM-G08,Yeast Glucan,Succinic anhydride modification,D2,N1,0.5,0.5,Medium,0.8,,,,,,,
YG-SA-D2-N1-R50-50-MM-G20,Yeast Glucan,Succinic anhydride modification,D2,N1,0.5,0.5,Medium,2,,,,,,,
YG-SA-D2-N1-R50-50-ML-G01,Yeast Glucan,Succinic anhydride modification,D2,N1,0.5,0.5,Low,0.1,,,,,,,
YG-SA-D2-N1-R50-50-ML-G08,Yeast Glucan,Succinic anhydride modification,D2,N1,0.5,0.5,Low,0.8,,,,,,,
YG-SA-D2-N1-R50-50-ML-G20,Yeast Glucan,Succinic anhydride modification,D2,N1,0.5,0.5,Low,2,,,,,,,
YG-SA-D2-N1-R50-50-MU-G01,Yeast Glucan,Succinic anhydride modification,D2,N1,0.5,0.5,Unspecified,0.1,,,,,,,
YG-SA-D2-N1-R50-50-MU-G08,Yeast Glucan,Succinic anhydride modification,D2,N1,0.5,0.5,Unspecified,0.8,,,,,,,
YG-SA-D2-N1-R50-50-MU-G20,Yeast Glucan,Succinic anhydride modification,D2,N1,0.5,0.5,Unspecified,2,,,,,,,
YG-SA-D2-N2-R90-10-MH-G01,Yeast Glucan,Succinic anhydride modification,D2,N2,0.9,0.1,High,0.1,,,,,,,
YG-SA-D2-N2-R90-10-MH-G08,Yeast Glucan,Succinic anhydride modification,D2,N2,0.9,0.1,High,0.8,,,,,,,
YG-SA-D2-N2-R90-10-MH-G20,Yeast Glucan,Succinic anhydride modification,D2,N2,0.9,0.1,High,2,,,,,,,
YG-SA-D2-N2-R90-10-MM-G01,Yeast Glucan,Succinic anhydride modification,D2,N2,0.9,0.1,Medium,0.1,,,,,,,
YG-SA-D2-N2-R90-10-MM-G08,Yeast Glucan,Succinic anhydride modification,D2,N2,0.9,0.1,Medium,0.8,,,,,,,
YG-SA-D2-N2-R90-10-MM-G20,Yeast Glucan,Succinic anhydride modification,D2,N2,0.9,0.1,Medium,2,,,,,,,
YG-SA-D2-N2-R90-10-ML-G01,Yeast Glucan,Succinic anhydride modification,D2,N2,0.9,0.1,Low,0.1,,,,,,,
YG-SA-D2-N2-R90-10-ML-G08,Yeast Glucan,Succinic anhydride modification,D2,N2,0.9,0.1,Low,0.8,,,,,,,
YG-SA-D2-N2-R90-10-ML-G20,Yeast Glucan,Succinic anhydride modification,D2,N2,0.9,0.1,Low,2,,,,,,,
YG-SA-D2-N2-R90-10-MU-G01,Yeast Glucan,Succinic anhydride modification,D2,N2,0.9,0.1,Unspecified,0.1,,,,,,,
YG-SA-D2-N2-R90-10-MU-G08,Yeast Glucan,Succinic anhydride modification,D2,N2,0.9,0.1,Unspecified,0.8,,,,,,,
YG-SA-D2-N2-R90-10-MU-G20,Yeast Glucan,Succinic anhydride modification,D2,N2,0.9,0.1,Unspecified,2,,,,,,,
YG-SA-D2-N2-R70-30-MH-G01,Yeast Glucan,Succinic anhydride modification,D2,N2,0.7,0.3,High,0.1,,,,,,,
YG-SA-D2-N2-R70-30-MH-G08,Yeast Glucan,Succinic anhydride modification,D2,N2,0.7,0.3,High,0.8,,,,,,,
YG-SA-D2-N2-R70-30-MH-G20,Yeast Glucan,Succinic anhydride modification,D2,N2,0.7,0.3,High,2,,,,,,,
YG-SA-D2-N2-R70-30-MM-G01,Yeast Glucan,Succinic anhydride modification,D2,N2,0.7,0.3,Medium,0.1,,,,,,,
YG-SA-D2-N2-R70-30-MM-G08,Yeast Glucan,Succinic anhydride modification,D2,N2,0.7,0.3,Medium,0.8,,,,,,,
YG-SA-D2-N2-R70-30-MM-G20,Yeast Glucan,Succinic anhydride modification,D2,N2,0.7,0.3,Medium,2,,,,,,,
YG-SA-D2-N2-R70-30-ML-G01,Yeast Glucan,Succinic anhydride modification,D2,N2,0.7,0.3,Low,0.1,,,,,,,
YG-SA-D2-N2-R70-30-ML-G08,Yeast Glucan,Succinic anhydride modification,D2,N2,0.7,0.3,Low,0.8,,,,,,,
YG-SA-D2-N2-R70-30-ML-G20,Yeast Glucan,Succinic anhydride modification,D2,N2,0.7,0.3,Low,2,,,,,,,
YG-SA-D2-N2-R70-30-MU-G01,Yeast Glucan,Succinic anhydride modification,D2,N2,0.7,0.3,Unspecified,0.1,,,,,,,
YG-SA-D2-N2-R70-30-MU-G08,Yeast Glucan,Succinic anhydride modification,D2,N2,0.7,0.3,Unspecified,0.8,,,,,,,
YG-SA-D2-N2-R70-30-MU-G20,Yeast Glucan,Succinic anhydride modification,D2,N2,0.7,0.3,Unspecified,2,,,,,,,
YG-SA-D2-N2-R50-50-MH-G01,Yeast Glucan,Succinic anhydride modification,D2,N2,0.5,0.5,High,0.1,,,,,,,
YG-SA-D2-N2-R50-50-MH-G08,Yeast Glucan,Succinic anhydride modification,D2,N2,0.5,0.5,High,0.8,,,,,,,
YG-SA-D2-N2-R50-50-MH-G20,Yeast Glucan,Succinic anhydride modification,D2,N2,0.5,0.5,High,2,,,,,,,
YG-SA-D2-N2-R50-50-MM-G01,Yeast Glucan,Succinic anhydride modification,D2,N2,0.5,0.5,Medium,0.1,,,,,,,
YG-SA-D2-N2-R50-50-MM-G08,Yeast Glucan,Succinic anhydride modification,D2,N2,0.5,0.5,Medium,0.8,,,,,,,
YG-SA-D2-N2-R50-50-MM-G20,Yeast Glucan,Succinic anhydride modification,D2,N2,0.5,0.5,Medium,2,,,,,,,
YG-SA-D2-N2-R50-50-ML-G01,Yeast Glucan,Succinic anhydride modification,D2,N2,0.5,0.5,Low,0.1,,,,,,,
YG-SA-D2-N2-R50-50-ML-G08,Yeast Glucan,Succinic anhydride modification,D2,N2,0.5,0.5,Low,0.8,,,,,,,
YG-SA-D2-N2-R50-50-ML-G20,Yeast Glucan,Succinic anhydride modification,D2,N2,0.5,0.5,Low,2,,,,,,,
YG-SA-D2-N2-R50-50-MU-G01,Yeast Glucan,Succinic anhydride modification,D2,N2,0.5,0.5,Unspecified,0.1,,,,,,,
YG-SA-D2-N2-R50-50-MU-G08,Yeast Glucan,Succinic anhydride modification,D2,N2,0.5,0.5,Unspecified,0.8,,,,,,,
YG-SA-D2-N2-R50-50-MU-G20,Yeast Glucan,Succinic anhydride modification,D2,N2,0.5,0.5,Unspecified,2,,,,,,,
YG-SA-D2-N3-R90-10-MH-G01,Yeast Glucan,Succinic anhydride modification,D2,N3,0.9,0.1,High,0.1,,,,,,,
YG-SA-D2-N3-R90-10-MH-G08,Yeast Glucan,Succinic anhydride modification,D2,N3,0.9,0.1,High,0.8,,,,,,,
YG-SA-D2-N3-R90-10-MH-G20,Yeast Glucan,Succinic anhydride modification,D2,N3,0.9,0.1,High,2,,,,,,,
YG-SA-D2-N3-R90-10-MM-G01,Yeast Glucan,Succinic anhydride modification,D2,N3,0.9,0.1,Medium,0.1,,,,,,,
YG-SA-D2-N3-R90-10-MM-G08,Yeast Glucan,Succinic anhydride modification,D2,N3,0.9,0.1,Medium,0.8,,,,,,,
YG-SA-D2-N3-R90-10-MM-G20,Yeast Glucan,Succinic anhydride modification,D2,N3,0.9,0.1,Medium,2,,,,,,,
YG-SA-D2-N3-R90-10-ML-G01,Yeast Glucan,Succinic anhydride modification,D2,N3,0.9,0.1,Low,0.1,,,,,,,
YG-SA-D2-N3-R90-10-ML-G08,Yeast Glucan,Succinic anhydride modification,D2,N3,0.9,0.1,Low,0.8,,,,,,,
YG-SA-D2-N3-R90-10-ML-G20,Yeast Glucan,Succinic anhydride modification,D2,N3,0.9,0.1,Low,2,,,,,,,
YG-SA-D2-N3-R90-10-MU-G01,Yeast Glucan,Succinic anhydride modification,D2,N3,0.9,0.1,Unspecified,0.1,,,,,,,
YG-SA-D2-N3-R90-10-MU-G08,Yeast Glucan,Succinic anhydride modification,D2,N3,0.9,0.1,Unspecified,0.8,,,,,,,
YG-SA-D2-N3-R90-10-MU-G20,Yeast Glucan,Succinic anhydride modification,D2,N3,0.9,0.1,Unspecified,2,,,,,,,
YG-SA-D2-N3-R70-30-MH-G01,Yeast Glucan,Succinic anhydride modification,D2,N3,0.7,0.3,High,0.1,,,,,,,
YG-SA-D2-N3-R70-30-MH-G08,Yeast Glucan,Succinic anhydride modification,D2,N3,0.7,0.3,High,0.8,,,,,,,
YG-SA-D2-N3-R70-30-MH-G20,Yeast Glucan,Succinic anhydride modification,D2,N3,0.7,0.3,High,2,,,,,,,
YG-SA-D2-N3-R70-30-MM-G01,Yeast Glucan,Succinic anhydride modification,D2,N3,0.7,0.3,Medium,0.1,,,,,,,
YG-SA-D2-N3-R70-30-MM-G08,Yeast Glucan,Succinic anhydride modification,D2,N3,0.7,0.3,Medium,0.8,,,,,,,
YG-SA-D2-N3-R70-30-MM-G20,Yeast Glucan,Succinic anhydride modification,D2,N3,0.7,0.3,Medium,2,,,,,,,
YG-SA-D2-N3-R70-30-ML-G01,Yeast Glucan,Succinic anhydride modification,D2,N3,0.7,0.3,Low,0.1,,,,,,,
YG-SA-D2-N3-R70-30-ML-G08,Yeast Glucan,Succinic anhydride modification,D2,N3,0.7,0.3,Low,0.8,,,,,,,
YG-SA-D2-N3-R70-30-ML-G20,Yeast Glucan,Succinic anhydride modification,D2,N3,0.7,0.3,Low,2,,,,,,,
YG-SA-D2-N3-R70-30-MU-G01,Yeast Glucan,Succinic anhydride modification,D2,N3,0.7,0.3,Unspecified,0.1,,,,,,,
YG-SA-D2-N3-R70-30-MU-G08,Yeast Glucan,Succinic anhydride modification,D2,N3,0.7,0.3,Unspecified,0.8,,,,,,,
YG-SA-D2-N3-R70-30-MU-G20,Yeast Glucan,Succinic anhydride modification,D2,N3,0.7,0.3,Unspecified,2,,,,,,,
YG-SA-D2-N3-R50-50-MH-G01,Yeast Glucan,Succinic anhydride modification,D2,N3,0.5,0.5,High,0.1,,,,,,,
YG-SA-D2-N3-R50-50-MH-G08,Yeast Glucan,Succinic anhydride modification,D2,N3,0.5,0.5,High,0.8,,,,,,,
YG-SA-D2-N3-R50-50-MH-G20,Yeast Glucan,Succinic anhydride modification,D2,N3,0.5,0.5,High,2,,,,,,,
YG-SA-D2-N3-R50-50-MM-G01,Yeast Glucan,Succinic anhydride modification,D2,N3,0.5,0.5,Medium,0.1,,,,,,,
YG-SA-D2-N3-R50-50-MM-G08,Yeast Glucan,Succinic anhydride modification,D2,N3,0.5,0.5,Medium,0.8,,,,,,,
YG-SA-D2-N3-R50-50-MM-G20,Yeast Glucan,Succinic anhydride modification,D2,N3,0.5,0.5,Medium,2,,,,,,,
YG-SA-D2-N3-R50-50-ML-G01,Yeast Glucan,Succinic anhydride modification,D2,N3,0.5,0.5,Low,0.1,,,,,,,
YG-SA-D2-N3-R50-50-ML-G08,Yeast Glucan,Succinic anhydride modification,D2,N3,0.5,0.5,Low,0.8,,,,,,,
YG-SA-D2-N3-R50-50-ML-G20,Yeast Glucan,Succinic anhydride modification,D2,N3,0.5,0.5,Low,2,,,,,,,
YG-SA-D2-N3-R50-50-MU-G01,Yeast Glucan,Succinic anhydride modification,D2,N3,0.5,0.5,Unspecified,0.1,,,,,,,
YG-SA-D2-N3-R50-50-MU-G08,Yeast Glucan,Succinic anhydride modification,D2,N3,0.5,0.5,Unspecified,0.8,,,,,,,
YG-SA-D2-N3-R50-50-MU-G20,Yeast Glucan,Succinic anhydride modification,D2,N3,0.5,0.5,Unspecified,2,,,,,,,
YG-SA-D2-N4-R90-10-MH-G01,Yeast Glucan,Succinic anhydride modification,D2,N4,0.9,0.1,High,0.1,,,,,,,
YG-SA-D2-N4-R90-10-MH-G08,Yeast Glucan,Succinic anhydride modification,D2,N4,0.9,0.1,High,0.8,,,,,,,
YG-SA-D2-N4-R90-10-MH-G20,Yeast Glucan,Succinic anhydride modification,D2,N4,0.9,0.1,High,2,,,,,,,
YG-SA-D2-N4-R90-10-MM-G01,Yeast Glucan,Succinic anhydride modification,D2,N4,0.9,0.1,Medium,0.1,,,,,,,
YG-SA-D2-N4-R90-10-MM-G08,Yeast Glucan,Succinic anhydride modification,D2,N4,0.9,0.1,Medium,0.8,,,,,,,
YG-SA-D2-N4-R90-10-MM-G20,Yeast Glucan,Succinic anhydride modification,D2,N4,0.9,0.1,Medium,2,,,,,,,
YG-SA-D2-N4-R90-10-ML-G01,Yeast Glucan,Succinic anhydride modification,D2,N4,0.9,0.1,Low,0.1,,,,,,,
YG-SA-D2-N4-R90-10-ML-G08,Yeast Glucan,Succinic anhydride modification,D2,N4,0.9,0.1,Low,0.8,,,,,,,
YG-SA-D2-N4-R90-10-ML-G20,Yeast Glucan,Succinic anhydride modification,D2,N4,0.9,0.1,Low,2,,,,,,,
YG-SA-D2-N4-R90-10-MU-G01,Yeast Glucan,Succinic anhydride modification,D2,N4,0.9,0.1,Unspecified,0.1,,,,,,,
YG-SA-D2-N4-R90-10-MU-G08,Yeast Glucan,Succinic anhydride modification,D2,N4,0.9,0.1,Unspecified,0.8,,,,,,,
YG-SA-D2-N4-R90-10-MU-G20,Yeast Glucan,Succinic anhydride modification,D2,N4,0.9,0.1,Unspecified,2,,,,,,,
YG-SA-D2-N4-R70-30-MH-G01,Yeast Glucan,Succinic anhydride modification,D2,N4,0.7,0.3,High,0.1,,,,,,,
YG-SA-D2-N4-R70-30-MH-G08,Yeast Glucan,Succinic anhydride modification,D2,N4,0.7,0.3,High,0.8,,,,,,,
YG-SA-D2-N4-R70-30-MH-G20,Yeast Glucan,Succinic anhydride modification,D2,N4,0.7,0.3,High,2,,,,,,,
YG-SA-D2-N4-R70-30-MM-G01,Yeast Glucan,Succinic anhydride modification,D2,N4,0.7,0.3,Medium,0.1,,,,,,,
YG-SA-D2-N4-R70-30-MM-G08,Yeast Glucan,Succinic anhydride modification,D2,N4,0.7,0.3,Medium,0.8,,,,,,,
YG-SA-D2-N4-R70-30-MM-G20,Yeast Glucan,Succinic anhydride modification,D2,N4,0.7,0.3,Medium,2,,,,,,,
YG-SA-D2-N4-R70-30-ML-G01,Yeast Glucan,Succinic anhydride modification,D2,N4,0.7,0.3,Low,0.1,,,,,,,
YG-SA-D2-N4-R70-30-ML-G08,Yeast Glucan,Succinic anhydride modification,D2,N4,0.7,0.3,Low,0.8,,,,,,,
YG-SA-D2-N4-R70-30-ML-G20,Yeast Glucan,Succinic anhydride modification,D2,N4,0.7,0.3,Low,2,,,,,,,
YG-SA-D2-N4-R70-30-MU-G01,Yeast Glucan,Succinic anhydride modification,D2,N4,0.7,0.3,Unspecified,0.1,,,,,,,
YG-SA-D2-N4-R70-30-MU-G08,Yeast Glucan,Succinic anhydride modification,D2,N4,0.7,0.3,Unspecified,0.8,,,,,,,
YG-SA-D2-N4-R70-30-MU-G20,Yeast Glucan,Succinic anhydride modification,D2,N4,0.7,0.3,Unspecified,2,,,,,,,
YG-SA-D2-N4-R50-50-MH-G01,Yeast Glucan,Succinic anhydride modification,D2,N4,0.5,0.5,High,0.1,,,,,,,
YG-SA-D2-N4-R50-50-MH-G08,Yeast Glucan,Succinic anhydride modification,D2,N4,0.5,0.5,High,0.8,,,,,,,
YG-SA-D2-N4-R50-50-MH-G20,Yeast Glucan,Succinic anhydride modification,D2,N4,0.5,0.5,High,2,,,,,,,
YG-SA-D2-N4-R50-50-MM-G01,Yeast Glucan,Succinic anhydride modification,D2,N4,0.5,0.5,Medium,0.1,,,,,,,
YG-SA-D2-N4-R50-50-MM-G08,Yeast Glucan,Succinic anhydride modification,D2,N4,0.5,0.5,Medium,0.8,,,,,,,
YG-SA-D2-N4-R50-50-MM-G20,Yeast Glucan,Succinic anhydride modification,D2,N4,0.5,0.5,Medium,2,,,,,,,
YG-SA-D2-N4-R50-50-ML-G01,Yeast Glucan,Succinic anhydride modification,D2,N4,0.5,0.5,Low,0.1,,,,,,,
YG-SA-D2-N4-R50-50-ML-G08,Yeast Glucan,Succinic anhydride modification,D2,N4,0.5,0.5,Low,0.8,,,,,,,
YG-SA-D2-N4-R50-50-ML-G20,Yeast Glucan,Succinic anhydride modification,D2,N4,0.5,0.5,Low,2,,,,,,,
YG-SA-D2-N4-R50-50-MU-G01,Yeast Glucan,Succinic anhydride modification,D2,N4,0.5,0.5,Unspecified,0.1,,,,,,,
YG-SA-D2-N4-R50-50-MU-G08,Yeast Glucan,Succinic anhydride modification,D2,N4,0.5,0.5,Unspecified,0.8,,,,,,,
YG-SA-D2-N4-R50-50-MU-G20,Yeast Glucan,Succinic anhydride modification,D2,N4,0.5,0.5,Unspecified,2,,,,,,,
YG-SA-D2-N5-R90-10-MH-G01,Yeast Glucan,Succinic anhydride modification,D2,N5,0.9,0.1,High,0.1,,,,,,,
YG-SA-D2-N5-R90-10-MH-G08,Yeast Glucan,Succinic anhydride modification,D2,N5,0.9,0.1,High,0.8,,,,,,,
YG-SA-D2-N5-R90-10-MH-G20,Yeast Glucan,Succinic anhydride modification,D2,N5,0.9,0.1,High,2,,,,,,,
YG-SA-D2-N5-R90-10-MM-G01,Yeast Glucan,Succinic anhydride modification,D2,N5,0.9,0.1,Medium,0.1,,,,,,,
YG-SA-D2-N5-R90-10-MM-G08,Yeast Glucan,Succinic anhydride modification,D2,N5,0.9,0.1,Medium,0.8,,,,,,,
YG-SA-D2-N5-R90-10-MM-G20,Yeast Glucan,Succinic anhydride modification,D2,N5,0.9,0.1,Medium,2,,,,,,,
YG-SA-D2-N5-R90-10-ML-G01,Yeast Glucan,Succinic anhydride modification,D2,N5,0.9,0.1,Low,0.1,,,,,,,
YG-SA-D2-N5-R90-10-ML-G08,Yeast Glucan,Succinic anhydride modification,D2,N5,0.9,0.1,Low,0.8,,,,,,,
YG-SA-D2-N5-R90-10-ML-G20,Yeast Glucan,Succinic anhydride modification,D2,N5,0.9,0.1,Low,2,,,,,,,
YG-SA-D2-N5-R90-10-MU-G01,Yeast Glucan,Succinic anhydride modification,D2,N5,0.9,0.1,Unspecified,0.1,,,,,,,
YG-SA-D2-N5-R90-10-MU-G08,Yeast Glucan,Succinic anhydride modification,D2,N5,0.9,0.1,Unspecified,0.8,,,,,,,
YG-SA-D2-N5-R90-10-MU-G20,Yeast Glucan,Succinic anhydride modification,D2,N5,0.9,0.1,Unspecified,2,,,,,,,
YG-SA-D2-N5-R70-30-MH-G01,Yeast Glucan,Succinic anhydride modification,D2,N5,0.7,0.3,High,0.1,,,,,,,
YG-SA-D2-N5-R70-30-MH-G08,Yeast Glucan,Succinic anhydride modification,D2,N5,0.7,0.3,High,0.8,,,,,,,
YG-SA-D2-N5-R70-30-MH-G20,Yeast Glucan,Succinic anhydride modification,D2,N5,0.7,0.3,High,2,,,,,,,
YG-SA-D2-N5-R70-30-MM-G01,Yeast Glucan,Succinic anhydride modification,D2,N5,0.7,0.3,Medium,0.1,,,,,,,
YG-SA-D2-N5-R70-30-MM-G08,Yeast Glucan,Succinic anhydride modification,D2,N5,0.7,0.3,Medium,0.8,,,,,,,
YG-SA-D2-N5-R70-30-MM-G20,Yeast Glucan,Succinic anhydride modification,D2,N5,0.7,0.3,Medium,2,,,,,,,
YG-SA-D2-N5-R70-30-ML-G01,Yeast Glucan,Succinic anhydride modification,D2,N5,0.7,0.3,Low,0.1,,,,,,,
YG-SA-D2-N5-R70-30-ML-G08,Yeast Glucan,Succinic anhydride modification,D2,N5,0.7,0.3,Low,0.8,,,,,,,
YG-SA-D2-N5-R70-30-ML-G20,Yeast Glucan,Succinic anhydride modification,D2,N5,0.7,0.3,Low,2,,,,,,,
YG-SA-D2-N5-R70-30-MU-G01,Yeast Glucan,Succinic anhydride modification,D2,N5,0.7,0.3,Unspecified,0.1,,,,,,,
YG-SA-D2-N5-R70-30-MU-G08,Yeast Glucan,Succinic anhydride modification,D2,N5,0.7,0.3,Unspecified,0.8,,,,,,,
YG-SA-D2-N5-R70-30-MU-G20,Yeast Glucan,Succinic anhydride modification,D2,N5,0.7,0.3,Unspecified,2,,,,,,,
YG-SA-D2-N5-R50-50-MH-G01,Yeast Glucan,Succinic anhydride modification,D2,N5,0.5,0.5,High,0.1,,,,,,,
YG-SA-D2-N5-R50-50-MH-G08,Yeast Glucan,Succinic anhydride modification,D2,N5,0.5,0.5,High,0.8,,,,,,,
YG-SA-D2-N5-R50-50-MH-G20,Yeast Glucan,Succinic anhydride modification,D2,N5,0.5,0.5,High,2,,,,,,,
YG-SA-D2-N5-R50-50-MM-G01,Yeast Glucan,Succinic anhydride modification,D2,N5,0.5,0.5,Medium,0.1,,,,,,,
YG-SA-D2-N5-R50-50-MM-G08,Yeast Glucan,Succinic anhydride modification,D2,N5,0.5,0.5,Medium,0.8,,,,,,,
YG-SA-D2-N5-R50-50-MM-G20,Yeast Glucan,Succinic anhydride modification,D2,N5,0.5,0.5,Medium,2,,,,,,,
YG-SA-D2-N5-R50-50-ML-G01,Yeast Glucan,Succinic anhydride modification,D2,N5,0.5,0.5,Low,0.1,,,,,,,
YG-SA-D2-N5-R50-50-ML-G08,Yeast Glucan,Succinic anhydride modification,D2,N5,0.5,0.5,Low,0.8,,,,,,,
YG-SA-D2-N5-R50-50-ML-G20,Yeast Glucan,Succinic anhydride modification,D2,N5,0.5,0.5,Low,2,,,,,,,
YG-SA-D2-N5-R50-50-MU-G01,Yeast Glucan,Succinic anhydride modification,D2,N5,0.5,0.5,Unspecified,0.1,,,,,,,
YG-SA-D2-N5-R50-50-MU-G08,Yeast Glucan,Succinic anhydride modification,D2,N5,0.5,0.5,Unspecified,0.8,,,,,,,
YG-SA-D2-N5-R50-50-MU-G20,Yeast Glucan,Succinic anhydride modification,D2,N5,0.5,0.5,Unspecified,2,,,,,,,
YG-SA-D2-N6-R90-10-MH-G01,Yeast Glucan,Succinic anhydride modification,D2,N6,0.9,0.1,High,0.1,,,,,,,
YG-SA-D2-N6-R90-10-MH-G08,Yeast Glucan,Succinic anhydride modification,D2,N6,0.9,0.1,High,0.8,,,,,,,
YG-SA-D2-N6-R90-10-MH-G20,Yeast Glucan,Succinic anhydride modification,D2,N6,0.9,0.1,High,2,,,,,,,
YG-SA-D2-N6-R90-10-MM-G01,Yeast Glucan,Succinic anhydride modification,D2,N6,0.9,0.1,Medium,0.1,,,,,,,
YG-SA-D2-N6-R90-10-MM-G08,Yeast Glucan,Succinic anhydride modification,D2,N6,0.9,0.1,Medium,0.8,,,,,,,
YG-SA-D2-N6-R90-10-MM-G20,Yeast Glucan,Succinic anhydride modification,D2,N6,0.9,0.1,Medium,2,,,,,,,
YG-SA-D2-N6-R90-10-ML-G01,Yeast Glucan,Succinic anhydride modification,D2,N6,0.9,0.1,Low,0.1,,,,,,,
YG-SA-D2-N6-R90-10-ML-G08,Yeast Glucan,Succinic anhydride modification,D2,N6,0.9,0.1,Low,0.8,,,,,,,
YG-SA-D2-N6-R90-10-ML-G20,Yeast Glucan,Succinic anhydride modification,D2,N6,0.9,0.1,Low,2,,,,,,,
YG-SA-D2-N6-R90-10-MU-G01,Yeast Glucan,Succinic anhydride modification,D2,N6,0.9,0.1,Unspecified,0.1,,,,,,,
YG-SA-D2-N6-R90-10-MU-G08,Yeast Glucan,Succinic anhydride modification,D2,N6,0.9,0.1,Unspecified,0.8,,,,,,,
YG-SA-D2-N6-R90-10-MU-G20,Yeast Glucan,Succinic anhydride modification,D2,N6,0.9,0.1,Unspecified,2,,,,,,,
YG-SA-D2-N6-R70-30-MH-G01,Yeast Glucan,Succinic anhydride modification,D2,N6,0.7,0.3,High,0.1,,,,,,,
YG-SA-D2-N6-R70-30-MH-G08,Yeast Glucan,Succinic anhydride modification,D2,N6,0.7,0.3,High,0.8,,,,,,,
YG-SA-D2-N6-R70-30-MH-G20,Yeast Glucan,Succinic anhydride modification,D2,N6,0.7,0.3,High,2,,,,,,,
YG-SA-D2-N6-R70-30-MM-G01,Yeast Glucan,Succinic anhydride modification,D2,N6,0.7,0.3,Medium,0.1,,,,,,,
YG-SA-D2-N6-R70-30-MM-G08,Yeast Glucan,Succinic anhydride modification,D2,N6,0.7,0.3,Medium,0.8,,,,,,,
YG-SA-D2-N6-R70-30-MM-G20,Yeast Glucan,Succinic anhydride modification,D2,N6,0.7,0.3,Medium,2,,,,,,,
YG-SA-D2-N6-R70-30-ML-G01,Yeast Glucan,Succinic anhydride modification,D2,N6,0.7,0.3,Low,0.1,,,,,,,
YG-SA-D2-N6-R70-30-ML-G08,Yeast Glucan,Succinic anhydride modification,D2,N6,0.7,0.3,Low,0.8,,,,,,,
YG-SA-D2-N6-R70-30-ML-G20,Yeast Glucan,Succinic anhydride modification,D2,N6,0.7,0.3,Low,2,,,,,,,
YG-SA-D2-N6-R70-30-MU-G01,Yeast Glucan,Succinic anhydride modification,D2,N6,0.7,0.3,Unspecified,0.1,,,,,,,
YG-SA-D2-N6-R70-30-MU-G08,Yeast Glucan,Succinic anhydride modification,D2,N6,0.7,0.3,Unspecified,0.8,,,,,,,
YG-SA-D2-N6-R70-30-MU-G20,Yeast Glucan,Succinic anhydride modification,D2,N6,0.7,0.3,Unspecified,2,,,,,,,
YG-SA-D2-N6-R50-50-MH-G01,Yeast Glucan,Succinic anhydride modification,D2,N6,0.5,0.5,High,0.1,,,,,,,
YG-SA-D2-N6-R50-50-MH-G08,Yeast Glucan,Succinic anhydride modification,D2,N6,0.5,0.5,High,0.8,,,,,,,
YG-SA-D2-N6-R50-50-MH-G20,Yeast Glucan,Succinic anhydride modification,D2,N6,0.5,0.5,High,2,,,,,,,
YG-SA-D2-N6-R50-50-MM-G01,Yeast Glucan,Succinic anhydride modification,D2,N6,0.5,0.5,Medium,0.1,,,,,,,
YG-SA-D2-N6-R50-50-MM-G08,Yeast Glucan,Succinic anhydride modification,D2,N6,0.5,0.5,Medium,0.8,,,,,,,
YG-SA-D2-N6-R50-50-MM-G20,Yeast Glucan,Succinic anhydride modification,D2,N6,0.5,0.5,Medium,2,,,,,,,
YG-SA-D2-N6-R50-50-ML-G01,Yeast Glucan,Succinic anhydride modification,D2,N6,0.5,0.5,Low,0.1,,,,,,,
YG-SA-D2-N6-R50-50-ML-G08,Yeast Glucan,Succinic anhydride modification,D2,N6,0.5,0.5,Low,0.8,,,,,,,
YG-SA-D2-N6-R50-50-ML-G20,Yeast Glucan,Succinic anhydride modification,D2,N6,0.5,0.5,Low,2,,,,,,,
YG-SA-D2-N6-R50-50-MU-G01,Yeast Glucan,Succinic anhydride modification,D2,N6,0.5,0.5,Unspecified,0.1,,,,,,,
YG-SA-D2-N6-R50-50-MU-G08,Yeast Glucan,Succinic anhydride modification,D2,N6,0.5,0.5,Unspecified,0.8,,,,,,,
YG-SA-D2-N6-R50-50-MU-G20,Yeast Glucan,Succinic anhydride modification,D2,N6,0.5,0.5,Unspecified,2,,,,,,,
YG-SA-D3-N1-R90-10-MH-G01,Yeast Glucan,Succinic anhydride modification,D3,N1,0.9,0.1,High,0.1,,,,,,,
YG-SA-D3-N1-R90-10-MH-G08,Yeast Glucan,Succinic anhydride modification,D3,N1,0.9,0.1,High,0.8,,,,,,,
YG-SA-D3-N1-R90-10-MH-G20,Yeast Glucan,Succinic anhydride modification,D3,N1,0.9,0.1,High,2,,,,,,,
YG-SA-D3-N1-R90-10-MM-G01,Yeast Glucan,Succinic anhydride modification,D3,N1,0.9,0.1,Medium,0.1,,,,,,,
YG-SA-D3-N1-R90-10-MM-G08,Yeast Glucan,Succinic anhydride modification,D3,N1,0.9,0.1,Medium,0.8,,,,,,,
YG-SA-D3-N1-R90-10-MM-G20,Yeast Glucan,Succinic anhydride modification,D3,N1,0.9,0.1,Medium,2,,,,,,,
YG-SA-D3-N1-R90-10-ML-G01,Yeast Glucan,Succinic anhydride modification,D3,N1,0.9,0.1,Low,0.1,,,,,,,
YG-SA-D3-N1-R90-10-ML-G08,Yeast Glucan,Succinic anhydride modification,D3,N1,0.9,0.1,Low,0.8,,,,,,,
YG-SA-D3-N1-R90-10-ML-G20,Yeast Glucan,Succinic anhydride modification,D3,N1,0.9,0.1,Low,2,,,,,,,
YG-SA-D3-N1-R90-10-MU-G01,Yeast Glucan,Succinic anhydride modification,D3,N1,0.9,0.1,Unspecified,0.1,,,,,,,
YG-SA-D3-N1-R90-10-MU-G08,Yeast Glucan,Succinic anhydride modification,D3,N1,0.9,0.1,Unspecified,0.8,,,,,,,
YG-SA-D3-N1-R90-10-MU-G20,Yeast Glucan,Succinic anhydride modification,D3,N1,0.9,0.1,Unspecified,2,,,,,,,
YG-SA-D3-N1-R70-30-MH-G01,Yeast Glucan,Succinic anhydride modification,D3,N1,0.7,0.3,High,0.1,,,,,,,
YG-SA-D3-N1-R70-30-MH-G08,Yeast Glucan,Succinic anhydride modification,D3,N1,0.7,0.3,High,0.8,,,,,,,
YG-SA-D3-N1-R70-30-MH-G20,Yeast Glucan,Succinic anhydride modification,D3,N1,0.7,0.3,High,2,,,,,,,
YG-SA-D3-N1-R70-30-MM-G01,Yeast Glucan,Succinic anhydride modification,D3,N1,0.7,0.3,Medium,0.1,,,,,,,
YG-SA-D3-N1-R70-30-MM-G08,Yeast Glucan,Succinic anhydride modification,D3,N1,0.7,0.3,Medium,0.8,,,,,,,
YG-SA-D3-N1-R70-30-MM-G20,Yeast Glucan,Succinic anhydride modification,D3,N1,0.7,0.3,Medium,2,,,,,,,
YG-SA-D3-N1-R70-30-ML-G01,Yeast Glucan,Succinic anhydride modification,D3,N1,0.7,0.3,Low,0.1,,,,,,,
YG-SA-D3-N1-R70-30-ML-G08,Yeast Glucan,Succinic anhydride modification,D3,N1,0.7,0.3,Low,0.8,,,,,,,
YG-SA-D3-N1-R70-30-ML-G20,Yeast Glucan,Succinic anhydride modification,D3,N1,0.7,0.3,Low,2,,,,,,,
YG-SA-D3-N1-R70-30-MU-G01,Yeast Glucan,Succinic anhydride modification,D3,N1,0.7,0.3,Unspecified,0.1,,,,,,,
YG-SA-D3-N1-R70-30-MU-G08,Yeast Glucan,Succinic anhydride modification,D3,N1,0.7,0.3,Unspecified,0.8,,,,,,,
YG-SA-D3-N1-R70-30-MU-G20,Yeast Glucan,Succinic anhydride modification,D3,N1,0.7,0.3,Unspecified,2,,,,,,,
YG-SA-D3-N1-R50-50-MH-G01,Yeast Glucan,Succinic anhydride modification,D3,N1,0.5,0.5,High,0.1,,,,,,,
YG-SA-D3-N1-R50-50-MH-G08,Yeast Glucan,Succinic anhydride modification,D3,N1,0.5,0.5,High,0.8,,,,,,,
YG-SA-D3-N1-R50-50-MH-G20,Yeast Glucan,Succinic anhydride modification,D3,N1,0.5,0.5,High,2,,,,,,,
YG-SA-D3-N1-R50-50-MM-G01,Yeast Glucan,Succinic anhydride modification,D3,N1,0.5,0.5,Medium,0.1,,,,,,,
YG-SA-D3-N1-R50-50-MM-G08,Yeast Glucan,Succinic anhydride modification,D3,N1,0.5,0.5,Medium,0.8,,,,,,,
YG-SA-D3-N1-R50-50-MM-G20,Yeast Glucan,Succinic anhydride modification,D3,N1,0.5,0.5,Medium,2,,,,,,,
YG-SA-D3-N1-R50-50-ML-G01,Yeast Glucan,Succinic anhydride modification,D3,N1,0.5,0.5,Low,0.1,,,,,,,
YG-SA-D3-N1-R50-50-ML-G08,Yeast Glucan,Succinic anhydride modification,D3,N1,0.5,0.5,Low,0.8,,,,,,,
YG-SA-D3-N1-R50-50-ML-G20,Yeast Glucan,Succinic anhydride modification,D3,N1,0.5,0.5,Low,2,,,,,,,
YG-SA-D3-N1-R50-50-MU-G01,Yeast Glucan,Succinic anhydride modification,D3,N1,0.5,0.5,Unspecified,0.1,,,,,,,
YG-SA-D3-N1-R50-50-MU-G08,Yeast Glucan,Succinic anhydride modification,D3,N1,0.5,0.5,Unspecified,0.8,,,,,,,
YG-SA-D3-N1-R50-50-MU-G20,Yeast Glucan,Succinic anhydride modification,D3,N1,0.5,0.5,Unspecified,2,,,,,,,
YG-SA-D3-N2-R90-10-MH-G01,Yeast Glucan,Succinic anhydride modification,D3,N2,0.9,0.1,High,0.1,,,,,,,
YG-SA-D3-N2-R90-10-MH-G08,Yeast Glucan,Succinic anhydride modification,D3,N2,0.9,0.1,High,0.8,,,,,,,
YG-SA-D3-N2-R90-10-MH-G20,Yeast Glucan,Succinic anhydride modification,D3,N2,0.9,0.1,High,2,,,,,,,
YG-SA-D3-N2-R90-10-MM-G01,Yeast Glucan,Succinic anhydride modification,D3,N2,0.9,0.1,Medium,0.1,,,,,,,
YG-SA-D3-N2-R90-10-MM-G08,Yeast Glucan,Succinic anhydride modification,D3,N2,0.9,0.1,Medium,0.8,,,,,,,
YG-SA-D3-N2-R90-10-MM-G20,Yeast Glucan,Succinic anhydride modification,D3,N2,0.9,0.1,Medium,2,,,,,,,
YG-SA-D3-N2-R90-10-ML-G01,Yeast Glucan,Succinic anhydride modification,D3,N2,0.9,0.1,Low,0.1,,,,,,,
YG-SA-D3-N2-R90-10-ML-G08,Yeast Glucan,Succinic anhydride modification,D3,N2,0.9,0.1,Low,0.8,,,,,,,
YG-SA-D3-N2-R90-10-ML-G20,Yeast Glucan,Succinic anhydride modification,D3,N2,0.9,0.1,Low,2,,,,,,,
YG-SA-D3-N2-R90-10-MU-G01,Yeast Glucan,Succinic anhydride modification,D3,N2,0.9,0.1,Unspecified,0.1,,,,,,,
YG-SA-D3-N2-R90-10-MU-G08,Yeast Glucan,Succinic anhydride modification,D3,N2,0.9,0.1,Unspecified,0.8,,,,,,,
YG-SA-D3-N2-R90-10-MU-G20,Yeast Glucan,Succinic anhydride modification,D3,N2,0.9,0.1,Unspecified,2,,,,,,,
YG-SA-D3-N2-R70-30-MH-G01,Yeast Glucan,Succinic anhydride modification,D3,N2,0.7,0.3,High,0.1,,,,,,,
YG-SA-D3-N2-R70-30-MH-G08,Yeast Glucan,Succinic anhydride modification,D3,N2,0.7,0.3,High,0.8,,,,,,,
YG-SA-D3-N2-R70-30-MH-G20,Yeast Glucan,Succinic anhydride modification,D3,N2,0.7,0.3,High,2,,,,,,,
YG-SA-D3-N2-R70-30-MM-G01,Yeast Glucan,Succinic anhydride modification,D3,N2,0.7,0.3,Medium,0.1,,,,,,,
YG-SA-D3-N2-R70-30-MM-G08,Yeast Glucan,Succinic anhydride modification,D3,N2,0.7,0.3,Medium,0.8,,,,,,,
YG-SA-D3-N2-R70-30-MM-G20,Yeast Glucan,Succinic anhydride modification,D3,N2,0.7,0.3,Medium,2,,,,,,,
YG-SA-D3-N2-R70-30-ML-G01,Yeast Glucan,Succinic anhydride modification,D3,N2,0.7,0.3,Low,0.1,,,,,,,
YG-SA-D3-N2-R70-30-ML-G08,Yeast Glucan,Succinic anhydride modification,D3,N2,0.7,0.3,Low,0.8,,,,,,,
YG-SA-D3-N2-R70-30-ML-G20,Yeast Glucan,Succinic anhydride modification,D3,N2,0.7,0.3,Low,2,,,,,,,
YG-SA-D3-N2-R70-30-MU-G01,Yeast Glucan,Succinic anhydride modification,D3,N2,0.7,0.3,Unspecified,0.1,,,,,,,
YG-SA-D3-N2-R70-30-MU-G08,Yeast Glucan,Succinic anhydride modification,D3,N2,0.7,0.3,Unspecified,0.8,,,,,,,
YG-SA-D3-N2-R70-30-MU-G20,Yeast Glucan,Succinic anhydride modification,D3,N2,0.7,0.3,Unspecified,2,,,,,,,
YG-SA-D3-N2-R50-50-MH-G01,Yeast Glucan,Succinic anhydride modification,D3,N2,0.5,0.5,High,0.1,,,,,,,
YG-SA-D3-N2-R50-50-MH-G08,Yeast Glucan,Succinic anhydride modification,D3,N2,0.5,0.5,High,0.8,,,,,,,
YG-SA-D3-N2-R50-50-MH-G20,Yeast Glucan,Succinic anhydride modification,D3,N2,0.5,0.5,High,2,,,,,,,
YG-SA-D3-N2-R50-50-MM-G01,Yeast Glucan,Succinic anhydride modification,D3,N2,0.5,0.5,Medium,0.1,,,,,,,
YG-SA-D3-N2-R50-50-MM-G08,Yeast Glucan,Succinic anhydride modification,D3,N2,0.5,0.5,Medium,0.8,,,,,,,
YG-SA-D3-N2-R50-50-MM-G20,Yeast Glucan,Succinic anhydride modification,D3,N2,0.5,0.5,Medium,2,,,,,,,
YG-SA-D3-N2-R50-50-ML-G01,Yeast Glucan,Succinic anhydride modification,D3,N2,0.5,0.5,Low,0.1,,,,,,,
YG-SA-D3-N2-R50-50-ML-G08,Yeast Glucan,Succinic anhydride modification,D3,N2,0.5,0.5,Low,0.8,,,,,,,
YG-SA-D3-N2-R50-50-ML-G20,Yeast Glucan,Succinic anhydride modification,D3,N2,0.5,0.5,Low,2,,,,,,,
YG-SA-D3-N2-R50-50-MU-G01,Yeast Glucan,Succinic anhydride modification,D3,N2,0.5,0.5,Unspecified,0.1,,,,,,,
YG-SA-D3-N2-R50-50-MU-G08,Yeast Glucan,Succinic anhydride modification,D3,N2,0.5,0.5,Unspecified,0.8,,,,,,,
YG-SA-D3-N2-R50-50-MU-G20,Yeast Glucan,Succinic anhydride modification,D3,N2,0.5,0.5,Unspecified,2,,,,,,,
YG-SA-D3-N3-R90-10-MH-G01,Yeast Glucan,Succinic anhydride modification,D3,N3,0.9,0.1,High,0.1,,,,,,,
YG-SA-D3-N3-R90-10-MH-G08,Yeast Glucan,Succinic anhydride modification,D3,N3,0.9,0.1,High,0.8,,,,,,,
YG-SA-D3-N3-R90-10-MH-G20,Yeast Glucan,Succinic anhydride modification,D3,N3,0.9,0.1,High,2,,,,,,,
YG-SA-D3-N3-R90-10-MM-G01,Yeast Glucan,Succinic anhydride modification,D3,N3,0.9,0.1,Medium,0.1,,,,,,,
YG-SA-D3-N3-R90-10-MM-G08,Yeast Glucan,Succinic anhydride modification,D3,N3,0.9,0.1,Medium,0.8,,,,,,,
YG-SA-D3-N3-R90-10-MM-G20,Yeast Glucan,Succinic anhydride modification,D3,N3,0.9,0.1,Medium,2,,,,,,,
YG-SA-D3-N3-R90-10-ML-G01,Yeast Glucan,Succinic anhydride modification,D3,N3,0.9,0.1,Low,0.1,,,,,,,
YG-SA-D3-N3-R90-10-ML-G08,Yeast Glucan,Succinic anhydride modification,D3,N3,0.9,0.1,Low,0.8,,,,,,,
YG-SA-D3-N3-R90-10-ML-G20,Yeast Glucan,Succinic anhydride modification,D3,N3,0.9,0.1,Low,2,,,,,,,
YG-SA-D3-N3-R90-10-MU-G01,Yeast Glucan,Succinic anhydride modification,D3,N3,0.9,0.1,Unspecified,0.1,,,,,,,
YG-SA-D3-N3-R90-10-MU-G08,Yeast Glucan,Succinic anhydride modification,D3,N3,0.9,0.1,Unspecified,0.8,,,,,,,
YG-SA-D3-N3-R90-10-MU-G20,Yeast Glucan,Succinic anhydride modification,D3,N3,0.9,0.1,Unspecified,2,,,,,,,
YG-SA-D3-N3-R70-30-MH-G01,Yeast Glucan,Succinic anhydride modification,D3,N3,0.7,0.3,High,0.1,,,,,,,
YG-SA-D3-N3-R70-30-MH-G08,Yeast Glucan,Succinic anhydride modification,D3,N3,0.7,0.3,High,0.8,,,,,,,
YG-SA-D3-N3-R70-30-MH-G20,Yeast Glucan,Succinic anhydride modification,D3,N3,0.7,0.3,High,2,,,,,,,
YG-SA-D3-N3-R70-30-MM-G01,Yeast Glucan,Succinic anhydride modification,D3,N3,0.7,0.3,Medium,0.1,,,,,,,
YG-SA-D3-N3-R70-30-MM-G08,Yeast Glucan,Succinic anhydride modification,D3,N3,0.7,0.3,Medium,0.8,,,,,,,
YG-SA-D3-N3-R70-30-MM-G20,Yeast Glucan,Succinic anhydride modification,D3,N3,0.7,0.3,Medium,2,,,,,,,
YG-SA-D3-N3-R70-30-ML-G01,Yeast Glucan,Succinic anhydride modification,D3,N3,0.7,0.3,Low,0.1,,,,,,,
YG-SA-D3-N3-R70-30-ML-G08,Yeast Glucan,Succinic anhydride modification,D3,N3,0.7,0.3,Low,0.8,,,,,,,
YG-SA-D3-N3-R70-30-ML-G20,Yeast Glucan,Succinic anhydride modification,D3,N3,0.7,0.3,Low,2,,,,,,,
YG-SA-D3-N3-R70-30-MU-G01,Yeast Glucan,Succinic anhydride modification,D3,N3,0.7,0.3,Unspecified,0.1,,,,,,,
YG-SA-D3-N3-R70-30-MU-G08,Yeast Glucan,Succinic anhydride modification,D3,N3,0.7,0.3,Unspecified,0.8,,,,,,,
YG-SA-D3-N3-R70-30-MU-G20,Yeast Glucan,Succinic anhydride modification,D3,N3,0.7,0.3,Unspecified,2,,,,,,,
YG-SA-D3-N3-R50-50-MH-G01,Yeast Glucan,Succinic anhydride modification,D3,N3,0.5,0.5,High,0.1,,,,,,,
YG-SA-D3-N3-R50-50-MH-G08,Yeast Glucan,Succinic anhydride modification,D3,N3,0.5,0.5,High,0.8,,,,,,,
YG-SA-D3-N3-R50-50-MH-G20,Yeast Glucan,Succinic anhydride modification,D3,N3,0.5,0.5,High,2,,,,,,,
YG-SA-D3-N3-R50-50-MM-G01,Yeast Glucan,Succinic anhydride modification,D3,N3,0.5,0.5,Medium,0.1,,,,,,,
YG-SA-D3-N3-R50-50-MM-G08,Yeast Glucan,Succinic anhydride modification,D3,N3,0.5,0.5,Medium,0.8,,,,,,,
YG-SA-D3-N3-R50-50-MM-G20,Yeast Glucan,Succinic anhydride modification,D3,N3,0.5,0.5,Medium,2,,,,,,,
YG-SA-D3-N3-R50-50-ML-G01,Yeast Glucan,Succinic anhydride modification,D3,N3,0.5,0.5,Low,0.1,,,,,,,
YG-SA-D3-N3-R50-50-ML-G08,Yeast Glucan,Succinic anhydride modification,D3,N3,0.5,0.5,Low,0.8,,,,,,,
YG-SA-D3-N3-R50-50-ML-G20,Yeast Glucan,Succinic anhydride modification,D3,N3,0.5,0.5,Low,2,,,,,,,
YG-SA-D3-N3-R50-50-MU-G01,Yeast Glucan,Succinic anhydride modification,D3,N3,0.5,0.5,Unspecified,0.1,,,,,,,
YG-SA-D3-N3-R50-50-MU-G08,Yeast Glucan,Succinic anhydride modification,D3,N3,0.5,0.5,Unspecified,0.8,,,,,,,
YG-SA-D3-N3-R50-50-MU-G20,Yeast Glucan,Succinic anhydride modification,D3,N3,0.5,0.5,Unspecified,2,,,,,,,
YG-SA-D3-N4-R90-10-MH-G01,Yeast Glucan,Succinic anhydride modification,D3,N4,0.9,0.1,High,0.1,,,,,,,
YG-SA-D3-N4-R90-10-MH-G08,Yeast Glucan,Succinic anhydride modification,D3,N4,0.9,0.1,High,0.8,,,,,,,
YG-SA-D3-N4-R90-10-MH-G20,Yeast Glucan,Succinic anhydride modification,D3,N4,0.9,0.1,High,2,,,,,,,
YG-SA-D3-N4-R90-10-MM-G01,Yeast Glucan,Succinic anhydride modification,D3,N4,0.9,0.1,Medium,0.1,,,,,,,
YG-SA-D3-N4-R90-10-MM-G08,Yeast Glucan,Succinic anhydride modification,D3,N4,0.9,0.1,Medium,0.8,,,,,,,
YG-SA-D3-N4-R90-10-MM-G20,Yeast Glucan,Succinic anhydride modification,D3,N4,0.9,0.1,Medium,2,,,,,,,
YG-SA-D3-N4-R90-10-ML-G01,Yeast Glucan,Succinic anhydride modification,D3,N4,0.9,0.1,Low,0.1,,,,,,,
YG-SA-D3-N4-R90-10-ML-G08,Yeast Glucan,Succinic anhydride modification,D3,N4,0.9,0.1,Low,0.8,,,,,,,
YG-SA-D3-N4-R90-10-ML-G20,Yeast Glucan,Succinic anhydride modification,D3,N4,0.9,0.1,Low,2,,,,,,,
YG-SA-D3-N4-R90-10-MU-G01,Yeast Glucan,Succinic anhydride modification,D3,N4,0.9,0.1,Unspecified,0.1,,,,,,,
YG-SA-D3-N4-R90-10-MU-G08,Yeast Glucan,Succinic anhydride modification,D3,N4,0.9,0.1,Unspecified,0.8,,,,,,,
YG-SA-D3-N4-R90-10-MU-G20,Yeast Glucan,Succinic anhydride modification,D3,N4,0.9,0.1,Unspecified,2,,,,,,,
YG-SA-D3-N4-R70-30-MH-G01,Yeast Glucan,Succinic anhydride modification,D3,N4,0.7,0.3,High,0.1,,,,,,,
YG-SA-D3-N4-R70-30-MH-G08,Yeast Glucan,Succinic anhydride modification,D3,N4,0.7,0.3,High,0.8,,,,,,,
YG-SA-D3-N4-R70-30-MH-G20,Yeast Glucan,Succinic anhydride modification,D3,N4,0.7,0.3,High,2,,,,,,,
YG-SA-D3-N4-R70-30-MM-G01,Yeast Glucan,Succinic anhydride modification,D3,N4,0.7,0.3,Medium,0.1,,,,,,,
YG-SA-D3-N4-R70-30-MM-G08,Yeast Glucan,Succinic anhydride modification,D3,N4,0.7,0.3,Medium,0.8,,,,,,,
YG-SA-D3-N4-R70-30-MM-G20,Yeast Glucan,Succinic anhydride modification,D3,N4,0.7,0.3,Medium,2,,,,,,,
YG-SA-D3-N4-R70-30-ML-G01,Yeast Glucan,Succinic anhydride modification,D3,N4,0.7,0.3,Low,0.1,,,,,,,
YG-SA-D3-N4-R70-30-ML-G08,Yeast Glucan,Succinic anhydride modification,D3,N4,0.7,0.3,Low,0.8,,,,,,,
YG-SA-D3-N4-R70-30-ML-G20,Yeast Glucan,Succinic anhydride modification,D3,N4,0.7,0.3,Low,2,,,,,,,
YG-SA-D3-N4-R70-30-MU-G01,Yeast Glucan,Succinic anhydride modification,D3,N4,0.7,0.3,Unspecified,0.1,,,,,,,
YG-SA-D3-N4-R70-30-MU-G08,Yeast Glucan,Succinic anhydride modification,D3,N4,0.7,0.3,Unspecified,0.8,,,,,,,
YG-SA-D3-N4-R70-30-MU-G20,Yeast Glucan,Succinic anhydride modification,D3,N4,0.7,0.3,Unspecified,2,,,,,,,
YG-SA-D3-N4-R50-50-MH-G01,Yeast Glucan,Succinic anhydride modification,D3,N4,0.5,0.5,High,0.1,,,,,,,
YG-SA-D3-N4-R50-50-MH-G08,Yeast Glucan,Succinic anhydride modification,D3,N4,0.5,0.5,High,0.8,,,,,,,
YG-SA-D3-N4-R50-50-MH-G20,Yeast Glucan,Succinic anhydride modification,D3,N4,0.5,0.5,High,2,,,,,,,
YG-SA-D3-N4-R50-50-MM-G01,Yeast Glucan,Succinic anhydride modification,D3,N4,0.5,0.5,Medium,0.1,,,,,,,
YG-SA-D3-N4-R50-50-MM-G08,Yeast Glucan,Succinic anhydride modification,D3,N4,0.5,0.5,Medium,0.8,,,,,,,
YG-SA-D3-N4-R50-50-MM-G20,Yeast Glucan,Succinic anhydride modification,D3,N4,0.5,0.5,Medium,2,,,,,,,
YG-SA-D3-N4-R50-50-ML-G01,Yeast Glucan,Succinic anhydride modification,D3,N4,0.5,0.5,Low,0.1,,,,,,,
YG-SA-D3-N4-R50-50-ML-G08,Yeast Glucan,Succinic anhydride modification,D3,N4,0.5,0.5,Low,0.8,,,,,,,
YG-SA-D3-N4-R50-50-ML-G20,Yeast Glucan,Succinic anhydride modification,D3,N4,0.5,0.5,Low,2,,,,,,,
YG-SA-D3-N4-R50-50-MU-G01,Yeast Glucan,Succinic anhydride modification,D3,N4,0.5,0.5,Unspecified,0.1,,,,,,,
YG-SA-D3-N4-R50-50-MU-G08,Yeast Glucan,Succinic anhydride modification,D3,N4,0.5,0.5,Unspecified,0.8,,,,,,,
YG-SA-D3-N4-R50-50-MU-G20,Yeast Glucan,Succinic anhydride modification,D3,N4,0.5,0.5,Unspecified,2,,,,,,,
YG-SA-D3-N5-R90-10-MH-G01,Yeast Glucan,Succinic anhydride modification,D3,N5,0.9,0.1,High,0.1,,,,,,,
YG-SA-D3-N5-R90-10-MH-G08,Yeast Glucan,Succinic anhydride modification,D3,N5,0.9,0.1,High,0.8,,,,,,,
YG-SA-D3-N5-R90-10-MH-G20,Yeast Glucan,Succinic anhydride modification,D3,N5,0.9,0.1,High,2,,,,,,,
YG-SA-D3-N5-R90-10-MM-G01,Yeast Glucan,Succinic anhydride modification,D3,N5,0.9,0.1,Medium,0.1,,,,,,,
YG-SA-D3-N5-R90-10-MM-G08,Yeast Glucan,Succinic anhydride modification,D3,N5,0.9,0.1,Medium,0.8,,,,,,,
YG-SA-D3-N5-R90-10-MM-G20,Yeast Glucan,Succinic anhydride modification,D3,N5,0.9,0.1,Medium,2,,,,,,,
YG-SA-D3-N5-R90-10-ML-G01,Yeast Glucan,Succinic anhydride modification,D3,N5,0.9,0.1,Low,0.1,,,,,,,
YG-SA-D3-N5-R90-10-ML-G08,Yeast Glucan,Succinic anhydride modification,D3,N5,0.9,0.1,Low,0.8,,,,,,,
YG-SA-D3-N5-R90-10-ML-G20,Yeast Glucan,Succinic anhydride modification,D3,N5,0.9,0.1,Low,2,,,,,,,
YG-SA-D3-N5-R90-10-MU-G01,Yeast Glucan,Succinic anhydride modification,D3,N5,0.9,0.1,Unspecified,0.1,,,,,,,
YG-SA-D3-N5-R90-10-MU-G08,Yeast Glucan,Succinic anhydride modification,D3,N5,0.9,0.1,Unspecified,0.8,,,,,,,
YG-SA-D3-N5-R90-10-MU-G20,Yeast Glucan,Succinic anhydride modification,D3,N5,0.9,0.1,Unspecified,2,,,,,,,
YG-SA-D3-N5-R70-30-MH-G01,Yeast Glucan,Succinic anhydride modification,D3,N5,0.7,0.3,High,0.1,,,,,,,
YG-SA-D3-N5-R70-30-MH-G08,Yeast Glucan,Succinic anhydride modification,D3,N5,0.7,0.3,High,0.8,,,,,,,
YG-SA-D3-N5-R70-30-MH-G20,Yeast Glucan,Succinic anhydride modification,D3,N5,0.7,0.3,High,2,,,,,,,
YG-SA-D3-N5-R70-30-MM-G01,Yeast Glucan,Succinic anhydride modification,D3,N5,0.7,0.3,Medium,0.1,,,,,,,
YG-SA-D3-N5-R70-30-MM-G08,Yeast Glucan,Succinic anhydride modification,D3,N5,0.7,0.3,Medium,0.8,,,,,,,
YG-SA-D3-N5-R70-30-MM-G20,Yeast Glucan,Succinic anhydride modification,D3,N5,0.7,0.3,Medium,2,,,,,,,
YG-SA-D3-N5-R70-30-ML-G01,Yeast Glucan,Succinic anhydride modification,D3,N5,0.7,0.3,Low,0.1,,,,,,,
YG-SA-D3-N5-R70-30-ML-G08,Yeast Glucan,Succinic anhydride modification,D3,N5,0.7,0.3,Low,0.8,,,,,,,
YG-SA-D3-N5-R70-30-ML-G20,Yeast Glucan,Succinic anhydride modification,D3,N5,0.7,0.3,Low,2,,,,,,,
YG-SA-D3-N5-R70-30-MU-G01,Yeast Glucan,Succinic anhydride modification,D3,N5,0.7,0.3,Unspecified,0.1,,,,,,,
YG-SA-D3-N5-R70-30-MU-G08,Yeast Glucan,Succinic anhydride modification,D3,N5,0.7,0.3,Unspecified,0.8,,,,,,,
YG-SA-D3-N5-R70-30-MU-G20,Yeast Glucan,Succinic anhydride modification,D3,N5,0.7,0.3,Unspecified,2,,,,,,,
YG-SA-D3-N5-R50-50-MH-G01,Yeast Glucan,Succinic anhydride modification,D3,N5,0.5,0.5,High,0.1,,,,,,,
YG-SA-D3-N5-R50-50-MH-G08,Yeast Glucan,Succinic anhydride modification,D3,N5,0.5,0.5,High,0.8,,,,,,,
YG-SA-D3-N5-R50-50-MH-G20,Yeast Glucan,Succinic anhydride modification,D3,N5,0.5,0.5,High,2,,,,,,,
YG-SA-D3-N5-R50-50-MM-G01,Yeast Glucan,Succinic anhydride modification,D3,N5,0.5,0.5,Medium,0.1,,,,,,,
YG-SA-D3-N5-R50-50-MM-G08,Yeast Glucan,Succinic anhydride modification,D3,N5,0.5,0.5,Medium,0.8,,,,,,,
YG-SA-D3-N5-R50-50-MM-G20,Yeast Glucan,Succinic anhydride modification,D3,N5,0.5,0.5,Medium,2,,,,,,,
YG-SA-D3-N5-R50-50-ML-G01,Yeast Glucan,Succinic anhydride modification,D3,N5,0.5,0.5,Low,0.1,,,,,,,
YG-SA-D3-N5-R50-50-ML-G08,Yeast Glucan,Succinic anhydride modification,D3,N5,0.5,0.5,Low,0.8,,,,,,,
YG-SA-D3-N5-R50-50-ML-G20,Yeast Glucan,Succinic anhydride modification,D3,N5,0.5,0.5,Low,2,,,,,,,
YG-SA-D3-N5-R50-50-MU-G01,Yeast Glucan,Succinic anhydride modification,D3,N5,0.5,0.5,Unspecified,0.1,,,,,,,
YG-SA-D3-N5-R50-50-MU-G08,Yeast Glucan,Succinic anhydride modification,D3,N5,0.5,0.5,Unspecified,0.8,,,,,,,
YG-SA-D3-N5-R50-50-MU-G20,Yeast Glucan,Succinic anhydride modification,D3,N5,0.5,0.5,Unspecified,2,,,,,,,
YG-SA-D3-N6-R90-10-MH-G01,Yeast Glucan,Succinic anhydride modification,D3,N6,0.9,0.1,High,0.1,,,,,,,
YG-SA-D3-N6-R90-10-MH-G08,Yeast Glucan,Succinic anhydride modification,D3,N6,0.9,0.1,High,0.8,,,,,,,
YG-SA-D3-N6-R90-10-MH-G20,Yeast Glucan,Succinic anhydride modification,D3,N6,0.9,0.1,High,2,,,,,,,
YG-SA-D3-N6-R90-10-MM-G01,Yeast Glucan,Succinic anhydride modification,D3,N6,0.9,0.1,Medium,0.1,,,,,,,
YG-SA-D3-N6-R90-10-MM-G08,Yeast Glucan,Succinic anhydride modification,D3,N6,0.9,0.1,Medium,0.8,,,,,,,
YG-SA-D3-N6-R90-10-MM-G20,Yeast Glucan,Succinic anhydride modification,D3,N6,0.9,0.1,Medium,2,,,,,,,
YG-SA-D3-N6-R90-10-ML-G01,Yeast Glucan,Succinic anhydride modification,D3,N6,0.9,0.1,Low,0.1,,,,,,,
YG-SA-D3-N6-R90-10-ML-G08,Yeast Glucan,Succinic anhydride modification,D3,N6,0.9,0.1,Low,0.8,,,,,,,
YG-SA-D3-N6-R90-10-ML-G20,Yeast Glucan,Succinic anhydride modification,D3,N6,0.9,0.1,Low,2,,,,,,,
YG-SA-D3-N6-R90-10-MU-G01,Yeast Glucan,Succinic anhydride modification,D3,N6,0.9,0.1,Unspecified,0.1,,,,,,,
YG-SA-D3-N6-R90-10-MU-G08,Yeast Glucan,Succinic anhydride modification,D3,N6,0.9,0.1,Unspecified,0.8,,,,,,,
YG-SA-D3-N6-R90-10-MU-G20,Yeast Glucan,Succinic anhydride modification,D3,N6,0.9,0.1,Unspecified,2,,,,,,,
YG-SA-D3-N6-R70-30-MH-G01,Yeast Glucan,Succinic anhydride modification,D3,N6,0.7,0.3,High,0.1,,,,,,,
YG-SA-D3-N6-R70-30-MH-G08,Yeast Glucan,Succinic anhydride modification,D3,N6,0.7,0.3,High,0.8,,,,,,,
YG-SA-D3-N6-R70-30-MH-G20,Yeast Glucan,Succinic anhydride modification,D3,N6,0.7,0.3,High,2,,,,,,,
YG-SA-D3-N6-R70-30-MM-G01,Yeast Glucan,Succinic anhydride modification,D3,N6,0.7,0.3,Medium,0.1,,,,,,,
YG-SA-D3-N6-R70-30-MM-G08,Yeast Glucan,Succinic anhydride modification,D3,N6,0.7,0.3,Medium,0.8,,,,,,,
YG-SA-D3-N6-R70-30-MM-G20,Yeast Glucan,Succinic anhydride modification,D3,N6,0.7,0.3,Medium,2,,,,,,,
YG-SA-D3-N6-R70-30-ML-G01,Yeast Glucan,Succinic anhydride modification,D3,N6,0.7,0.3,Low,0.1,,,,,,,
YG-SA-D3-N6-R70-30-ML-G08,Yeast Glucan,Succinic anhydride modification,D3,N6,0.7,0.3,Low,0.8,,,,,,,
YG-SA-D3-N6-R70-30-ML-G20,Yeast Glucan,Succinic anhydride modification,D3,N6,0.7,0.3,Low,2,,,,,,,
YG-SA-D3-N6-R70-30-MU-G01,Yeast Glucan,Succinic anhydride modification,D3,N6,0.7,0.3,Unspecified,0.1,,,,,,,
YG-SA-D3-N6-R70-30-MU-G08,Yeast Glucan,Succinic anhydride modification,D3,N6,0.7,0.3,Unspecified,0.8,,,,,,,
YG-SA-D3-N6-R70-30-MU-G20,Yeast Glucan,Succinic anhydride modification,D3,N6,0.7,0.3,Unspecified,2,,,,,,,
YG-SA-D3-N6-R50-50-MH-G01,Yeast Glucan,Succinic anhydride modification,D3,N6,0.5,0.5,High,0.1,,,,,,,
YG-SA-D3-N6-R50-50-MH-G08,Yeast Glucan,Succinic anhydride modification,D3,N6,0.5,0.5,High,0.8,,,,,,,
YG-SA-D3-N6-R50-50-MH-G20,Yeast Glucan,Succinic anhydride modification,D3,N6,0.5,0.5,High,2,,,,,,,
YG-SA-D3-N6-R50-50-MM-G01,Yeast Glucan,Succinic anhydride modification,D3,N6,0.5,0.5,Medium,0.1,,,,,,,
YG-SA-D3-N6-R50-50-MM-G08,Yeast Glucan,Succinic anhydride modification,D3,N6,0.5,0.5,Medium,0.8,,,,,,,
YG-SA-D3-N6-R50-50-MM-G20,Yeast Glucan,Succinic anhydride modification,D3,N6,0.5,0.5,Medium,2,,,,,,,
YG-SA-D3-N6-R50-50-ML-G01,Yeast Glucan,Succinic anhydride modification,D3,N6,0.5,0.5,Low,0.1,,,,,,,
YG-SA-D3-N6-R50-50-ML-G08,Yeast Glucan,Succinic anhydride modification,D3,N6,0.5,0.5,Low,0.8,,,,,,,
YG-SA-D3-N6-R50-50-ML-G20,Yeast Glucan,Succinic anhydride modification,D3,N6,0.5,0.5,Low,2,,,,,,,
YG-SA-D3-N6-R50-50-MU-G01,Yeast Glucan,Succinic anhydride modification,D3,N6,0.5,0.5,Unspecified,0.1,,,,,,,
YG-SA-D3-N6-R50-50-MU-G08,Yeast Glucan,Succinic anhydride modification,D3,N6,0.5,0.5,Unspecified,0.8,,,,,,,
YG-SA-D3-N6-R50-50-MU-G20,Yeast Glucan,Succinic anhydride modification,D3,N6,0.5,0.5,Unspecified,2,,,,,,,
YG-SA-D4-N1-R90-10-MH-G01,Yeast Glucan,Succinic anhydride modification,D4,N1,0.9,0.1,High,0.1,,,,,,,
YG-SA-D4-N1-R90-10-MH-G08,Yeast Glucan,Succinic anhydride modification,D4,N1,0.9,0.1,High,0.8,,,,,,,
YG-SA-D4-N1-R90-10-MH-G20,Yeast Glucan,Succinic anhydride modification,D4,N1,0.9,0.1,High,2,,,,,,,
YG-SA-D4-N1-R90-10-MM-G01,Yeast Glucan,Succinic anhydride modification,D4,N1,0.9,0.1,Medium,0.1,,,,,,,
YG-SA-D4-N1-R90-10-MM-G08,Yeast Glucan,Succinic anhydride modification,D4,N1,0.9,0.1,Medium,0.8,,,,,,,
YG-SA-D4-N1-R90-10-MM-G20,Yeast Glucan,Succinic anhydride modification,D4,N1,0.9,0.1,Medium,2,,,,,,,
YG-SA-D4-N1-R90-10-ML-G01,Yeast Glucan,Succinic anhydride modification,D4,N1,0.9,0.1,Low,0.1,,,,,,,
YG-SA-D4-N1-R90-10-ML-G08,Yeast Glucan,Succinic anhydride modification,D4,N1,0.9,0.1,Low,0.8,,,,,,,
YG-SA-D4-N1-R90-10-ML-G20,Yeast Glucan,Succinic anhydride modification,D4,N1,0.9,0.1,Low,2,,,,,,,
YG-SA-D4-N1-R90-10-MU-G01,Yeast Glucan,Succinic anhydride modification,D4,N1,0.9,0.1,Unspecified,0.1,,,,,,,
YG-SA-D4-N1-R90-10-MU-G08,Yeast Glucan,Succinic anhydride modification,D4,N1,0.9,0.1,Unspecified,0.8,,,,,,,
YG-SA-D4-N1-R90-10-MU-G20,Yeast Glucan,Succinic anhydride modification,D4,N1,0.9,0.1,Unspecified,2,,,,,,,
YG-SA-D4-N1-R70-30-MH-G01,Yeast Glucan,Succinic anhydride modification,D4,N1,0.7,0.3,High,0.1,,,,,,,
YG-SA-D4-N1-R70-30-MH-G08,Yeast Glucan,Succinic anhydride modification,D4,N1,0.7,0.3,High,0.8,,,,,,,
YG-SA-D4-N1-R70-30-MH-G20,Yeast Glucan,Succinic anhydride modification,D4,N1,0.7,0.3,High,2,,,,,,,
YG-SA-D4-N1-R70-30-MM-G01,Yeast Glucan,Succinic anhydride modification,D4,N1,0.7,0.3,Medium,0.1,,,,,,,
YG-SA-D4-N1-R70-30-MM-G08,Yeast Glucan,Succinic anhydride modification,D4,N1,0.7,0.3,Medium,0.8,,,,,,,
YG-SA-D4-N1-R70-30-MM-G20,Yeast Glucan,Succinic anhydride modification,D4,N1,0.7,0.3,Medium,2,,,,,,,
YG-SA-D4-N1-R70-30-ML-G01,Yeast Glucan,Succinic anhydride modification,D4,N1,0.7,0.3,Low,0.1,,,,,,,
YG-SA-D4-N1-R70-30-ML-G08,Yeast Glucan,Succinic anhydride modification,D4,N1,0.7,0.3,Low,0.8,,,,,,,
YG-SA-D4-N1-R70-30-ML-G20,Yeast Glucan,Succinic anhydride modification,D4,N1,0.7,0.3,Low,2,,,,,,,
YG-SA-D4-N1-R70-30-MU-G01,Yeast Glucan,Succinic anhydride modification,D4,N1,0.7,0.3,Unspecified,0.1,,,,,,,
YG-SA-D4-N1-R70-30-MU-G08,Yeast Glucan,Succinic anhydride modification,D4,N1,0.7,0.3,Unspecified,0.8,,,,,,,
YG-SA-D4-N1-R70-30-MU-G20,Yeast Glucan,Succinic anhydride modification,D4,N1,0.7,0.3,Unspecified,2,,,,,,,
YG-SA-D4-N1-R50-50-MH-G01,Yeast Glucan,Succinic anhydride modification,D4,N1,0.5,0.5,High,0.1,,,,,,,
YG-SA-D4-N1-R50-50-MH-G08,Yeast Glucan,Succinic anhydride modification,D4,N1,0.5,0.5,High,0.8,,,,,,,
YG-SA-D4-N1-R50-50-MH-G20,Yeast Glucan,Succinic anhydride modification,D4,N1,0.5,0.5,High,2,,,,,,,
YG-SA-D4-N1-R50-50-MM-G01,Yeast Glucan,Succinic anhydride modification,D4,N1,0.5,0.5,Medium,0.1,,,,,,,
YG-SA-D4-N1-R50-50-MM-G08,Yeast Glucan,Succinic anhydride modification,D4,N1,0.5,0.5,Medium,0.8,,,,,,,
YG-SA-D4-N1-R50-50-MM-G20,Yeast Glucan,Succinic anhydride modification,D4,N1,0.5,0.5,Medium,2,,,,,,,
YG-SA-D4-N1-R50-50-ML-G01,Yeast Glucan,Succinic anhydride modification,D4,N1,0.5,0.5,Low,0.1,,,,,,,
YG-SA-D4-N1-R50-50-ML-G08,Yeast Glucan,Succinic anhydride modification,D4,N1,0.5,0.5,Low,0.8,,,,,,,
YG-SA-D4-N1-R50-50-ML-G20,Yeast Glucan,Succinic anhydride modification,D4,N1,0.5,0.5,Low,2,,,,,,,
YG-SA-D4-N1-R50-50-MU-G01,Yeast Glucan,Succinic anhydride modification,D4,N1,0.5,0.5,Unspecified,0.1,,,,,,,
YG-SA-D4-N1-R50-50-MU-G08,Yeast Glucan,Succinic anhydride modification,D4,N1,0.5,0.5,Unspecified,0.8,,,,,,,
YG-SA-D4-N1-R50-50-MU-G20,Yeast Glucan,Succinic anhydride modification,D4,N1,0.5,0.5,Unspecified,2,,,,,,,
YG-SA-D4-N2-R90-10-MH-G01,Yeast Glucan,Succinic anhydride modification,D4,N2,0.9,0.1,High,0.1,,,,,,,
YG-SA-D4-N2-R90-10-MH-G08,Yeast Glucan,Succinic anhydride modification,D4,N2,0.9,0.1,High,0.8,,,,,,,
YG-SA-D4-N2-R90-10-MH-G20,Yeast Glucan,Succinic anhydride modification,D4,N2,0.9,0.1,High,2,,,,,,,
YG-SA-D4-N2-R90-10-MM-G01,Yeast Glucan,Succinic anhydride modification,D4,N2,0.9,0.1,Medium,0.1,,,,,,,
YG-SA-D4-N2-R90-10-MM-G08,Yeast Glucan,Succinic anhydride modification,D4,N2,0.9,0.1,Medium,0.8,,,,,,,
YG-SA-D4-N2-R90-10-MM-G20,Yeast Glucan,Succinic anhydride modification,D4,N2,0.9,0.1,Medium,2,,,,,,,
YG-SA-D4-N2-R90-10-ML-G01,Yeast Glucan,Succinic anhydride modification,D4,N2,0.9,0.1,Low,0.1,,,,,,,
YG-SA-D4-N2-R90-10-ML-G08,Yeast Glucan,Succinic anhydride modification,D4,N2,0.9,0.1,Low,0.8,,,,,,,
YG-SA-D4-N2-R90-10-ML-G20,Yeast Glucan,Succinic anhydride modification,D4,N2,0.9,0.1,Low,2,,,,,,,
YG-SA-D4-N2-R90-10-MU-G01,Yeast Glucan,Succinic anhydride modification,D4,N2,0.9,0.1,Unspecified,0.1,,,,,,,
YG-SA-D4-N2-R90-10-MU-G08,Yeast Glucan,Succinic anhydride modification,D4,N2,0.9,0.1,Unspecified,0.8,,,,,,,
YG-SA-D4-N2-R90-10-MU-G20,Yeast Glucan,Succinic anhydride modification,D4,N2,0.9,0.1,Unspecified,2,,,,,,,
YG-SA-D4-N2-R70-30-MH-G01,Yeast Glucan,Succinic anhydride modification,D4,N2,0.7,0.3,High,0.1,,,,,,,
YG-SA-D4-N2-R70-30-MH-G08,Yeast Glucan,Succinic anhydride modification,D4,N2,0.7,0.3,High,0.8,,,,,,,
YG-SA-D4-N2-R70-30-MH-G20,Yeast Glucan,Succinic anhydride modification,D4,N2,0.7,0.3,High,2,,,,,,,
YG-SA-D4-N2-R70-30-MM-G01,Yeast Glucan,Succinic anhydride modification,D4,N2,0.7,0.3,Medium,0.1,,,,,,,
YG-SA-D4-N2-R70-30-MM-G08,Yeast Glucan,Succinic anhydride modification,D4,N2,0.7,0.3,Medium,0.8,,,,,,,
YG-SA-D4-N2-R70-30-MM-G20,Yeast Glucan,Succinic anhydride modification,D4,N2,0.7,0.3,Medium,2,,,,,,,
YG-SA-D4-N2-R70-30-ML-G01,Yeast Glucan,Succinic anhydride modification,D4,N2,0.7,0.3,Low,0.1,,,,,,,
YG-SA-D4-N2-R70-30-ML-G08,Yeast Glucan,Succinic anhydride modification,D4,N2,0.7,0.3,Low,0.8,,,,,,,
YG-SA-D4-N2-R70-30-ML-G20,Yeast Glucan,Succinic anhydride modification,D4,N2,0.7,0.3,Low,2,,,,,,,
YG-SA-D4-N2-R70-30-MU-G01,Yeast Glucan,Succinic anhydride modification,D4,N2,0.7,0.3,Unspecified,0.1,,,,,,,
YG-SA-D4-N2-R70-30-MU-G08,Yeast Glucan,Succinic anhydride modification,D4,N2,0.7,0.3,Unspecified,0.8,,,,,,,
YG-SA-D4-N2-R70-30-MU-G20,Yeast Glucan,Succinic anhydride modification,D4,N2,0.7,0.3,Unspecified,2,,,,,,,
YG-SA-D4-N2-R50-50-MH-G01,Yeast Glucan,Succinic anhydride modification,D4,N2,0.5,0.5,High,0.1,,,,,,,
YG-SA-D4-N2-R50-50-MH-G08,Yeast Glucan,Succinic anhydride modification,D4,N2,0.5,0.5,High,0.8,,,,,,,
YG-SA-D4-N2-R50-50-MH-G20,Yeast Glucan,Succinic anhydride modification,D4,N2,0.5,0.5,High,2,,,,,,,
YG-SA-D4-N2-R50-50-MM-G01,Yeast Glucan,Succinic anhydride modification,D4,N2,0.5,0.5,Medium,0.1,,,,,,,
YG-SA-D4-N2-R50-50-MM-G08,Yeast Glucan,Succinic anhydride modification,D4,N2,0.5,0.5,Medium,0.8,,,,,,,
YG-SA-D4-N2-R50-50-MM-G20,Yeast Glucan,Succinic anhydride modification,D4,N2,0.5,0.5,Medium,2,,,,,,,
YG-SA-D4-N2-R50-50-ML-G01,Yeast Glucan,Succinic anhydride modification,D4,N2,0.5,0.5,Low,0.1,,,,,,,
YG-SA-D4-N2-R50-50-ML-G08,Yeast Glucan,Succinic anhydride modification,D4,N2,0.5,0.5,Low,0.8,,,,,,,
YG-SA-D4-N2-R50-50-ML-G20,Yeast Glucan,Succinic anhydride modification,D4,N2,0.5,0.5,Low,2,,,,,,,
YG-SA-D4-N2-R50-50-MU-G01,Yeast Glucan,Succinic anhydride modification,D4,N2,0.5,0.5,Unspecified,0.1,,,,,,,
YG-SA-D4-N2-R50-50-MU-G08,Yeast Glucan,Succinic anhydride modification,D4,N2,0.5,0.5,Unspecified,0.8,,,,,,,
YG-SA-D4-N2-R50-50-MU-G20,Yeast Glucan,Succinic anhydride modification,D4,N2,0.5,0.5,Unspecified,2,,,,,,,
YG-SA-D4-N3-R90-10-MH-G01,Yeast Glucan,Succinic anhydride modification,D4,N3,0.9,0.1,High,0.1,,,,,,,
YG-SA-D4-N3-R90-10-MH-G08,Yeast Glucan,Succinic anhydride modification,D4,N3,0.9,0.1,High,0.8,,,,,,,
YG-SA-D4-N3-R90-10-MH-G20,Yeast Glucan,Succinic anhydride modification,D4,N3,0.9,0.1,High,2,,,,,,,
YG-SA-D4-N3-R90-10-MM-G01,Yeast Glucan,Succinic anhydride modification,D4,N3,0.9,0.1,Medium,0.1,,,,,,,
YG-SA-D4-N3-R90-10-MM-G08,Yeast Glucan,Succinic anhydride modification,D4,N3,0.9,0.1,Medium,0.8,,,,,,,
YG-SA-D4-N3-R90-10-MM-G20,Yeast Glucan,Succinic anhydride modification,D4,N3,0.9,0.1,Medium,2,,,,,,,
YG-SA-D4-N3-R90-10-ML-G01,Yeast Glucan,Succinic anhydride modification,D4,N3,0.9,0.1,Low,0.1,,,,,,,
YG-SA-D4-N3-R90-10-ML-G08,Yeast Glucan,Succinic anhydride modification,D4,N3,0.9,0.1,Low,0.8,,,,,,,
YG-SA-D4-N3-R90-10-ML-G20,Yeast Glucan,Succinic anhydride modification,D4,N3,0.9,0.1,Low,2,,,,,,,
YG-SA-D4-N3-R90-10-MU-G01,Yeast Glucan,Succinic anhydride modification,D4,N3,0.9,0.1,Unspecified,0.1,,,,,,,
YG-SA-D4-N3-R90-10-MU-G08,Yeast Glucan,Succinic anhydride modification,D4,N3,0.9,0.1,Unspecified,0.8,,,,,,,
YG-SA-D4-N3-R90-10-MU-G20,Yeast Glucan,Succinic anhydride modification,D4,N3,0.9,0.1,Unspecified,2,,,,,,,
YG-SA-D4-N3-R70-30-MH-G01,Yeast Glucan,Succinic anhydride modification,D4,N3,0.7,0.3,High,0.1,,,,,,,
YG-SA-D4-N3-R70-30-MH-G08,Yeast Glucan,Succinic anhydride modification,D4,N3,0.7,0.3,High,0.8,,,,,,,
YG-SA-D4-N3-R70-30-MH-G20,Yeast Glucan,Succinic anhydride modification,D4,N3,0.7,0.3,High,2,,,,,,,
YG-SA-D4-N3-R70-30-MM-G01,Yeast Glucan,Succinic anhydride modification,D4,N3,0.7,0.3,Medium,0.1,,,,,,,
YG-SA-D4-N3-R70-30-MM-G08,Yeast Glucan,Succinic anhydride modification,D4,N3,0.7,0.3,Medium,0.8,,,,,,,
YG-SA-D4-N3-R70-30-MM-G20,Yeast Glucan,Succinic anhydride modification,D4,N3,0.7,0.3,Medium,2,,,,,,,
YG-SA-D4-N3-R70-30-ML-G01,Yeast Glucan,Succinic anhydride modification,D4,N3,0.7,0.3,Low,0.1,,,,,,,
YG-SA-D4-N3-R70-30-ML-G08,Yeast Glucan,Succinic anhydride modification,D4,N3,0.7,0.3,Low,0.8,,,,,,,
YG-SA-D4-N3-R70-30-ML-G20,Yeast Glucan,Succinic anhydride modification,D4,N3,0.7,0.3,Low,2,,,,,,,
YG-SA-D4-N3-R70-30-MU-G01,Yeast Glucan,Succinic anhydride modification,D4,N3,0.7,0.3,Unspecified,0.1,,,,,,,
YG-SA-D4-N3-R70-30-MU-G08,Yeast Glucan,Succinic anhydride modification,D4,N3,0.7,0.3,Unspecified,0.8,,,,,,,
YG-SA-D4-N3-R70-30-MU-G20,Yeast Glucan,Succinic anhydride modification,D4,N3,0.7,0.3,Unspecified,2,,,,,,,
YG-SA-D4-N3-R50-50-MH-G01,Yeast Glucan,Succinic anhydride modification,D4,N3,0.5,0.5,High,0.1,,,,,,,
YG-SA-D4-N3-R50-50-MH-G08,Yeast Glucan,Succinic anhydride modification,D4,N3,0.5,0.5,High,0.8,,,,,,,
YG-SA-D4-N3-R50-50-MH-G20,Yeast Glucan,Succinic anhydride modification,D4,N3,0.5,0.5,High,2,,,,,,,
YG-SA-D4-N3-R50-50-MM-G01,Yeast Glucan,Succinic anhydride modification,D4,N3,0.5,0.5,Medium,0.1,,,,,,,
YG-SA-D4-N3-R50-50-MM-G08,Yeast Glucan,Succinic anhydride modification,D4,N3,0.5,0.5,Medium,0.8,,,,,,,
YG-SA-D4-N3-R50-50-MM-G20,Yeast Glucan,Succinic anhydride modification,D4,N3,0.5,0.5,Medium,2,,,,,,,
YG-SA-D4-N3-R50-50-ML-G01,Yeast Glucan,Succinic anhydride modification,D4,N3,0.5,0.5,Low,0.1,,,,,,,
YG-SA-D4-N3-R50-50-ML-G08,Yeast Glucan,Succinic anhydride modification,D4,N3,0.5,0.5,Low,0.8,,,,,,,
YG-SA-D4-N3-R50-50-ML-G20,Yeast Glucan,Succinic anhydride modification,D4,N3,0.5,0.5,Low,2,,,,,,,
YG-SA-D4-N3-R50-50-MU-G01,Yeast Glucan,Succinic anhydride modification,D4,N3,0.5,0.5,Unspecified,0.1,,,,,,,
YG-SA-D4-N3-R50-50-MU-G08,Yeast Glucan,Succinic anhydride modification,D4,N3,0.5,0.5,Unspecified,0.8,,,,,,,
YG-SA-D4-N3-R50-50-MU-G20,Yeast Glucan,Succinic anhydride modification,D4,N3,0.5,0.5,Unspecified,2,,,,,,,
YG-SA-D4-N4-R90-10-MH-G01,Yeast Glucan,Succinic anhydride modification,D4,N4,0.9,0.1,High,0.1,,,,,,,
YG-SA-D4-N4-R90-10-MH-G08,Yeast Glucan,Succinic anhydride modification,D4,N4,0.9,0.1,High,0.8,,,,,,,
YG-SA-D4-N4-R90-10-MH-G20,Yeast Glucan,Succinic anhydride modification,D4,N4,0.9,0.1,High,2,,,,,,,
YG-SA-D4-N4-R90-10-MM-G01,Yeast Glucan,Succinic anhydride modification,D4,N4,0.9,0.1,Medium,0.1,,,,,,,
YG-SA-D4-N4-R90-10-MM-G08,Yeast Glucan,Succinic anhydride modification,D4,N4,0.9,0.1,Medium,0.8,,,,,,,
YG-SA-D4-N4-R90-10-MM-G20,Yeast Glucan,Succinic anhydride modification,D4,N4,0.9,0.1,Medium,2,,,,,,,
YG-SA-D4-N4-R90-10-ML-G01,Yeast Glucan,Succinic anhydride modification,D4,N4,0.9,0.1,Low,0.1,,,,,,,
YG-SA-D4-N4-R90-10-ML-G08,Yeast Glucan,Succinic anhydride modification,D4,N4,0.9,0.1,Low,0.8,,,,,,,
YG-SA-D4-N4-R90-10-ML-G20,Yeast Glucan,Succinic anhydride modification,D4,N4,0.9,0.1,Low,2,,,,,,,
YG-SA-D4-N4-R90-10-MU-G01,Yeast Glucan,Succinic anhydride modification,D4,N4,0.9,0.1,Unspecified,0.1,,,,,,,
YG-SA-D4-N4-R90-10-MU-G08,Yeast Glucan,Succinic anhydride modification,D4,N4,0.9,0.1,Unspecified,0.8,,,,,,,
YG-SA-D4-N4-R90-10-MU-G20,Yeast Glucan,Succinic anhydride modification,D4,N4,0.9,0.1,Unspecified,2,,,,,,,
YG-SA-D4-N4-R70-30-MH-G01,Yeast Glucan,Succinic anhydride modification,D4,N4,0.7,0.3,High,0.1,,,,,,,
YG-SA-D4-N4-R70-30-MH-G08,Yeast Glucan,Succinic anhydride modification,D4,N4,0.7,0.3,High,0.8,,,,,,,
YG-SA-D4-N4-R70-30-MH-G20,Yeast Glucan,Succinic anhydride modification,D4,N4,0.7,0.3,High,2,,,,,,,
YG-SA-D4-N4-R70-30-MM-G01,Yeast Glucan,Succinic anhydride modification,D4,N4,0.7,0.3,Medium,0.1,,,,,,,
YG-SA-D4-N4-R70-30-MM-G08,Yeast Glucan,Succinic anhydride modification,D4,N4,0.7,0.3,Medium,0.8,,,,,,,
YG-SA-D4-N4-R70-30-MM-G20,Yeast Glucan,Succinic anhydride modification,D4,N4,0.7,0.3,Medium,2,,,,,,,
YG-SA-D4-N4-R70-30-ML-G01,Yeast Glucan,Succinic anhydride modification,D4,N4,0.7,0.3,Low,0.1,,,,,,,
YG-SA-D4-N4-R70-30-ML-G08,Yeast Glucan,Succinic anhydride modification,D4,N4,0.7,0.3,Low,0.8,,,,,,,
YG-SA-D4-N4-R70-30-ML-G20,Yeast Glucan,Succinic anhydride modification,D4,N4,0.7,0.3,Low,2,,,,,,,
YG-SA-D4-N4-R70-30-MU-G01,Yeast Glucan,Succinic anhydride modification,D4,N4,0.7,0.3,Unspecified,0.1,,,,,,,
YG-SA-D4-N4-R70-30-MU-G08,Yeast Glucan,Succinic anhydride modification,D4,N4,0.7,0.3,Unspecified,0.8,,,,,,,
YG-SA-D4-N4-R70-30-MU-G20,Yeast Glucan,Succinic anhydride modification,D4,N4,0.7,0.3,Unspecified,2,,,,,,,
YG-SA-D4-N4-R50-50-MH-G01,Yeast Glucan,Succinic anhydride modification,D4,N4,0.5,0.5,High,0.1,,,,,,,
YG-SA-D4-N4-R50-50-MH-G08,Yeast Glucan,Succinic anhydride modification,D4,N4,0.5,0.5,High,0.8,,,,,,,
YG-SA-D4-N4-R50-50-MH-G20,Yeast Glucan,Succinic anhydride modification,D4,N4,0.5,0.5,High,2,,,,,,,
YG-SA-D4-N4-R50-50-MM-G01,Yeast Glucan,Succinic anhydride modification,D4,N4,0.5,0.5,Medium,0.1,,,,,,,
YG-SA-D4-N4-R50-50-MM-G08,Yeast Glucan,Succinic anhydride modification,D4,N4,0.5,0.5,Medium,0.8,,,,,,,
YG-SA-D4-N4-R50-50-MM-G20,Yeast Glucan,Succinic anhydride modification,D4,N4,0.5,0.5,Medium,2,,,,,,,
YG-SA-D4-N4-R50-50-ML-G01,Yeast Glucan,Succinic anhydride modification,D4,N4,0.5,0.5,Low,0.1,,,,,,,
YG-SA-D4-N4-R50-50-ML-G08,Yeast Glucan,Succinic anhydride modification,D4,N4,0.5,0.5,Low,0.8,,,,,,,
YG-SA-D4-N4-R50-50-ML-G20,Yeast Glucan,Succinic anhydride modification,D4,N4,0.5,0.5,Low,2,,,,,,,
YG-SA-D4-N4-R50-50-MU-G01,Yeast Glucan,Succinic anhydride modification,D4,N4,0.5,0.5,Unspecified,0.1,,,,,,,
YG-SA-D4-N4-R50-50-MU-G08,Yeast Glucan,Succinic anhydride modification,D4,N4,0.5,0.5,Unspecified,0.8,,,,,,,
YG-SA-D4-N4-R50-50-MU-G20,Yeast Glucan,Succinic anhydride modification,D4,N4,0.5,0.5,Unspecified,2,,,,,,,
YG-SA-D4-N5-R90-10-MH-G01,Yeast Glucan,Succinic anhydride modification,D4,N5,0.9,0.1,High,0.1,,,,,,,
YG-SA-D4-N5-R90-10-MH-G08,Yeast Glucan,Succinic anhydride modification,D4,N5,0.9,0.1,High,0.8,,,,,,,
YG-SA-D4-N5-R90-10-MH-G20,Yeast Glucan,Succinic anhydride modification,D4,N5,0.9,0.1,High,2,,,,,,,
YG-SA-D4-N5-R90-10-MM-G01,Yeast Glucan,Succinic anhydride modification,D4,N5,0.9,0.1,Medium,0.1,,,,,,,
YG-SA-D4-N5-R90-10-MM-G08,Yeast Glucan,Succinic anhydride modification,D4,N5,0.9,0.1,Medium,0.8,,,,,,,
YG-SA-D4-N5-R90-10-MM-G20,Yeast Glucan,Succinic anhydride modification,D4,N5,0.9,0.1,Medium,2,,,,,,,
YG-SA-D4-N5-R90-10-ML-G01,Yeast Glucan,Succinic anhydride modification,D4,N5,0.9,0.1,Low,0.1,,,,,,,
YG-SA-D4-N5-R90-10-ML-G08,Yeast Glucan,Succinic anhydride modification,D4,N5,0.9,0.1,Low,0.8,,,,,,,
YG-SA-D4-N5-R90-10-ML-G20,Yeast Glucan,Succinic anhydride modification,D4,N5,0.9,0.1,Low,2,,,,,,,
YG-SA-D4-N5-R90-10-MU-G01,Yeast Glucan,Succinic anhydride modification,D4,N5,0.9,0.1,Unspecified,0.1,,,,,,,
YG-SA-D4-N5-R90-10-MU-G08,Yeast Glucan,Succinic anhydride modification,D4,N5,0.9,0.1,Unspecified,0.8,,,,,,,
YG-SA-D4-N5-R90-10-MU-G20,Yeast Glucan,Succinic anhydride modification,D4,N5,0.9,0.1,Unspecified,2,,,,,,,
YG-SA-D4-N5-R70-30-MH-G01,Yeast Glucan,Succinic anhydride modification,D4,N5,0.7,0.3,High,0.1,,,,,,,
YG-SA-D4-N5-R70-30-MH-G08,Yeast Glucan,Succinic anhydride modification,D4,N5,0.7,0.3,High,0.8,,,,,,,
YG-SA-D4-N5-R70-30-MH-G20,Yeast Glucan,Succinic anhydride modification,D4,N5,0.7,0.3,High,2,,,,,,,
YG-SA-D4-N5-R70-30-MM-G01,Yeast Glucan,Succinic anhydride modification,D4,N5,0.7,0.3,Medium,0.1,,,,,,,
YG-SA-D4-N5-R70-30-MM-G08,Yeast Glucan,Succinic anhydride modification,D4,N5,0.7,0.3,Medium,0.8,,,,,,,
YG-SA-D4-N5-R70-30-MM-G20,Yeast Glucan,Succinic anhydride modification,D4,N5,0.7,0.3,Medium,2,,,,,,,
YG-SA-D4-N5-R70-30-ML-G01,Yeast Glucan,Succinic anhydride modification,D4,N5,0.7,0.3,Low,0.1,,,,,,,
YG-SA-D4-N5-R70-30-ML-G08,Yeast Glucan,Succinic anhydride modification,D4,N5,0.7,0.3,Low,0.8,,,,,,,
YG-SA-D4-N5-R70-30-ML-G20,Yeast Glucan,Succinic anhydride modification,D4,N5,0.7,0.3,Low,2,,,,,,,
YG-SA-D4-N5-R70-30-MU-G01,Yeast Glucan,Succinic anhydride modification,D4,N5,0.7,0.3,Unspecified,0.1,,,,,,,
YG-SA-D4-N5-R70-30-MU-G08,Yeast Glucan,Succinic anhydride modification,D4,N5,0.7,0.3,Unspecified,0.8,,,,,,,
YG-SA-D4-N5-R70-30-MU-G20,Yeast Glucan,Succinic anhydride modification,D4,N5,0.7,0.3,Unspecified,2,,,,,,,
YG-SA-D4-N5-R50-50-MH-G01,Yeast Glucan,Succinic anhydride modification,D4,N5,0.5,0.5,High,0.1,,,,,,,
YG-SA-D4-N5-R50-50-MH-G08,Yeast Glucan,Succinic anhydride modification,D4,N5,0.5,0.5,High,0.8,,,,,,,
YG-SA-D4-N5-R50-50-MH-G20,Yeast Glucan,Succinic anhydride modification,D4,N5,0.5,0.5,High,2,,,,,,,
YG-SA-D4-N5-R50-50-MM-G01,Yeast Glucan,Succinic anhydride modification,D4,N5,0.5,0.5,Medium,0.1,,,,,,,
YG-SA-D4-N5-R50-50-MM-G08,Yeast Glucan,Succinic anhydride modification,D4,N5,0.5,0.5,Medium,0.8,,,,,,,
YG-SA-D4-N5-R50-50-MM-G20,Yeast Glucan,Succinic anhydride modification,D4,N5,0.5,0.5,Medium,2,,,,,,,
YG-SA-D4-N5-R50-50-ML-G01,Yeast Glucan,Succinic anhydride modification,D4,N5,0.5,0.5,Low,0.1,,,,,,,
YG-SA-D4-N5-R50-50-ML-G08,Yeast Glucan,Succinic anhydride modification,D4,N5,0.5,0.5,Low,0.8,,,,,,,
YG-SA-D4-N5-R50-50-ML-G20,Yeast Glucan,Succinic anhydride modification,D4,N5,0.5,0.5,Low,2,,,,,,,
YG-SA-D4-N5-R50-50-MU-G01,Yeast Glucan,Succinic anhydride modification,D4,N5,0.5,0.5,Unspecified,0.1,,,,,,,
YG-SA-D4-N5-R50-50-MU-G08,Yeast Glucan,Succinic anhydride modification,D4,N5,0.5,0.5,Unspecified,0.8,,,,,,,
YG-SA-D4-N5-R50-50-MU-G20,Yeast Glucan,Succinic anhydride modification,D4,N5,0.5,0.5,Unspecified,2,,,,,,,
YG-SA-D4-N6-R90-10-MH-G01,Yeast Glucan,Succinic anhydride modification,D4,N6,0.9,0.1,High,0.1,,,,,,,
YG-SA-D4-N6-R90-10-MH-G08,Yeast Glucan,Succinic anhydride modification,D4,N6,0.9,0.1,High,0.8,,,,,,,
YG-SA-D4-N6-R90-10-MH-G20,Yeast Glucan,Succinic anhydride modification,D4,N6,0.9,0.1,High,2,,,,,,,
YG-SA-D4-N6-R90-10-MM-G01,Yeast Glucan,Succinic anhydride modification,D4,N6,0.9,0.1,Medium,0.1,,,,,,,
YG-SA-D4-N6-R90-10-MM-G08,Yeast Glucan,Succinic anhydride modification,D4,N6,0.9,0.1,Medium,0.8,,,,,,,
YG-SA-D4-N6-R90-10-MM-G20,Yeast Glucan,Succinic anhydride modification,D4,N6,0.9,0.1,Medium,2,,,,,,,
YG-SA-D4-N6-R90-10-ML-G01,Yeast Glucan,Succinic anhydride modification,D4,N6,0.9,0.1,Low,0.1,,,,,,,
YG-SA-D4-N6-R90-10-ML-G08,Yeast Glucan,Succinic anhydride modification,D4,N6,0.9,0.1,Low,0.8,,,,,,,
YG-SA-D4-N6-R90-10-ML-G20,Yeast Glucan,Succinic anhydride modification,D4,N6,0.9,0.1,Low,2,,,,,,,
YG-SA-D4-N6-R90-10-MU-G01,Yeast Glucan,Succinic anhydride modification,D4,N6,0.9,0.1,Unspecified,0.1,,,,,,,
YG-SA-D4-N6-R90-10-MU-G08,Yeast Glucan,Succinic anhydride modification,D4,N6,0.9,0.1,Unspecified,0.8,,,,,,,
YG-SA-D4-N6-R90-10-MU-G20,Yeast Glucan,Succinic anhydride modification,D4,N6,0.9,0.1,Unspecified,2,,,,,,,
YG-SA-D4-N6-R70-30-MH-G01,Yeast Glucan,Succinic anhydride modification,D4,N6,0.7,0.3,High,0.1,,,,,,,
YG-SA-D4-N6-R70-30-MH-G08,Yeast Glucan,Succinic anhydride modification,D4,N6,0.7,0.3,High,0.8,,,,,,,
YG-SA-D4-N6-R70-30-MH-G20,Yeast Glucan,Succinic anhydride modification,D4,N6,0.7,0.3,High,2,,,,,,,
YG-SA-D4-N6-R70-30-MM-G01,Yeast Glucan,Succinic anhydride modification,D4,N6,0.7,0.3,Medium,0.1,,,,,,,
YG-SA-D4-N6-R70-30-MM-G08,Yeast Glucan,Succinic anhydride modification,D4,N6,0.7,0.3,Medium,0.8,,,,,,,
YG-SA-D4-N6-R70-30-MM-G20,Yeast Glucan,Succinic anhydride modification,D4,N6,0.7,0.3,Medium,2,,,,,,,
YG-SA-D4-N6-R70-30-ML-G01,Yeast Glucan,Succinic anhydride modification,D4,N6,0.7,0.3,Low,0.1,,,,,,,
YG-SA-D4-N6-R70-30-ML-G08,Yeast Glucan,Succinic anhydride modification,D4,N6,0.7,0.3,Low,0.8,,,,,,,
YG-SA-D4-N6-R70-30-ML-G20,Yeast Glucan,Succinic anhydride modification,D4,N6,0.7,0.3,Low,2,,,,,,,
YG-SA-D4-N6-R70-30-MU-G01,Yeast Glucan,Succinic anhydride modification,D4,N6,0.7,0.3,Unspecified,0.1,,,,,,,
YG-SA-D4-N6-R70-30-MU-G08,Yeast Glucan,Succinic anhydride modification,D4,N6,0.7,0.3,Unspecified,0.8,,,,,,,
YG-SA-D4-N6-R70-30-MU-G20,Yeast Glucan,Succinic anhydride modification,D4,N6,0.7,0.3,Unspecified,2,,,,,,,
YG-SA-D4-N6-R50-50-MH-G01,Yeast Glucan,Succinic anhydride modification,D4,N6,0.5,0.5,High,0.1,,,,,,,
YG-SA-D4-N6-R50-50-MH-G08,Yeast Glucan,Succinic anhydride modification,D4,N6,0.5,0.5,High,0.8,,,,,,,
YG-SA-D4-N6-R50-50-MH-G20,Yeast Glucan,Succinic anhydride modification,D4,N6,0.5,0.5,High,2,,,,,,,
YG-SA-D4-N6-R50-50-MM-G01,Yeast Glucan,Succinic anhydride modification,D4,N6,0.5,0.5,Medium,0.1,,,,,,,
YG-SA-D4-N6-R50-50-MM-G08,Yeast Glucan,Succinic anhydride modification,D4,N6,0.5,0.5,Medium,0.8,,,,,,,
YG-SA-D4-N6-R50-50-MM-G20,Yeast Glucan,Succinic anhydride modification,D4,N6,0.5,0.5,Medium,2,,,,,,,
YG-SA-D4-N6-R50-50-ML-G01,Yeast Glucan,Succinic anhydride modification,D4,N6,0.5,0.5,Low,0.1,,,,,,,
YG-SA-D4-N6-R50-50-ML-G08,Yeast Glucan,Succinic anhydride modification,D4,N6,0.5,0.5,Low,0.8,,,,,,,
YG-SA-D4-N6-R50-50-ML-G20,Yeast Glucan,Succinic anhydride modification,D4,N6,0.5,0.5,Low,2,,,,,,,
YG-SA-D4-N6-R50-50-MU-G01,Yeast Glucan,Succinic anhydride modification,D4,N6,0.5,0.5,Unspecified,0.1,,,,,,,
YG-SA-D4-N6-R50-50-MU-G08,Yeast Glucan,Succinic anhydride modification,D4,N6,0.5,0.5,Unspecified,0.8,,,,,,,
YG-SA-D4-N6-R50-50-MU-G20,Yeast Glucan,Succinic anhydride modification,D4,N6,0.5,0.5,Unspecified,2,,,,,,,
YG-SA-D5-N1-R90-10-MH-G01,Yeast Glucan,Succinic anhydride modification,D5,N1,0.9,0.1,High,0.1,,,,,,,
YG-SA-D5-N1-R90-10-MH-G08,Yeast Glucan,Succinic anhydride modification,D5,N1,0.9,0.1,High,0.8,,,,,,,
YG-SA-D5-N1-R90-10-MH-G20,Yeast Glucan,Succinic anhydride modification,D5,N1,0.9,0.1,High,2,,,,,,,
YG-SA-D5-N1-R90-10-MM-G01,Yeast Glucan,Succinic anhydride modification,D5,N1,0.9,0.1,Medium,0.1,,,,,,,
YG-SA-D5-N1-R90-10-MM-G08,Yeast Glucan,Succinic anhydride modification,D5,N1,0.9,0.1,Medium,0.8,,,,,,,
YG-SA-D5-N1-R90-10-MM-G20,Yeast Glucan,Succinic anhydride modification,D5,N1,0.9,0.1,Medium,2,,,,,,,
YG-SA-D5-N1-R90-10-ML-G01,Yeast Glucan,Succinic anhydride modification,D5,N1,0.9,0.1,Low,0.1,,,,,,,
YG-SA-D5-N1-R90-10-ML-G08,Yeast Glucan,Succinic anhydride modification,D5,N1,0.9,0.1,Low,0.8,,,,,,,
YG-SA-D5-N1-R90-10-ML-G20,Yeast Glucan,Succinic anhydride modification,D5,N1,0.9,0.1,Low,2,,,,,,,
YG-SA-D5-N1-R90-10-MU-G01,Yeast Glucan,Succinic anhydride modification,D5,N1,0.9,0.1,Unspecified,0.1,,,,,,,
YG-SA-D5-N1-R90-10-MU-G08,Yeast Glucan,Succinic anhydride modification,D5,N1,0.9,0.1,Unspecified,0.8,,,,,,,
YG-SA-D5-N1-R90-10-MU-G20,Yeast Glucan,Succinic anhydride modification,D5,N1,0.9,0.1,Unspecified,2,,,,,,,
YG-SA-D5-N1-R70-30-MH-G01,Yeast Glucan,Succinic anhydride modification,D5,N1,0.7,0.3,High,0.1,,,,,,,
YG-SA-D5-N1-R70-30-MH-G08,Yeast Glucan,Succinic anhydride modification,D5,N1,0.7,0.3,High,0.8,,,,,,,
YG-SA-D5-N1-R70-30-MH-G20,Yeast Glucan,Succinic anhydride modification,D5,N1,0.7,0.3,High,2,,,,,,,
YG-SA-D5-N1-R70-30-MM-G01,Yeast Glucan,Succinic anhydride modification,D5,N1,0.7,0.3,Medium,0.1,,,,,,,
YG-SA-D5-N1-R70-30-MM-G08,Yeast Glucan,Succinic anhydride modification,D5,N1,0.7,0.3,Medium,0.8,,,,,,,
YG-SA-D5-N1-R70-30-MM-G20,Yeast Glucan,Succinic anhydride modification,D5,N1,0.7,0.3,Medium,2,,,,,,,
YG-SA-D5-N1-R70-30-ML-G01,Yeast Glucan,Succinic anhydride modification,D5,N1,0.7,0.3,Low,0.1,,,,,,,
YG-SA-D5-N1-R70-30-ML-G08,Yeast Glucan,Succinic anhydride modification,D5,N1,0.7,0.3,Low,0.8,,,,,,,
YG-SA-D5-N1-R70-30-ML-G20,Yeast Glucan,Succinic anhydride modification,D5,N1,0.7,0.3,Low,2,,,,,,,
YG-SA-D5-N1-R70-30-MU-G01,Yeast Glucan,Succinic anhydride modification,D5,N1,0.7,0.3,Unspecified,0.1,,,,,,,
YG-SA-D5-N1-R70-30-MU-G08,Yeast Glucan,Succinic anhydride modification,D5,N1,0.7,0.3,Unspecified,0.8,,,,,,,
YG-SA-D5-N1-R70-30-MU-G20,Yeast Glucan,Succinic anhydride modification,D5,N1,0.7,0.3,Unspecified,2,,,,,,,
YG-SA-D5-N1-R50-50-MH-G01,Yeast Glucan,Succinic anhydride modification,D5,N1,0.5,0.5,High,0.1,,,,,,,
YG-SA-D5-N1-R50-50-MH-G08,Yeast Glucan,Succinic anhydride modification,D5,N1,0.5,0.5,High,0.8,,,,,,,
YG-SA-D5-N1-R50-50-MH-G20,Yeast Glucan,Succinic anhydride modification,D5,N1,0.5,0.5,High,2,,,,,,,
YG-SA-D5-N1-R50-50-MM-G01,Yeast Glucan,Succinic anhydride modification,D5,N1,0.5,0.5,Medium,0.1,,,,,,,
YG-SA-D5-N1-R50-50-MM-G08,Yeast Glucan,Succinic anhydride modification,D5,N1,0.5,0.5,Medium,0.8,,,,,,,
YG-SA-D5-N1-R50-50-MM-G20,Yeast Glucan,Succinic anhydride modification,D5,N1,0.5,0.5,Medium,2,,,,,,,
YG-SA-D5-N1-R50-50-ML-G01,Yeast Glucan,Succinic anhydride modification,D5,N1,0.5,0.5,Low,0.1,,,,,,,
YG-SA-D5-N1-R50-50-ML-G08,Yeast Glucan,Succinic anhydride modification,D5,N1,0.5,0.5,Low,0.8,,,,,,,
YG-SA-D5-N1-R50-50-ML-G20,Yeast Glucan,Succinic anhydride modification,D5,N1,0.5,0.5,Low,2,,,,,,,
YG-SA-D5-N1-R50-50-MU-G01,Yeast Glucan,Succinic anhydride modification,D5,N1,0.5,0.5,Unspecified,0.1,,,,,,,
YG-SA-D5-N1-R50-50-MU-G08,Yeast Glucan,Succinic anhydride modification,D5,N1,0.5,0.5,Unspecified,0.8,,,,,,,
YG-SA-D5-N1-R50-50-MU-G20,Yeast Glucan,Succinic anhydride modification,D5,N1,0.5,0.5,Unspecified,2,,,,,,,
YG-SA-D5-N2-R90-10-MH-G01,Yeast Glucan,Succinic anhydride modification,D5,N2,0.9,0.1,High,0.1,,,,,,,
YG-SA-D5-N2-R90-10-MH-G08,Yeast Glucan,Succinic anhydride modification,D5,N2,0.9,0.1,High,0.8,,,,,,,
YG-SA-D5-N2-R90-10-MH-G20,Yeast Glucan,Succinic anhydride modification,D5,N2,0.9,0.1,High,2,,,,,,,
YG-SA-D5-N2-R90-10-MM-G01,Yeast Glucan,Succinic anhydride modification,D5,N2,0.9,0.1,Medium,0.1,,,,,,,
YG-SA-D5-N2-R90-10-MM-G08,Yeast Glucan,Succinic anhydride modification,D5,N2,0.9,0.1,Medium,0.8,,,,,,,
YG-SA-D5-N2-R90-10-MM-G20,Yeast Glucan,Succinic anhydride modification,D5,N2,0.9,0.1,Medium,2,,,,,,,
YG-SA-D5-N2-R90-10-ML-G01,Yeast Glucan,Succinic anhydride modification,D5,N2,0.9,0.1,Low,0.1,,,,,,,
YG-SA-D5-N2-R90-10-ML-G08,Yeast Glucan,Succinic anhydride modification,D5,N2,0.9,0.1,Low,0.8,,,,,,,
YG-SA-D5-N2-R90-10-ML-G20,Yeast Glucan,Succinic anhydride modification,D5,N2,0.9,0.1,Low,2,,,,,,,
YG-SA-D5-N2-R90-10-MU-G01,Yeast Glucan,Succinic anhydride modification,D5,N2,0.9,0.1,Unspecified,0.1,,,,,,,
YG-SA-D5-N2-R90-10-MU-G08,Yeast Glucan,Succinic anhydride modification,D5,N2,0.9,0.1,Unspecified,0.8,,,,,,,
YG-SA-D5-N2-R90-10-MU-G20,Yeast Glucan,Succinic anhydride modification,D5,N2,0.9,0.1,Unspecified,2,,,,,,,
YG-SA-D5-N2-R70-30-MH-G01,Yeast Glucan,Succinic anhydride modification,D5,N2,0.7,0.3,High,0.1,,,,,,,
YG-SA-D5-N2-R70-30-MH-G08,Yeast Glucan,Succinic anhydride modification,D5,N2,0.7,0.3,High,0.8,,,,,,,
YG-SA-D5-N2-R70-30-MH-G20,Yeast Glucan,Succinic anhydride modification,D5,N2,0.7,0.3,High,2,,,,,,,
YG-SA-D5-N2-R70-30-MM-G01,Yeast Glucan,Succinic anhydride modification,D5,N2,0.7,0.3,Medium,0.1,,,,,,,
YG-SA-D5-N2-R70-30-MM-G08,Yeast Glucan,Succinic anhydride modification,D5,N2,0.7,0.3,Medium,0.8,,,,,,,
YG-SA-D5-N2-R70-30-MM-G20,Yeast Glucan,Succinic anhydride modification,D5,N2,0.7,0.3,Medium,2,,,,,,,
YG-SA-D5-N2-R70-30-ML-G01,Yeast Glucan,Succinic anhydride modification,D5,N2,0.7,0.3,Low,0.1,,,,,,,
YG-SA-D5-N2-R70-30-ML-G08,Yeast Glucan,Succinic anhydride modification,D5,N2,0.7,0.3,Low,0.8,,,,,,,
YG-SA-D5-N2-R70-30-ML-G20,Yeast Glucan,Succinic anhydride modification,D5,N2,0.7,0.3,Low,2,,,,,,,
YG-SA-D5-N2-R70-30-MU-G01,Yeast Glucan,Succinic anhydride modification,D5,N2,0.7,0.3,Unspecified,0.1,,,,,,,
YG-SA-D5-N2-R70-30-MU-G08,Yeast Glucan,Succinic anhydride modification,D5,N2,0.7,0.3,Unspecified,0.8,,,,,,,
YG-SA-D5-N2-R70-30-MU-G20,Yeast Glucan,Succinic anhydride modification,D5,N2,0.7,0.3,Unspecified,2,,,,,,,
YG-SA-D5-N2-R50-50-MH-G01,Yeast Glucan,Succinic anhydride modification,D5,N2,0.5,0.5,High,0.1,,,,,,,
YG-SA-D5-N2-R50-50-MH-G08,Yeast Glucan,Succinic anhydride modification,D5,N2,0.5,0.5,High,0.8,,,,,,,
YG-SA-D5-N2-R50-50-MH-G20,Yeast Glucan,Succinic anhydride modification,D5,N2,0.5,0.5,High,2,,,,,,,
YG-SA-D5-N2-R50-50-MM-G01,Yeast Glucan,Succinic anhydride modification,D5,N2,0.5,0.5,Medium,0.1,,,,,,,
YG-SA-D5-N2-R50-50-MM-G08,Yeast Glucan,Succinic anhydride modification,D5,N2,0.5,0.5,Medium,0.8,,,,,,,
YG-SA-D5-N2-R50-50-MM-G20,Yeast Glucan,Succinic anhydride modification,D5,N2,0.5,0.5,Medium,2,,,,,,,
YG-SA-D5-N2-R50-50-ML-G01,Yeast Glucan,Succinic anhydride modification,D5,N2,0.5,0.5,Low,0.1,,,,,,,
YG-SA-D5-N2-R50-50-ML-G08,Yeast Glucan,Succinic anhydride modification,D5,N2,0.5,0.5,Low,0.8,,,,,,,
YG-SA-D5-N2-R50-50-ML-G20,Yeast Glucan,Succinic anhydride modification,D5,N2,0.5,0.5,Low,2,,,,,,,
YG-SA-D5-N2-R50-50-MU-G01,Yeast Glucan,Succinic anhydride modification,D5,N2,0.5,0.5,Unspecified,0.1,,,,,,,
YG-SA-D5-N2-R50-50-MU-G08,Yeast Glucan,Succinic anhydride modification,D5,N2,0.5,0.5,Unspecified,0.8,,,,,,,
YG-SA-D5-N2-R50-50-MU-G20,Yeast Glucan,Succinic anhydride modification,D5,N2,0.5,0.5,Unspecified,2,,,,,,,
YG-SA-D5-N3-R90-10-MH-G01,Yeast Glucan,Succinic anhydride modification,D5,N3,0.9,0.1,High,0.1,,,,,,,
YG-SA-D5-N3-R90-10-MH-G08,Yeast Glucan,Succinic anhydride modification,D5,N3,0.9,0.1,High,0.8,,,,,,,
YG-SA-D5-N3-R90-10-MH-G20,Yeast Glucan,Succinic anhydride modification,D5,N3,0.9,0.1,High,2,,,,,,,
YG-SA-D5-N3-R90-10-MM-G01,Yeast Glucan,Succinic anhydride modification,D5,N3,0.9,0.1,Medium,0.1,,,,,,,
YG-SA-D5-N3-R90-10-MM-G08,Yeast Glucan,Succinic anhydride modification,D5,N3,0.9,0.1,Medium,0.8,,,,,,,
YG-SA-D5-N3-R90-10-MM-G20,Yeast Glucan,Succinic anhydride modification,D5,N3,0.9,0.1,Medium,2,,,,,,,
YG-SA-D5-N3-R90-10-ML-G01,Yeast Glucan,Succinic anhydride modification,D5,N3,0.9,0.1,Low,0.1,,,,,,,
YG-SA-D5-N3-R90-10-ML-G08,Yeast Glucan,Succinic anhydride modification,D5,N3,0.9,0.1,Low,0.8,,,,,,,
YG-SA-D5-N3-R90-10-ML-G20,Yeast Glucan,Succinic anhydride modification,D5,N3,0.9,0.1,Low,2,,,,,,,
YG-SA-D5-N3-R90-10-MU-G01,Yeast Glucan,Succinic anhydride modification,D5,N3,0.9,0.1,Unspecified,0.1,,,,,,,
YG-SA-D5-N3-R90-10-MU-G08,Yeast Glucan,Succinic anhydride modification,D5,N3,0.9,0.1,Unspecified,0.8,,,,,,,
YG-SA-D5-N3-R90-10-MU-G20,Yeast Glucan,Succinic anhydride modification,D5,N3,0.9,0.1,Unspecified,2,,,,,,,
YG-SA-D5-N3-R70-30-MH-G01,Yeast Glucan,Succinic anhydride modification,D5,N3,0.7,0.3,High,0.1,,,,,,,
YG-SA-D5-N3-R70-30-MH-G08,Yeast Glucan,Succinic anhydride modification,D5,N3,0.7,0.3,High,0.8,,,,,,,
YG-SA-D5-N3-R70-30-MH-G20,Yeast Glucan,Succinic anhydride modification,D5,N3,0.7,0.3,High,2,,,,,,,
YG-SA-D5-N3-R70-30-MM-G01,Yeast Glucan,Succinic anhydride modification,D5,N3,0.7,0.3,Medium,0.1,,,,,,,
YG-SA-D5-N3-R70-30-MM-G08,Yeast Glucan,Succinic anhydride modification,D5,N3,0.7,0.3,Medium,0.8,,,,,,,
YG-SA-D5-N3-R70-30-MM-G20,Yeast Glucan,Succinic anhydride modification,D5,N3,0.7,0.3,Medium,2,,,,,,,
YG-SA-D5-N3-R70-30-ML-G01,Yeast Glucan,Succinic anhydride modification,D5,N3,0.7,0.3,Low,0.1,,,,,,,
YG-SA-D5-N3-R70-30-ML-G08,Yeast Glucan,Succinic anhydride modification,D5,N3,0.7,0.3,Low,0.8,,,,,,,
YG-SA-D5-N3-R70-30-ML-G20,Yeast Glucan,Succinic anhydride modification,D5,N3,0.7,0.3,Low,2,,,,,,,
YG-SA-D5-N3-R70-30-MU-G01,Yeast Glucan,Succinic anhydride modification,D5,N3,0.7,0.3,Unspecified,0.1,,,,,,,
YG-SA-D5-N3-R70-30-MU-G08,Yeast Glucan,Succinic anhydride modification,D5,N3,0.7,0.3,Unspecified,0.8,,,,,,,
YG-SA-D5-N3-R70-30-MU-G20,Yeast Glucan,Succinic anhydride modification,D5,N3,0.7,0.3,Unspecified,2,,,,,,,
YG-SA-D5-N3-R50-50-MH-G01,Yeast Glucan,Succinic anhydride modification,D5,N3,0.5,0.5,High,0.1,,,,,,,
YG-SA-D5-N3-R50-50-MH-G08,Yeast Glucan,Succinic anhydride modification,D5,N3,0.5,0.5,High,0.8,,,,,,,
YG-SA-D5-N3-R50-50-MH-G20,Yeast Glucan,Succinic anhydride modification,D5,N3,0.5,0.5,High,2,,,,,,,
YG-SA-D5-N3-R50-50-MM-G01,Yeast Glucan,Succinic anhydride modification,D5,N3,0.5,0.5,Medium,0.1,,,,,,,
YG-SA-D5-N3-R50-50-MM-G08,Yeast Glucan,Succinic anhydride modification,D5,N3,0.5,0.5,Medium,0.8,,,,,,,
YG-SA-D5-N3-R50-50-MM-G20,Yeast Glucan,Succinic anhydride modification,D5,N3,0.5,0.5,Medium,2,,,,,,,
YG-SA-D5-N3-R50-50-ML-G01,Yeast Glucan,Succinic anhydride modification,D5,N3,0.5,0.5,Low,0.1,,,,,,,
YG-SA-D5-N3-R50-50-ML-G08,Yeast Glucan,Succinic anhydride modification,D5,N3,0.5,0.5,Low,0.8,,,,,,,
YG-SA-D5-N3-R50-50-ML-G20,Yeast Glucan,Succinic anhydride modification,D5,N3,0.5,0.5,Low,2,,,,,,,
YG-SA-D5-N3-R50-50-MU-G01,Yeast Glucan,Succinic anhydride modification,D5,N3,0.5,0.5,Unspecified,0.1,,,,,,,
YG-SA-D5-N3-R50-50-MU-G08,Yeast Glucan,Succinic anhydride modification,D5,N3,0.5,0.5,Unspecified,0.8,,,,,,,
YG-SA-D5-N3-R50-50-MU-G20,Yeast Glucan,Succinic anhydride modification,D5,N3,0.5,0.5,Unspecified,2,,,,,,,
YG-SA-D5-N4-R90-10-MH-G01,Yeast Glucan,Succinic anhydride modification,D5,N4,0.9,0.1,High,0.1,,,,,,,
YG-SA-D5-N4-R90-10-MH-G08,Yeast Glucan,Succinic anhydride modification,D5,N4,0.9,0.1,High,0.8,,,,,,,
YG-SA-D5-N4-R90-10-MH-G20,Yeast Glucan,Succinic anhydride modification,D5,N4,0.9,0.1,High,2,,,,,,,
YG-SA-D5-N4-R90-10-MM-G01,Yeast Glucan,Succinic anhydride modification,D5,N4,0.9,0.1,Medium,0.1,,,,,,,
YG-SA-D5-N4-R90-10-MM-G08,Yeast Glucan,Succinic anhydride modification,D5,N4,0.9,0.1,Medium,0.8,,,,,,,
YG-SA-D5-N4-R90-10-MM-G20,Yeast Glucan,Succinic anhydride modification,D5,N4,0.9,0.1,Medium,2,,,,,,,
YG-SA-D5-N4-R90-10-ML-G01,Yeast Glucan,Succinic anhydride modification,D5,N4,0.9,0.1,Low,0.1,,,,,,,
YG-SA-D5-N4-R90-10-ML-G08,Yeast Glucan,Succinic anhydride modification,D5,N4,0.9,0.1,Low,0.8,,,,,,,
YG-SA-D5-N4-R90-10-ML-G20,Yeast Glucan,Succinic anhydride modification,D5,N4,0.9,0.1,Low,2,,,,,,,
YG-SA-D5-N4-R90-10-MU-G01,Yeast Glucan,Succinic anhydride modification,D5,N4,0.9,0.1,Unspecified,0.1,,,,,,,
YG-SA-D5-N4-R90-10-MU-G08,Yeast Glucan,Succinic anhydride modification,D5,N4,0.9,0.1,Unspecified,0.8,,,,,,,
YG-SA-D5-N4-R90-10-MU-G20,Yeast Glucan,Succinic anhydride modification,D5,N4,0.9,0.1,Unspecified,2,,,,,,,
YG-SA-D5-N4-R70-30-MH-G01,Yeast Glucan,Succinic anhydride modification,D5,N4,0.7,0.3,High,0.1,,,,,,,
YG-SA-D5-N4-R70-30-MH-G08,Yeast Glucan,Succinic anhydride modification,D5,N4,0.7,0.3,High,0.8,,,,,,,
YG-SA-D5-N4-R70-30-MH-G20,Yeast Glucan,Succinic anhydride modification,D5,N4,0.7,0.3,High,2,,,,,,,
YG-SA-D5-N4-R70-30-MM-G01,Yeast Glucan,Succinic anhydride modification,D5,N4,0.7,0.3,Medium,0.1,,,,,,,
YG-SA-D5-N4-R70-30-MM-G08,Yeast Glucan,Succinic anhydride modification,D5,N4,0.7,0.3,Medium,0.8,,,,,,,
YG-SA-D5-N4-R70-30-MM-G20,Yeast Glucan,Succinic anhydride modification,D5,N4,0.7,0.3,Medium,2,,,,,,,
YG-SA-D5-N4-R70-30-ML-G01,Yeast Glucan,Succinic anhydride modification,D5,N4,0.7,0.3,Low,0.1,,,,,,,
YG-SA-D5-N4-R70-30-ML-G08,Yeast Glucan,Succinic anhydride modification,D5,N4,0.7,0.3,Low,0.8,,,,,,,
YG-SA-D5-N4-R70-30-ML-G20,Yeast Glucan,Succinic anhydride modification,D5,N4,0.7,0.3,Low,2,,,,,,,
YG-SA-D5-N4-R70-30-MU-G01,Yeast Glucan,Succinic anhydride modification,D5,N4,0.7,0.3,Unspecified,0.1,,,,,,,
YG-SA-D5-N4-R70-30-MU-G08,Yeast Glucan,Succinic anhydride modification,D5,N4,0.7,0.3,Unspecified,0.8,,,,,,,
YG-SA-D5-N4-R70-30-MU-G20,Yeast Glucan,Succinic anhydride modification,D5,N4,0.7,0.3,Unspecified,2,,,,,,,
YG-SA-D5-N4-R50-50-MH-G01,Yeast Glucan,Succinic anhydride modification,D5,N4,0.5,0.5,High,0.1,,,,,,,
YG-SA-D5-N4-R50-50-MH-G08,Yeast Glucan,Succinic anhydride modification,D5,N4,0.5,0.5,High,0.8,,,,,,,
YG-SA-D5-N4-R50-50-MH-G20,Yeast Glucan,Succinic anhydride modification,D5,N4,0.5,0.5,High,2,,,,,,,
YG-SA-D5-N4-R50-50-MM-G01,Yeast Glucan,Succinic anhydride modification,D5,N4,0.5,0.5,Medium,0.1,,,,,,,
YG-SA-D5-N4-R50-50-MM-G08,Yeast Glucan,Succinic anhydride modification,D5,N4,0.5,0.5,Medium,0.8,,,,,,,
YG-SA-D5-N4-R50-50-MM-G20,Yeast Glucan,Succinic anhydride modification,D5,N4,0.5,0.5,Medium,2,,,,,,,
YG-SA-D5-N4-R50-50-ML-G01,Yeast Glucan,Succinic anhydride modification,D5,N4,0.5,0.5,Low,0.1,,,,,,,
YG-SA-D5-N4-R50-50-ML-G08,Yeast Glucan,Succinic anhydride modification,D5,N4,0.5,0.5,Low,0.8,,,,,,,
YG-SA-D5-N4-R50-50-ML-G20,Yeast Glucan,Succinic anhydride modification,D5,N4,0.5,0.5,Low,2,,,,,,,
YG-SA-D5-N4-R50-50-MU-G01,Yeast Glucan,Succinic anhydride modification,D5,N4,0.5,0.5,Unspecified,0.1,,,,,,,
YG-SA-D5-N4-R50-50-MU-G08,Yeast Glucan,Succinic anhydride modification,D5,N4,0.5,0.5,Unspecified,0.8,,,,,,,
YG-SA-D5-N4-R50-50-MU-G20,Yeast Glucan,Succinic anhydride modification,D5,N4,0.5,0.5,Unspecified,2,,,,,,,
YG-SA-D5-N5-R90-10-MH-G01,Yeast Glucan,Succinic anhydride modification,D5,N5,0.9,0.1,High,0.1,,,,,,,
YG-SA-D5-N5-R90-10-MH-G08,Yeast Glucan,Succinic anhydride modification,D5,N5,0.9,0.1,High,0.8,,,,,,,
YG-SA-D5-N5-R90-10-MH-G20,Yeast Glucan,Succinic anhydride modification,D5,N5,0.9,0.1,High,2,,,,,,,
YG-SA-D5-N5-R90-10-MM-G01,Yeast Glucan,Succinic anhydride modification,D5,N5,0.9,0.1,Medium,0.1,,,,,,,
YG-SA-D5-N5-R90-10-MM-G08,Yeast Glucan,Succinic anhydride modification,D5,N5,0.9,0.1,Medium,0.8,,,,,,,
YG-SA-D5-N5-R90-10-MM-G20,Yeast Glucan,Succinic anhydride modification,D5,N5,0.9,0.1,Medium,2,,,,,,,
YG-SA-D5-N5-R90-10-ML-G01,Yeast Glucan,Succinic anhydride modification,D5,N5,0.9,0.1,Low,0.1,,,,,,,
YG-SA-D5-N5-R90-10-ML-G08,Yeast Glucan,Succinic anhydride modification,D5,N5,0.9,0.1,Low,0.8,,,,,,,
YG-SA-D5-N5-R90-10-ML-G20,Yeast Glucan,Succinic anhydride modification,D5,N5,0.9,0.1,Low,2,,,,,,,
YG-SA-D5-N5-R90-10-MU-G01,Yeast Glucan,Succinic anhydride modification,D5,N5,0.9,0.1,Unspecified,0.1,,,,,,,
YG-SA-D5-N5-R90-10-MU-G08,Yeast Glucan,Succinic anhydride modification,D5,N5,0.9,0.1,Unspecified,0.8,,,,,,,
YG-SA-D5-N5-R90-10-MU-G20,Yeast Glucan,Succinic anhydride modification,D5,N5,0.9,0.1,Unspecified,2,,,,,,,
YG-SA-D5-N5-R70-30-MH-G01,Yeast Glucan,Succinic anhydride modification,D5,N5,0.7,0.3,High,0.1,,,,,,,
YG-SA-D5-N5-R70-30-MH-G08,Yeast Glucan,Succinic anhydride modification,D5,N5,0.7,0.3,High,0.8,,,,,,,
YG-SA-D5-N5-R70-30-MH-G20,Yeast Glucan,Succinic anhydride modification,D5,N5,0.7,0.3,High,2,,,,,,,
YG-SA-D5-N5-R70-30-MM-G01,Yeast Glucan,Succinic anhydride modification,D5,N5,0.7,0.3,Medium,0.1,,,,,,,
YG-SA-D5-N5-R70-30-MM-G08,Yeast Glucan,Succinic anhydride modification,D5,N5,0.7,0.3,Medium,0.8,,,,,,,
YG-SA-D5-N5-R70-30-MM-G20,Yeast Glucan,Succinic anhydride modification,D5,N5,0.7,0.3,Medium,2,,,,,,,
YG-SA-D5-N5-R70-30-ML-G01,Yeast Glucan,Succinic anhydride modification,D5,N5,0.7,0.3,Low,0.1,,,,,,,
YG-SA-D5-N5-R70-30-ML-G08,Yeast Glucan,Succinic anhydride modification,D5,N5,0.7,0.3,Low,0.8,,,,,,,
YG-SA-D5-N5-R70-30-ML-G20,Yeast Glucan,Succinic anhydride modification,D5,N5,0.7,0.3,Low,2,,,,,,,
YG-SA-D5-N5-R70-30-MU-G01,Yeast Glucan,Succinic anhydride modification,D5,N5,0.7,0.3,Unspecified,0.1,,,,,,,
YG-SA-D5-N5-R70-30-MU-G08,Yeast Glucan,Succinic anhydride modification,D5,N5,0.7,0.3,Unspecified,0.8,,,,,,,
YG-SA-D5-N5-R70-30-MU-G20,Yeast Glucan,Succinic anhydride modification,D5,N5,0.7,0.3,Unspecified,2,,,,,,,
YG-SA-D5-N5-R50-50-MH-G01,Yeast Glucan,Succinic anhydride modification,D5,N5,0.5,0.5,High,0.1,,,,,,,
YG-SA-D5-N5-R50-50-MH-G08,Yeast Glucan,Succinic anhydride modification,D5,N5,0.5,0.5,High,0.8,,,,,,,
YG-SA-D5-N5-R50-50-MH-G20,Yeast Glucan,Succinic anhydride modification,D5,N5,0.5,0.5,High,2,,,,,,,
YG-SA-D5-N5-R50-50-MM-G01,Yeast Glucan,Succinic anhydride modification,D5,N5,0.5,0.5,Medium,0.1,,,,,,,
YG-SA-D5-N5-R50-50-MM-G08,Yeast Glucan,Succinic anhydride modification,D5,N5,0.5,0.5,Medium,0.8,,,,,,,
YG-SA-D5-N5-R50-50-MM-G20,Yeast Glucan,Succinic anhydride modification,D5,N5,0.5,0.5,Medium,2,,,,,,,
YG-SA-D5-N5-R50-50-ML-G01,Yeast Glucan,Succinic anhydride modification,D5,N5,0.5,0.5,Low,0.1,,,,,,,
YG-SA-D5-N5-R50-50-ML-G08,Yeast Glucan,Succinic anhydride modification,D5,N5,0.5,0.5,Low,0.8,,,,,,,
YG-SA-D5-N5-R50-50-ML-G20,Yeast Glucan,Succinic anhydride modification,D5,N5,0.5,0.5,Low,2,,,,,,,
YG-SA-D5-N5-R50-50-MU-G01,Yeast Glucan,Succinic anhydride modification,D5,N5,0.5,0.5,Unspecified,0.1,,,,,,,
YG-SA-D5-N5-R50-50-MU-G08,Yeast Glucan,Succinic anhydride modification,D5,N5,0.5,0.5,Unspecified,0.8,,,,,,,
YG-SA-D5-N5-R50-50-MU-G20,Yeast Glucan,Succinic anhydride modification,D5,N5,0.5,0.5,Unspecified,2,,,,,,,
YG-SA-D5-N6-R90-10-MH-G01,Yeast Glucan,Succinic anhydride modification,D5,N6,0.9,0.1,High,0.1,,,,,,,
YG-SA-D5-N6-R90-10-MH-G08,Yeast Glucan,Succinic anhydride modification,D5,N6,0.9,0.1,High,0.8,,,,,,,
YG-SA-D5-N6-R90-10-MH-G20,Yeast Glucan,Succinic anhydride modification,D5,N6,0.9,0.1,High,2,,,,,,,
YG-SA-D5-N6-R90-10-MM-G01,Yeast Glucan,Succinic anhydride modification,D5,N6,0.9,0.1,Medium,0.1,,,,,,,
YG-SA-D5-N6-R90-10-MM-G08,Yeast Glucan,Succinic anhydride modification,D5,N6,0.9,0.1,Medium,0.8,,,,,,,
YG-SA-D5-N6-R90-10-MM-G20,Yeast Glucan,Succinic anhydride modification,D5,N6,0.9,0.1,Medium,2,,,,,,,
YG-SA-D5-N6-R90-10-ML-G01,Yeast Glucan,Succinic anhydride modification,D5,N6,0.9,0.1,Low,0.1,,,,,,,
YG-SA-D5-N6-R90-10-ML-G08,Yeast Glucan,Succinic anhydride modification,D5,N6,0.9,0.1,Low,0.8,,,,,,,
YG-SA-D5-N6-R90-10-ML-G20,Yeast Glucan,Succinic anhydride modification,D5,N6,0.9,0.1,Low,2,,,,,,,
YG-SA-D5-N6-R90-10-MU-G01,Yeast Glucan,Succinic anhydride modification,D5,N6,0.9,0.1,Unspecified,0.1,,,,,,,
YG-SA-D5-N6-R90-10-MU-G08,Yeast Glucan,Succinic anhydride modification,D5,N6,0.9,0.1,Unspecified,0.8,,,,,,,
YG-SA-D5-N6-R90-10-MU-G20,Yeast Glucan,Succinic anhydride modification,D5,N6,0.9,0.1,Unspecified,2,,,,,,,
YG-SA-D5-N6-R70-30-MH-G01,Yeast Glucan,Succinic anhydride modification,D5,N6,0.7,0.3,High,0.1,,,,,,,
YG-SA-D5-N6-R70-30-MH-G08,Yeast Glucan,Succinic anhydride modification,D5,N6,0.7,0.3,High,0.8,,,,,,,
YG-SA-D5-N6-R70-30-MH-G20,Yeast Glucan,Succinic anhydride modification,D5,N6,0.7,0.3,High,2,,,,,,,
YG-SA-D5-N6-R70-30-MM-G01,Yeast Glucan,Succinic anhydride modification,D5,N6,0.7,0.3,Medium,0.1,,,,,,,
YG-SA-D5-N6-R70-30-MM-G08,Yeast Glucan,Succinic anhydride modification,D5,N6,0.7,0.3,Medium,0.8,,,,,,,
YG-SA-D5-N6-R70-30-MM-G20,Yeast Glucan,Succinic anhydride modification,D5,N6,0.7,0.3,Medium,2,,,,,,,
YG-SA-D5-N6-R70-30-ML-G01,Yeast Glucan,Succinic anhydride modification,D5,N6,0.7,0.3,Low,0.1,,,,,,,
YG-SA-D5-N6-R70-30-ML-G08,Yeast Glucan,Succinic anhydride modification,D5,N6,0.7,0.3,Low,0.8,,,,,,,
YG-SA-D5-N6-R70-30-ML-G20,Yeast Glucan,Succinic anhydride modification,D5,N6,0.7,0.3,Low,2,,,,,,,
YG-SA-D5-N6-R70-30-MU-G01,Yeast Glucan,Succinic anhydride modification,D5,N6,0.7,0.3,Unspecified,0.1,,,,,,,
YG-SA-D5-N6-R70-30-MU-G08,Yeast Glucan,Succinic anhydride modification,D5,N6,0.7,0.3,Unspecified,0.8,,,,,,,
YG-SA-D5-N6-R70-30-MU-G20,Yeast Glucan,Succinic anhydride modification,D5,N6,0.7,0.3,Unspecified,2,,,,,,,
YG-SA-D5-N6-R50-50-MH-G01,Yeast Glucan,Succinic anhydride modification,D5,N6,0.5,0.5,High,0.1,,,,,,,
YG-SA-D5-N6-R50-50-MH-G08,Yeast Glucan,Succinic anhydride modification,D5,N6,0.5,0.5,High,0.8,,,,,,,
YG-SA-D5-N6-R50-50-MH-G20,Yeast Glucan,Succinic anhydride modification,D5,N6,0.5,0.5,High,2,,,,,,,
YG-SA-D5-N6-R50-50-MM-G01,Yeast Glucan,Succinic anhydride modification,D5,N6,0.5,0.5,Medium,0.1,,,,,,,
YG-SA-D5-N6-R50-50-MM-G08,Yeast Glucan,Succinic anhydride modification,D5,N6,0.5,0.5,Medium,0.8,,,,,,,
YG-SA-D5-N6-R50-50-MM-G20,Yeast Glucan,Succinic anhydride modification,D5,N6,0.5,0.5,Medium,2,,,,,,,
YG-SA-D5-N6-R50-50-ML-G01,Yeast Glucan,Succinic anhydride modification,D5,N6,0.5,0.5,Low,0.1,,,,,,,
YG-SA-D5-N6-R50-50-ML-G08,Yeast Glucan,Succinic anhydride modification,D5,N6,0.5,0.5,Low,0.8,,,,,,,
YG-SA-D5-N6-R50-50-ML-G20,Yeast Glucan,Succinic anhydride modification,D5,N6,0.5,0.5,Low,2,,,,,,,
YG-SA-D5-N6-R50-50-MU-G01,Yeast Glucan,Succinic anhydride modification,D5,N6,0.5,0.5,Unspecified,0.1,,,,,,,
YG-SA-D5-N6-R50-50-MU-G08,Yeast Glucan,Succinic anhydride modification,D5,N6,0.5,0.5,Unspecified,0.8,,,,,,,
YG-SA-D5-N6-R50-50-MU-G20,Yeast Glucan,Succinic anhydride modification,D5,N6,0.5,0.5,Unspecified,2,,,,,,,
YG-HO-D1-N1-R90-10-MH-G01,Yeast Glucan,H?O? oxidation,D1,N1,0.9,0.1,High,0.1,,,,,,,
YG-HO-D1-N1-R90-10-MH-G08,Yeast Glucan,H?O? oxidation,D1,N1,0.9,0.1,High,0.8,,,,,,,
YG-HO-D1-N1-R90-10-MH-G20,Yeast Glucan,H?O? oxidation,D1,N1,0.9,0.1,High,2,,,,,,,
YG-HO-D1-N1-R90-10-MM-G01,Yeast Glucan,H?O? oxidation,D1,N1,0.9,0.1,Medium,0.1,,,,,,,
YG-HO-D1-N1-R90-10-MM-G08,Yeast Glucan,H?O? oxidation,D1,N1,0.9,0.1,Medium,0.8,,,,,,,
YG-HO-D1-N1-R90-10-MM-G20,Yeast Glucan,H?O? oxidation,D1,N1,0.9,0.1,Medium,2,,,,,,,
YG-HO-D1-N1-R90-10-ML-G01,Yeast Glucan,H?O? oxidation,D1,N1,0.9,0.1,Low,0.1,,,,,,,
YG-HO-D1-N1-R90-10-ML-G08,Yeast Glucan,H?O? oxidation,D1,N1,0.9,0.1,Low,0.8,,,,,,,
YG-HO-D1-N1-R90-10-ML-G20,Yeast Glucan,H?O? oxidation,D1,N1,0.9,0.1,Low,2,,,,,,,
YG-HO-D1-N1-R90-10-MU-G01,Yeast Glucan,H?O? oxidation,D1,N1,0.9,0.1,Unspecified,0.1,,,,,,,
YG-HO-D1-N1-R90-10-MU-G08,Yeast Glucan,H?O? oxidation,D1,N1,0.9,0.1,Unspecified,0.8,,,,,,,
YG-HO-D1-N1-R90-10-MU-G20,Yeast Glucan,H?O? oxidation,D1,N1,0.9,0.1,Unspecified,2,,,,,,,
YG-HO-D1-N1-R70-30-MH-G01,Yeast Glucan,H?O? oxidation,D1,N1,0.7,0.3,High,0.1,,,,,,,
YG-HO-D1-N1-R70-30-MH-G08,Yeast Glucan,H?O? oxidation,D1,N1,0.7,0.3,High,0.8,,,,,,,
YG-HO-D1-N1-R70-30-MH-G20,Yeast Glucan,H?O? oxidation,D1,N1,0.7,0.3,High,2,,,,,,,
YG-HO-D1-N1-R70-30-MM-G01,Yeast Glucan,H?O? oxidation,D1,N1,0.7,0.3,Medium,0.1,,,,,,,
YG-HO-D1-N1-R70-30-MM-G08,Yeast Glucan,H?O? oxidation,D1,N1,0.7,0.3,Medium,0.8,,,,,,,
YG-HO-D1-N1-R70-30-MM-G20,Yeast Glucan,H?O? oxidation,D1,N1,0.7,0.3,Medium,2,,,,,,,
YG-HO-D1-N1-R70-30-ML-G01,Yeast Glucan,H?O? oxidation,D1,N1,0.7,0.3,Low,0.1,,,,,,,
YG-HO-D1-N1-R70-30-ML-G08,Yeast Glucan,H?O? oxidation,D1,N1,0.7,0.3,Low,0.8,,,,,,,
YG-HO-D1-N1-R70-30-ML-G20,Yeast Glucan,H?O? oxidation,D1,N1,0.7,0.3,Low,2,,,,,,,
YG-HO-D1-N1-R70-30-MU-G01,Yeast Glucan,H?O? oxidation,D1,N1,0.7,0.3,Unspecified,0.1,,,,,,,
YG-HO-D1-N1-R70-30-MU-G08,Yeast Glucan,H?O? oxidation,D1,N1,0.7,0.3,Unspecified,0.8,,,,,,,
YG-HO-D1-N1-R70-30-MU-G20,Yeast Glucan,H?O? oxidation,D1,N1,0.7,0.3,Unspecified,2,,,,,,,
YG-HO-D1-N1-R50-50-MH-G01,Yeast Glucan,H?O? oxidation,D1,N1,0.5,0.5,High,0.1,,,,,,,
YG-HO-D1-N1-R50-50-MH-G08,Yeast Glucan,H?O? oxidation,D1,N1,0.5,0.5,High,0.8,,,,,,,
YG-HO-D1-N1-R50-50-MH-G20,Yeast Glucan,H?O? oxidation,D1,N1,0.5,0.5,High,2,,,,,,,
YG-HO-D1-N1-R50-50-MM-G01,Yeast Glucan,H?O? oxidation,D1,N1,0.5,0.5,Medium,0.1,,,,,,,
YG-HO-D1-N1-R50-50-MM-G08,Yeast Glucan,H?O? oxidation,D1,N1,0.5,0.5,Medium,0.8,,,,,,,
YG-HO-D1-N1-R50-50-MM-G20,Yeast Glucan,H?O? oxidation,D1,N1,0.5,0.5,Medium,2,,,,,,,
YG-HO-D1-N1-R50-50-ML-G01,Yeast Glucan,H?O? oxidation,D1,N1,0.5,0.5,Low,0.1,,,,,,,
YG-HO-D1-N1-R50-50-ML-G08,Yeast Glucan,H?O? oxidation,D1,N1,0.5,0.5,Low,0.8,,,,,,,
YG-HO-D1-N1-R50-50-ML-G20,Yeast Glucan,H?O? oxidation,D1,N1,0.5,0.5,Low,2,,,,,,,
YG-HO-D1-N1-R50-50-MU-G01,Yeast Glucan,H?O? oxidation,D1,N1,0.5,0.5,Unspecified,0.1,,,,,,,
YG-HO-D1-N1-R50-50-MU-G08,Yeast Glucan,H?O? oxidation,D1,N1,0.5,0.5,Unspecified,0.8,,,,,,,
YG-HO-D1-N1-R50-50-MU-G20,Yeast Glucan,H?O? oxidation,D1,N1,0.5,0.5,Unspecified,2,,,,,,,
YG-HO-D1-N2-R90-10-MH-G01,Yeast Glucan,H?O? oxidation,D1,N2,0.9,0.1,High,0.1,,,,,,,
YG-HO-D1-N2-R90-10-MH-G08,Yeast Glucan,H?O? oxidation,D1,N2,0.9,0.1,High,0.8,,,,,,,
YG-HO-D1-N2-R90-10-MH-G20,Yeast Glucan,H?O? oxidation,D1,N2,0.9,0.1,High,2,,,,,,,
YG-HO-D1-N2-R90-10-MM-G01,Yeast Glucan,H?O? oxidation,D1,N2,0.9,0.1,Medium,0.1,,,,,,,
YG-HO-D1-N2-R90-10-MM-G08,Yeast Glucan,H?O? oxidation,D1,N2,0.9,0.1,Medium,0.8,,,,,,,
YG-HO-D1-N2-R90-10-MM-G20,Yeast Glucan,H?O? oxidation,D1,N2,0.9,0.1,Medium,2,,,,,,,
YG-HO-D1-N2-R90-10-ML-G01,Yeast Glucan,H?O? oxidation,D1,N2,0.9,0.1,Low,0.1,,,,,,,
YG-HO-D1-N2-R90-10-ML-G08,Yeast Glucan,H?O? oxidation,D1,N2,0.9,0.1,Low,0.8,,,,,,,
YG-HO-D1-N2-R90-10-ML-G20,Yeast Glucan,H?O? oxidation,D1,N2,0.9,0.1,Low,2,,,,,,,
YG-HO-D1-N2-R90-10-MU-G01,Yeast Glucan,H?O? oxidation,D1,N2,0.9,0.1,Unspecified,0.1,,,,,,,
YG-HO-D1-N2-R90-10-MU-G08,Yeast Glucan,H?O? oxidation,D1,N2,0.9,0.1,Unspecified,0.8,,,,,,,
YG-HO-D1-N2-R90-10-MU-G20,Yeast Glucan,H?O? oxidation,D1,N2,0.9,0.1,Unspecified,2,,,,,,,
YG-HO-D1-N2-R70-30-MH-G01,Yeast Glucan,H?O? oxidation,D1,N2,0.7,0.3,High,0.1,,,,,,,
YG-HO-D1-N2-R70-30-MH-G08,Yeast Glucan,H?O? oxidation,D1,N2,0.7,0.3,High,0.8,,,,,,,
YG-HO-D1-N2-R70-30-MH-G20,Yeast Glucan,H?O? oxidation,D1,N2,0.7,0.3,High,2,,,,,,,
YG-HO-D1-N2-R70-30-MM-G01,Yeast Glucan,H?O? oxidation,D1,N2,0.7,0.3,Medium,0.1,,,,,,,
YG-HO-D1-N2-R70-30-MM-G08,Yeast Glucan,H?O? oxidation,D1,N2,0.7,0.3,Medium,0.8,,,,,,,
YG-HO-D1-N2-R70-30-MM-G20,Yeast Glucan,H?O? oxidation,D1,N2,0.7,0.3,Medium,2,,,,,,,
YG-HO-D1-N2-R70-30-ML-G01,Yeast Glucan,H?O? oxidation,D1,N2,0.7,0.3,Low,0.1,,,,,,,
YG-HO-D1-N2-R70-30-ML-G08,Yeast Glucan,H?O? oxidation,D1,N2,0.7,0.3,Low,0.8,,,,,,,
YG-HO-D1-N2-R70-30-ML-G20,Yeast Glucan,H?O? oxidation,D1,N2,0.7,0.3,Low,2,,,,,,,
YG-HO-D1-N2-R70-30-MU-G01,Yeast Glucan,H?O? oxidation,D1,N2,0.7,0.3,Unspecified,0.1,,,,,,,
YG-HO-D1-N2-R70-30-MU-G08,Yeast Glucan,H?O? oxidation,D1,N2,0.7,0.3,Unspecified,0.8,,,,,,,
YG-HO-D1-N2-R70-30-MU-G20,Yeast Glucan,H?O? oxidation,D1,N2,0.7,0.3,Unspecified,2,,,,,,,
YG-HO-D1-N2-R50-50-MH-G01,Yeast Glucan,H?O? oxidation,D1,N2,0.5,0.5,High,0.1,,,,,,,
YG-HO-D1-N2-R50-50-MH-G08,Yeast Glucan,H?O? oxidation,D1,N2,0.5,0.5,High,0.8,,,,,,,
YG-HO-D1-N2-R50-50-MH-G20,Yeast Glucan,H?O? oxidation,D1,N2,0.5,0.5,High,2,,,,,,,
YG-HO-D1-N2-R50-50-MM-G01,Yeast Glucan,H?O? oxidation,D1,N2,0.5,0.5,Medium,0.1,,,,,,,
YG-HO-D1-N2-R50-50-MM-G08,Yeast Glucan,H?O? oxidation,D1,N2,0.5,0.5,Medium,0.8,,,,,,,
YG-HO-D1-N2-R50-50-MM-G20,Yeast Glucan,H?O? oxidation,D1,N2,0.5,0.5,Medium,2,,,,,,,
YG-HO-D1-N2-R50-50-ML-G01,Yeast Glucan,H?O? oxidation,D1,N2,0.5,0.5,Low,0.1,,,,,,,
YG-HO-D1-N2-R50-50-ML-G08,Yeast Glucan,H?O? oxidation,D1,N2,0.5,0.5,Low,0.8,,,,,,,
YG-HO-D1-N2-R50-50-ML-G20,Yeast Glucan,H?O? oxidation,D1,N2,0.5,0.5,Low,2,,,,,,,
YG-HO-D1-N2-R50-50-MU-G01,Yeast Glucan,H?O? oxidation,D1,N2,0.5,0.5,Unspecified,0.1,,,,,,,
YG-HO-D1-N2-R50-50-MU-G08,Yeast Glucan,H?O? oxidation,D1,N2,0.5,0.5,Unspecified,0.8,,,,,,,
YG-HO-D1-N2-R50-50-MU-G20,Yeast Glucan,H?O? oxidation,D1,N2,0.5,0.5,Unspecified,2,,,,,,,
YG-HO-D1-N3-R90-10-MH-G01,Yeast Glucan,H?O? oxidation,D1,N3,0.9,0.1,High,0.1,,,,,,,
YG-HO-D1-N3-R90-10-MH-G08,Yeast Glucan,H?O? oxidation,D1,N3,0.9,0.1,High,0.8,,,,,,,
YG-HO-D1-N3-R90-10-MH-G20,Yeast Glucan,H?O? oxidation,D1,N3,0.9,0.1,High,2,,,,,,,
YG-HO-D1-N3-R90-10-MM-G01,Yeast Glucan,H?O? oxidation,D1,N3,0.9,0.1,Medium,0.1,,,,,,,
YG-HO-D1-N3-R90-10-MM-G08,Yeast Glucan,H?O? oxidation,D1,N3,0.9,0.1,Medium,0.8,,,,,,,
YG-HO-D1-N3-R90-10-MM-G20,Yeast Glucan,H?O? oxidation,D1,N3,0.9,0.1,Medium,2,,,,,,,
YG-HO-D1-N3-R90-10-ML-G01,Yeast Glucan,H?O? oxidation,D1,N3,0.9,0.1,Low,0.1,,,,,,,
YG-HO-D1-N3-R90-10-ML-G08,Yeast Glucan,H?O? oxidation,D1,N3,0.9,0.1,Low,0.8,,,,,,,
YG-HO-D1-N3-R90-10-ML-G20,Yeast Glucan,H?O? oxidation,D1,N3,0.9,0.1,Low,2,,,,,,,
YG-HO-D1-N3-R90-10-MU-G01,Yeast Glucan,H?O? oxidation,D1,N3,0.9,0.1,Unspecified,0.1,,,,,,,
YG-HO-D1-N3-R90-10-MU-G08,Yeast Glucan,H?O? oxidation,D1,N3,0.9,0.1,Unspecified,0.8,,,,,,,
YG-HO-D1-N3-R90-10-MU-G20,Yeast Glucan,H?O? oxidation,D1,N3,0.9,0.1,Unspecified,2,,,,,,,
YG-HO-D1-N3-R70-30-MH-G01,Yeast Glucan,H?O? oxidation,D1,N3,0.7,0.3,High,0.1,,,,,,,
YG-HO-D1-N3-R70-30-MH-G08,Yeast Glucan,H?O? oxidation,D1,N3,0.7,0.3,High,0.8,,,,,,,
YG-HO-D1-N3-R70-30-MH-G20,Yeast Glucan,H?O? oxidation,D1,N3,0.7,0.3,High,2,,,,,,,
YG-HO-D1-N3-R70-30-MM-G01,Yeast Glucan,H?O? oxidation,D1,N3,0.7,0.3,Medium,0.1,,,,,,,
YG-HO-D1-N3-R70-30-MM-G08,Yeast Glucan,H?O? oxidation,D1,N3,0.7,0.3,Medium,0.8,,,,,,,
YG-HO-D1-N3-R70-30-MM-G20,Yeast Glucan,H?O? oxidation,D1,N3,0.7,0.3,Medium,2,,,,,,,
YG-HO-D1-N3-R70-30-ML-G01,Yeast Glucan,H?O? oxidation,D1,N3,0.7,0.3,Low,0.1,,,,,,,
YG-HO-D1-N3-R70-30-ML-G08,Yeast Glucan,H?O? oxidation,D1,N3,0.7,0.3,Low,0.8,,,,,,,
YG-HO-D1-N3-R70-30-ML-G20,Yeast Glucan,H?O? oxidation,D1,N3,0.7,0.3,Low,2,,,,,,,
YG-HO-D1-N3-R70-30-MU-G01,Yeast Glucan,H?O? oxidation,D1,N3,0.7,0.3,Unspecified,0.1,,,,,,,
YG-HO-D1-N3-R70-30-MU-G08,Yeast Glucan,H?O? oxidation,D1,N3,0.7,0.3,Unspecified,0.8,,,,,,,
YG-HO-D1-N3-R70-30-MU-G20,Yeast Glucan,H?O? oxidation,D1,N3,0.7,0.3,Unspecified,2,,,,,,,
YG-HO-D1-N3-R50-50-MH-G01,Yeast Glucan,H?O? oxidation,D1,N3,0.5,0.5,High,0.1,,,,,,,
YG-HO-D1-N3-R50-50-MH-G08,Yeast Glucan,H?O? oxidation,D1,N3,0.5,0.5,High,0.8,,,,,,,
YG-HO-D1-N3-R50-50-MH-G20,Yeast Glucan,H?O? oxidation,D1,N3,0.5,0.5,High,2,,,,,,,
YG-HO-D1-N3-R50-50-MM-G01,Yeast Glucan,H?O? oxidation,D1,N3,0.5,0.5,Medium,0.1,,,,,,,
YG-HO-D1-N3-R50-50-MM-G08,Yeast Glucan,H?O? oxidation,D1,N3,0.5,0.5,Medium,0.8,,,,,,,
YG-HO-D1-N3-R50-50-MM-G20,Yeast Glucan,H?O? oxidation,D1,N3,0.5,0.5,Medium,2,,,,,,,
YG-HO-D1-N3-R50-50-ML-G01,Yeast Glucan,H?O? oxidation,D1,N3,0.5,0.5,Low,0.1,,,,,,,
YG-HO-D1-N3-R50-50-ML-G08,Yeast Glucan,H?O? oxidation,D1,N3,0.5,0.5,Low,0.8,,,,,,,
YG-HO-D1-N3-R50-50-ML-G20,Yeast Glucan,H?O? oxidation,D1,N3,0.5,0.5,Low,2,,,,,,,
YG-HO-D1-N3-R50-50-MU-G01,Yeast Glucan,H?O? oxidation,D1,N3,0.5,0.5,Unspecified,0.1,,,,,,,
YG-HO-D1-N3-R50-50-MU-G08,Yeast Glucan,H?O? oxidation,D1,N3,0.5,0.5,Unspecified,0.8,,,,,,,
YG-HO-D1-N3-R50-50-MU-G20,Yeast Glucan,H?O? oxidation,D1,N3,0.5,0.5,Unspecified,2,,,,,,,
YG-HO-D1-N4-R90-10-MH-G01,Yeast Glucan,H?O? oxidation,D1,N4,0.9,0.1,High,0.1,,,,,,,
YG-HO-D1-N4-R90-10-MH-G08,Yeast Glucan,H?O? oxidation,D1,N4,0.9,0.1,High,0.8,,,,,,,
YG-HO-D1-N4-R90-10-MH-G20,Yeast Glucan,H?O? oxidation,D1,N4,0.9,0.1,High,2,,,,,,,
YG-HO-D1-N4-R90-10-MM-G01,Yeast Glucan,H?O? oxidation,D1,N4,0.9,0.1,Medium,0.1,,,,,,,
YG-HO-D1-N4-R90-10-MM-G08,Yeast Glucan,H?O? oxidation,D1,N4,0.9,0.1,Medium,0.8,,,,,,,
YG-HO-D1-N4-R90-10-MM-G20,Yeast Glucan,H?O? oxidation,D1,N4,0.9,0.1,Medium,2,,,,,,,
YG-HO-D1-N4-R90-10-ML-G01,Yeast Glucan,H?O? oxidation,D1,N4,0.9,0.1,Low,0.1,,,,,,,
YG-HO-D1-N4-R90-10-ML-G08,Yeast Glucan,H?O? oxidation,D1,N4,0.9,0.1,Low,0.8,,,,,,,
YG-HO-D1-N4-R90-10-ML-G20,Yeast Glucan,H?O? oxidation,D1,N4,0.9,0.1,Low,2,,,,,,,
YG-HO-D1-N4-R90-10-MU-G01,Yeast Glucan,H?O? oxidation,D1,N4,0.9,0.1,Unspecified,0.1,,,,,,,
YG-HO-D1-N4-R90-10-MU-G08,Yeast Glucan,H?O? oxidation,D1,N4,0.9,0.1,Unspecified,0.8,,,,,,,
YG-HO-D1-N4-R90-10-MU-G20,Yeast Glucan,H?O? oxidation,D1,N4,0.9,0.1,Unspecified,2,,,,,,,
YG-HO-D1-N4-R70-30-MH-G01,Yeast Glucan,H?O? oxidation,D1,N4,0.7,0.3,High,0.1,,,,,,,
YG-HO-D1-N4-R70-30-MH-G08,Yeast Glucan,H?O? oxidation,D1,N4,0.7,0.3,High,0.8,,,,,,,
YG-HO-D1-N4-R70-30-MH-G20,Yeast Glucan,H?O? oxidation,D1,N4,0.7,0.3,High,2,,,,,,,
YG-HO-D1-N4-R70-30-MM-G01,Yeast Glucan,H?O? oxidation,D1,N4,0.7,0.3,Medium,0.1,,,,,,,
YG-HO-D1-N4-R70-30-MM-G08,Yeast Glucan,H?O? oxidation,D1,N4,0.7,0.3,Medium,0.8,,,,,,,
YG-HO-D1-N4-R70-30-MM-G20,Yeast Glucan,H?O? oxidation,D1,N4,0.7,0.3,Medium,2,,,,,,,
YG-HO-D1-N4-R70-30-ML-G01,Yeast Glucan,H?O? oxidation,D1,N4,0.7,0.3,Low,0.1,,,,,,,
YG-HO-D1-N4-R70-30-ML-G08,Yeast Glucan,H?O? oxidation,D1,N4,0.7,0.3,Low,0.8,,,,,,,
YG-HO-D1-N4-R70-30-ML-G20,Yeast Glucan,H?O? oxidation,D1,N4,0.7,0.3,Low,2,,,,,,,
YG-HO-D1-N4-R70-30-MU-G01,Yeast Glucan,H?O? oxidation,D1,N4,0.7,0.3,Unspecified,0.1,,,,,,,
YG-HO-D1-N4-R70-30-MU-G08,Yeast Glucan,H?O? oxidation,D1,N4,0.7,0.3,Unspecified,0.8,,,,,,,
YG-HO-D1-N4-R70-30-MU-G20,Yeast Glucan,H?O? oxidation,D1,N4,0.7,0.3,Unspecified,2,,,,,,,
YG-HO-D1-N4-R50-50-MH-G01,Yeast Glucan,H?O? oxidation,D1,N4,0.5,0.5,High,0.1,,,,,,,
YG-HO-D1-N4-R50-50-MH-G08,Yeast Glucan,H?O? oxidation,D1,N4,0.5,0.5,High,0.8,,,,,,,
YG-HO-D1-N4-R50-50-MH-G20,Yeast Glucan,H?O? oxidation,D1,N4,0.5,0.5,High,2,,,,,,,
YG-HO-D1-N4-R50-50-MM-G01,Yeast Glucan,H?O? oxidation,D1,N4,0.5,0.5,Medium,0.1,,,,,,,
YG-HO-D1-N4-R50-50-MM-G08,Yeast Glucan,H?O? oxidation,D1,N4,0.5,0.5,Medium,0.8,,,,,,,
YG-HO-D1-N4-R50-50-MM-G20,Yeast Glucan,H?O? oxidation,D1,N4,0.5,0.5,Medium,2,,,,,,,
YG-HO-D1-N4-R50-50-ML-G01,Yeast Glucan,H?O? oxidation,D1,N4,0.5,0.5,Low,0.1,,,,,,,
YG-HO-D1-N4-R50-50-ML-G08,Yeast Glucan,H?O? oxidation,D1,N4,0.5,0.5,Low,0.8,,,,,,,
YG-HO-D1-N4-R50-50-ML-G20,Yeast Glucan,H?O? oxidation,D1,N4,0.5,0.5,Low,2,,,,,,,
YG-HO-D1-N4-R50-50-MU-G01,Yeast Glucan,H?O? oxidation,D1,N4,0.5,0.5,Unspecified,0.1,,,,,,,
YG-HO-D1-N4-R50-50-MU-G08,Yeast Glucan,H?O? oxidation,D1,N4,0.5,0.5,Unspecified,0.8,,,,,,,
YG-HO-D1-N4-R50-50-MU-G20,Yeast Glucan,H?O? oxidation,D1,N4,0.5,0.5,Unspecified,2,,,,,,,
YG-HO-D1-N5-R90-10-MH-G01,Yeast Glucan,H?O? oxidation,D1,N5,0.9,0.1,High,0.1,,,,,,,
YG-HO-D1-N5-R90-10-MH-G08,Yeast Glucan,H?O? oxidation,D1,N5,0.9,0.1,High,0.8,,,,,,,
YG-HO-D1-N5-R90-10-MH-G20,Yeast Glucan,H?O? oxidation,D1,N5,0.9,0.1,High,2,,,,,,,
YG-HO-D1-N5-R90-10-MM-G01,Yeast Glucan,H?O? oxidation,D1,N5,0.9,0.1,Medium,0.1,,,,,,,
YG-HO-D1-N5-R90-10-MM-G08,Yeast Glucan,H?O? oxidation,D1,N5,0.9,0.1,Medium,0.8,,,,,,,
YG-HO-D1-N5-R90-10-MM-G20,Yeast Glucan,H?O? oxidation,D1,N5,0.9,0.1,Medium,2,,,,,,,
YG-HO-D1-N5-R90-10-ML-G01,Yeast Glucan,H?O? oxidation,D1,N5,0.9,0.1,Low,0.1,,,,,,,
YG-HO-D1-N5-R90-10-ML-G08,Yeast Glucan,H?O? oxidation,D1,N5,0.9,0.1,Low,0.8,,,,,,,
YG-HO-D1-N5-R90-10-ML-G20,Yeast Glucan,H?O? oxidation,D1,N5,0.9,0.1,Low,2,,,,,,,
YG-HO-D1-N5-R90-10-MU-G01,Yeast Glucan,H?O? oxidation,D1,N5,0.9,0.1,Unspecified,0.1,,,,,,,
YG-HO-D1-N5-R90-10-MU-G08,Yeast Glucan,H?O? oxidation,D1,N5,0.9,0.1,Unspecified,0.8,,,,,,,
YG-HO-D1-N5-R90-10-MU-G20,Yeast Glucan,H?O? oxidation,D1,N5,0.9,0.1,Unspecified,2,,,,,,,
YG-HO-D1-N5-R70-30-MH-G01,Yeast Glucan,H?O? oxidation,D1,N5,0.7,0.3,High,0.1,,,,,,,
YG-HO-D1-N5-R70-30-MH-G08,Yeast Glucan,H?O? oxidation,D1,N5,0.7,0.3,High,0.8,,,,,,,
YG-HO-D1-N5-R70-30-MH-G20,Yeast Glucan,H?O? oxidation,D1,N5,0.7,0.3,High,2,,,,,,,
YG-HO-D1-N5-R70-30-MM-G01,Yeast Glucan,H?O? oxidation,D1,N5,0.7,0.3,Medium,0.1,,,,,,,
YG-HO-D1-N5-R70-30-MM-G08,Yeast Glucan,H?O? oxidation,D1,N5,0.7,0.3,Medium,0.8,,,,,,,
YG-HO-D1-N5-R70-30-MM-G20,Yeast Glucan,H?O? oxidation,D1,N5,0.7,0.3,Medium,2,,,,,,,
YG-HO-D1-N5-R70-30-ML-G01,Yeast Glucan,H?O? oxidation,D1,N5,0.7,0.3,Low,0.1,,,,,,,
YG-HO-D1-N5-R70-30-ML-G08,Yeast Glucan,H?O? oxidation,D1,N5,0.7,0.3,Low,0.8,,,,,,,
YG-HO-D1-N5-R70-30-ML-G20,Yeast Glucan,H?O? oxidation,D1,N5,0.7,0.3,Low,2,,,,,,,
YG-HO-D1-N5-R70-30-MU-G01,Yeast Glucan,H?O? oxidation,D1,N5,0.7,0.3,Unspecified,0.1,,,,,,,
YG-HO-D1-N5-R70-30-MU-G08,Yeast Glucan,H?O? oxidation,D1,N5,0.7,0.3,Unspecified,0.8,,,,,,,
YG-HO-D1-N5-R70-30-MU-G20,Yeast Glucan,H?O? oxidation,D1,N5,0.7,0.3,Unspecified,2,,,,,,,
YG-HO-D1-N5-R50-50-MH-G01,Yeast Glucan,H?O? oxidation,D1,N5,0.5,0.5,High,0.1,,,,,,,
YG-HO-D1-N5-R50-50-MH-G08,Yeast Glucan,H?O? oxidation,D1,N5,0.5,0.5,High,0.8,,,,,,,
YG-HO-D1-N5-R50-50-MH-G20,Yeast Glucan,H?O? oxidation,D1,N5,0.5,0.5,High,2,,,,,,,
YG-HO-D1-N5-R50-50-MM-G01,Yeast Glucan,H?O? oxidation,D1,N5,0.5,0.5,Medium,0.1,,,,,,,
YG-HO-D1-N5-R50-50-MM-G08,Yeast Glucan,H?O? oxidation,D1,N5,0.5,0.5,Medium,0.8,,,,,,,
YG-HO-D1-N5-R50-50-MM-G20,Yeast Glucan,H?O? oxidation,D1,N5,0.5,0.5,Medium,2,,,,,,,
YG-HO-D1-N5-R50-50-ML-G01,Yeast Glucan,H?O? oxidation,D1,N5,0.5,0.5,Low,0.1,,,,,,,
YG-HO-D1-N5-R50-50-ML-G08,Yeast Glucan,H?O? oxidation,D1,N5,0.5,0.5,Low,0.8,,,,,,,
YG-HO-D1-N5-R50-50-ML-G20,Yeast Glucan,H?O? oxidation,D1,N5,0.5,0.5,Low,2,,,,,,,
YG-HO-D1-N5-R50-50-MU-G01,Yeast Glucan,H?O? oxidation,D1,N5,0.5,0.5,Unspecified,0.1,,,,,,,
YG-HO-D1-N5-R50-50-MU-G08,Yeast Glucan,H?O? oxidation,D1,N5,0.5,0.5,Unspecified,0.8,,,,,,,
YG-HO-D1-N5-R50-50-MU-G20,Yeast Glucan,H?O? oxidation,D1,N5,0.5,0.5,Unspecified,2,,,,,,,
YG-HO-D1-N6-R90-10-MH-G01,Yeast Glucan,H?O? oxidation,D1,N6,0.9,0.1,High,0.1,,,,,,,
YG-HO-D1-N6-R90-10-MH-G08,Yeast Glucan,H?O? oxidation,D1,N6,0.9,0.1,High,0.8,,,,,,,
YG-HO-D1-N6-R90-10-MH-G20,Yeast Glucan,H?O? oxidation,D1,N6,0.9,0.1,High,2,,,,,,,
YG-HO-D1-N6-R90-10-MM-G01,Yeast Glucan,H?O? oxidation,D1,N6,0.9,0.1,Medium,0.1,,,,,,,
YG-HO-D1-N6-R90-10-MM-G08,Yeast Glucan,H?O? oxidation,D1,N6,0.9,0.1,Medium,0.8,,,,,,,
YG-HO-D1-N6-R90-10-MM-G20,Yeast Glucan,H?O? oxidation,D1,N6,0.9,0.1,Medium,2,,,,,,,
YG-HO-D1-N6-R90-10-ML-G01,Yeast Glucan,H?O? oxidation,D1,N6,0.9,0.1,Low,0.1,,,,,,,
YG-HO-D1-N6-R90-10-ML-G08,Yeast Glucan,H?O? oxidation,D1,N6,0.9,0.1,Low,0.8,,,,,,,
YG-HO-D1-N6-R90-10-ML-G20,Yeast Glucan,H?O? oxidation,D1,N6,0.9,0.1,Low,2,,,,,,,
YG-HO-D1-N6-R90-10-MU-G01,Yeast Glucan,H?O? oxidation,D1,N6,0.9,0.1,Unspecified,0.1,,,,,,,
YG-HO-D1-N6-R90-10-MU-G08,Yeast Glucan,H?O? oxidation,D1,N6,0.9,0.1,Unspecified,0.8,,,,,,,
YG-HO-D1-N6-R90-10-MU-G20,Yeast Glucan,H?O? oxidation,D1,N6,0.9,0.1,Unspecified,2,,,,,,,
YG-HO-D1-N6-R70-30-MH-G01,Yeast Glucan,H?O? oxidation,D1,N6,0.7,0.3,High,0.1,,,,,,,
YG-HO-D1-N6-R70-30-MH-G08,Yeast Glucan,H?O? oxidation,D1,N6,0.7,0.3,High,0.8,,,,,,,
YG-HO-D1-N6-R70-30-MH-G20,Yeast Glucan,H?O? oxidation,D1,N6,0.7,0.3,High,2,,,,,,,
YG-HO-D1-N6-R70-30-MM-G01,Yeast Glucan,H?O? oxidation,D1,N6,0.7,0.3,Medium,0.1,,,,,,,
YG-HO-D1-N6-R70-30-MM-G08,Yeast Glucan,H?O? oxidation,D1,N6,0.7,0.3,Medium,0.8,,,,,,,
YG-HO-D1-N6-R70-30-MM-G20,Yeast Glucan,H?O? oxidation,D1,N6,0.7,0.3,Medium,2,,,,,,,
YG-HO-D1-N6-R70-30-ML-G01,Yeast Glucan,H?O? oxidation,D1,N6,0.7,0.3,Low,0.1,,,,,,,
YG-HO-D1-N6-R70-30-ML-G08,Yeast Glucan,H?O? oxidation,D1,N6,0.7,0.3,Low,0.8,,,,,,,
YG-HO-D1-N6-R70-30-ML-G20,Yeast Glucan,H?O? oxidation,D1,N6,0.7,0.3,Low,2,,,,,,,
YG-HO-D1-N6-R70-30-MU-G01,Yeast Glucan,H?O? oxidation,D1,N6,0.7,0.3,Unspecified,0.1,,,,,,,
YG-HO-D1-N6-R70-30-MU-G08,Yeast Glucan,H?O? oxidation,D1,N6,0.7,0.3,Unspecified,0.8,,,,,,,
YG-HO-D1-N6-R70-30-MU-G20,Yeast Glucan,H?O? oxidation,D1,N6,0.7,0.3,Unspecified,2,,,,,,,
YG-HO-D1-N6-R50-50-MH-G01,Yeast Glucan,H?O? oxidation,D1,N6,0.5,0.5,High,0.1,,,,,,,
YG-HO-D1-N6-R50-50-MH-G08,Yeast Glucan,H?O? oxidation,D1,N6,0.5,0.5,High,0.8,,,,,,,
YG-HO-D1-N6-R50-50-MH-G20,Yeast Glucan,H?O? oxidation,D1,N6,0.5,0.5,High,2,,,,,,,
YG-HO-D1-N6-R50-50-MM-G01,Yeast Glucan,H?O? oxidation,D1,N6,0.5,0.5,Medium,0.1,,,,,,,
YG-HO-D1-N6-R50-50-MM-G08,Yeast Glucan,H?O? oxidation,D1,N6,0.5,0.5,Medium,0.8,,,,,,,
YG-HO-D1-N6-R50-50-MM-G20,Yeast Glucan,H?O? oxidation,D1,N6,0.5,0.5,Medium,2,,,,,,,
YG-HO-D1-N6-R50-50-ML-G01,Yeast Glucan,H?O? oxidation,D1,N6,0.5,0.5,Low,0.1,,,,,,,
YG-HO-D1-N6-R50-50-ML-G08,Yeast Glucan,H?O? oxidation,D1,N6,0.5,0.5,Low,0.8,,,,,,,
YG-HO-D1-N6-R50-50-ML-G20,Yeast Glucan,H?O? oxidation,D1,N6,0.5,0.5,Low,2,,,,,,,
YG-HO-D1-N6-R50-50-MU-G01,Yeast Glucan,H?O? oxidation,D1,N6,0.5,0.5,Unspecified,0.1,,,,,,,
YG-HO-D1-N6-R50-50-MU-G08,Yeast Glucan,H?O? oxidation,D1,N6,0.5,0.5,Unspecified,0.8,,,,,,,
YG-HO-D1-N6-R50-50-MU-G20,Yeast Glucan,H?O? oxidation,D1,N6,0.5,0.5,Unspecified,2,,,,,,,
YG-HO-D2-N1-R90-10-MH-G01,Yeast Glucan,H?O? oxidation,D2,N1,0.9,0.1,High,0.1,,,,,,,
YG-HO-D2-N1-R90-10-MH-G08,Yeast Glucan,H?O? oxidation,D2,N1,0.9,0.1,High,0.8,,,,,,,
YG-HO-D2-N1-R90-10-MH-G20,Yeast Glucan,H?O? oxidation,D2,N1,0.9,0.1,High,2,,,,,,,
YG-HO-D2-N1-R90-10-MM-G01,Yeast Glucan,H?O? oxidation,D2,N1,0.9,0.1,Medium,0.1,,,,,,,
YG-HO-D2-N1-R90-10-MM-G08,Yeast Glucan,H?O? oxidation,D2,N1,0.9,0.1,Medium,0.8,,,,,,,
YG-HO-D2-N1-R90-10-MM-G20,Yeast Glucan,H?O? oxidation,D2,N1,0.9,0.1,Medium,2,,,,,,,
YG-HO-D2-N1-R90-10-ML-G01,Yeast Glucan,H?O? oxidation,D2,N1,0.9,0.1,Low,0.1,,,,,,,
YG-HO-D2-N1-R90-10-ML-G08,Yeast Glucan,H?O? oxidation,D2,N1,0.9,0.1,Low,0.8,,,,,,,
YG-HO-D2-N1-R90-10-ML-G20,Yeast Glucan,H?O? oxidation,D2,N1,0.9,0.1,Low,2,,,,,,,
YG-HO-D2-N1-R90-10-MU-G01,Yeast Glucan,H?O? oxidation,D2,N1,0.9,0.1,Unspecified,0.1,,,,,,,
YG-HO-D2-N1-R90-10-MU-G08,Yeast Glucan,H?O? oxidation,D2,N1,0.9,0.1,Unspecified,0.8,,,,,,,
YG-HO-D2-N1-R90-10-MU-G20,Yeast Glucan,H?O? oxidation,D2,N1,0.9,0.1,Unspecified,2,,,,,,,
YG-HO-D2-N1-R70-30-MH-G01,Yeast Glucan,H?O? oxidation,D2,N1,0.7,0.3,High,0.1,,,,,,,
YG-HO-D2-N1-R70-30-MH-G08,Yeast Glucan,H?O? oxidation,D2,N1,0.7,0.3,High,0.8,,,,,,,
YG-HO-D2-N1-R70-30-MH-G20,Yeast Glucan,H?O? oxidation,D2,N1,0.7,0.3,High,2,,,,,,,
YG-HO-D2-N1-R70-30-MM-G01,Yeast Glucan,H?O? oxidation,D2,N1,0.7,0.3,Medium,0.1,,,,,,,
YG-HO-D2-N1-R70-30-MM-G08,Yeast Glucan,H?O? oxidation,D2,N1,0.7,0.3,Medium,0.8,,,,,,,
YG-HO-D2-N1-R70-30-MM-G20,Yeast Glucan,H?O? oxidation,D2,N1,0.7,0.3,Medium,2,,,,,,,
YG-HO-D2-N1-R70-30-ML-G01,Yeast Glucan,H?O? oxidation,D2,N1,0.7,0.3,Low,0.1,,,,,,,
YG-HO-D2-N1-R70-30-ML-G08,Yeast Glucan,H?O? oxidation,D2,N1,0.7,0.3,Low,0.8,,,,,,,
YG-HO-D2-N1-R70-30-ML-G20,Yeast Glucan,H?O? oxidation,D2,N1,0.7,0.3,Low,2,,,,,,,
YG-HO-D2-N1-R70-30-MU-G01,Yeast Glucan,H?O? oxidation,D2,N1,0.7,0.3,Unspecified,0.1,,,,,,,
YG-HO-D2-N1-R70-30-MU-G08,Yeast Glucan,H?O? oxidation,D2,N1,0.7,0.3,Unspecified,0.8,,,,,,,
YG-HO-D2-N1-R70-30-MU-G20,Yeast Glucan,H?O? oxidation,D2,N1,0.7,0.3,Unspecified,2,,,,,,,
YG-HO-D2-N1-R50-50-MH-G01,Yeast Glucan,H?O? oxidation,D2,N1,0.5,0.5,High,0.1,,,,,,,
YG-HO-D2-N1-R50-50-MH-G08,Yeast Glucan,H?O? oxidation,D2,N1,0.5,0.5,High,0.8,,,,,,,
YG-HO-D2-N1-R50-50-MH-G20,Yeast Glucan,H?O? oxidation,D2,N1,0.5,0.5,High,2,,,,,,,
YG-HO-D2-N1-R50-50-MM-G01,Yeast Glucan,H?O? oxidation,D2,N1,0.5,0.5,Medium,0.1,,,,,,,
YG-HO-D2-N1-R50-50-MM-G08,Yeast Glucan,H?O? oxidation,D2,N1,0.5,0.5,Medium,0.8,,,,,,,
YG-HO-D2-N1-R50-50-MM-G20,Yeast Glucan,H?O? oxidation,D2,N1,0.5,0.5,Medium,2,,,,,,,
YG-HO-D2-N1-R50-50-ML-G01,Yeast Glucan,H?O? oxidation,D2,N1,0.5,0.5,Low,0.1,,,,,,,
YG-HO-D2-N1-R50-50-ML-G08,Yeast Glucan,H?O? oxidation,D2,N1,0.5,0.5,Low,0.8,,,,,,,
YG-HO-D2-N1-R50-50-ML-G20,Yeast Glucan,H?O? oxidation,D2,N1,0.5,0.5,Low,2,,,,,,,
YG-HO-D2-N1-R50-50-MU-G01,Yeast Glucan,H?O? oxidation,D2,N1,0.5,0.5,Unspecified,0.1,,,,,,,
YG-HO-D2-N1-R50-50-MU-G08,Yeast Glucan,H?O? oxidation,D2,N1,0.5,0.5,Unspecified,0.8,,,,,,,
YG-HO-D2-N1-R50-50-MU-G20,Yeast Glucan,H?O? oxidation,D2,N1,0.5,0.5,Unspecified,2,,,,,,,
YG-HO-D2-N2-R90-10-MH-G01,Yeast Glucan,H?O? oxidation,D2,N2,0.9,0.1,High,0.1,,,,,,,
YG-HO-D2-N2-R90-10-MH-G08,Yeast Glucan,H?O? oxidation,D2,N2,0.9,0.1,High,0.8,,,,,,,
YG-HO-D2-N2-R90-10-MH-G20,Yeast Glucan,H?O? oxidation,D2,N2,0.9,0.1,High,2,,,,,,,
YG-HO-D2-N2-R90-10-MM-G01,Yeast Glucan,H?O? oxidation,D2,N2,0.9,0.1,Medium,0.1,,,,,,,
YG-HO-D2-N2-R90-10-MM-G08,Yeast Glucan,H?O? oxidation,D2,N2,0.9,0.1,Medium,0.8,,,,,,,
YG-HO-D2-N2-R90-10-MM-G20,Yeast Glucan,H?O? oxidation,D2,N2,0.9,0.1,Medium,2,,,,,,,
YG-HO-D2-N2-R90-10-ML-G01,Yeast Glucan,H?O? oxidation,D2,N2,0.9,0.1,Low,0.1,,,,,,,
YG-HO-D2-N2-R90-10-ML-G08,Yeast Glucan,H?O? oxidation,D2,N2,0.9,0.1,Low,0.8,,,,,,,
YG-HO-D2-N2-R90-10-ML-G20,Yeast Glucan,H?O? oxidation,D2,N2,0.9,0.1,Low,2,,,,,,,
YG-HO-D2-N2-R90-10-MU-G01,Yeast Glucan,H?O? oxidation,D2,N2,0.9,0.1,Unspecified,0.1,,,,,,,
YG-HO-D2-N2-R90-10-MU-G08,Yeast Glucan,H?O? oxidation,D2,N2,0.9,0.1,Unspecified,0.8,,,,,,,
YG-HO-D2-N2-R90-10-MU-G20,Yeast Glucan,H?O? oxidation,D2,N2,0.9,0.1,Unspecified,2,,,,,,,
YG-HO-D2-N2-R70-30-MH-G01,Yeast Glucan,H?O? oxidation,D2,N2,0.7,0.3,High,0.1,,,,,,,
YG-HO-D2-N2-R70-30-MH-G08,Yeast Glucan,H?O? oxidation,D2,N2,0.7,0.3,High,0.8,,,,,,,
YG-HO-D2-N2-R70-30-MH-G20,Yeast Glucan,H?O? oxidation,D2,N2,0.7,0.3,High,2,,,,,,,
YG-HO-D2-N2-R70-30-MM-G01,Yeast Glucan,H?O? oxidation,D2,N2,0.7,0.3,Medium,0.1,,,,,,,
YG-HO-D2-N2-R70-30-MM-G08,Yeast Glucan,H?O? oxidation,D2,N2,0.7,0.3,Medium,0.8,,,,,,,
YG-HO-D2-N2-R70-30-MM-G20,Yeast Glucan,H?O? oxidation,D2,N2,0.7,0.3,Medium,2,,,,,,,
YG-HO-D2-N2-R70-30-ML-G01,Yeast Glucan,H?O? oxidation,D2,N2,0.7,0.3,Low,0.1,,,,,,,
YG-HO-D2-N2-R70-30-ML-G08,Yeast Glucan,H?O? oxidation,D2,N2,0.7,0.3,Low,0.8,,,,,,,
YG-HO-D2-N2-R70-30-ML-G20,Yeast Glucan,H?O? oxidation,D2,N2,0.7,0.3,Low,2,,,,,,,
YG-HO-D2-N2-R70-30-MU-G01,Yeast Glucan,H?O? oxidation,D2,N2,0.7,0.3,Unspecified,0.1,,,,,,,
YG-HO-D2-N2-R70-30-MU-G08,Yeast Glucan,H?O? oxidation,D2,N2,0.7,0.3,Unspecified,0.8,,,,,,,
YG-HO-D2-N2-R70-30-MU-G20,Yeast Glucan,H?O? oxidation,D2,N2,0.7,0.3,Unspecified,2,,,,,,,
YG-HO-D2-N2-R50-50-MH-G01,Yeast Glucan,H?O? oxidation,D2,N2,0.5,0.5,High,0.1,,,,,,,
YG-HO-D2-N2-R50-50-MH-G08,Yeast Glucan,H?O? oxidation,D2,N2,0.5,0.5,High,0.8,,,,,,,
YG-HO-D2-N2-R50-50-MH-G20,Yeast Glucan,H?O? oxidation,D2,N2,0.5,0.5,High,2,,,,,,,
YG-HO-D2-N2-R50-50-MM-G01,Yeast Glucan,H?O? oxidation,D2,N2,0.5,0.5,Medium,0.1,,,,,,,
YG-HO-D2-N2-R50-50-MM-G08,Yeast Glucan,H?O? oxidation,D2,N2,0.5,0.5,Medium,0.8,,,,,,,
YG-HO-D2-N2-R50-50-MM-G20,Yeast Glucan,H?O? oxidation,D2,N2,0.5,0.5,Medium,2,,,,,,,
YG-HO-D2-N2-R50-50-ML-G01,Yeast Glucan,H?O? oxidation,D2,N2,0.5,0.5,Low,0.1,,,,,,,
YG-HO-D2-N2-R50-50-ML-G08,Yeast Glucan,H?O? oxidation,D2,N2,0.5,0.5,Low,0.8,,,,,,,
YG-HO-D2-N2-R50-50-ML-G20,Yeast Glucan,H?O? oxidation,D2,N2,0.5,0.5,Low,2,,,,,,,
YG-HO-D2-N2-R50-50-MU-G01,Yeast Glucan,H?O? oxidation,D2,N2,0.5,0.5,Unspecified,0.1,,,,,,,
YG-HO-D2-N2-R50-50-MU-G08,Yeast Glucan,H?O? oxidation,D2,N2,0.5,0.5,Unspecified,0.8,,,,,,,
YG-HO-D2-N2-R50-50-MU-G20,Yeast Glucan,H?O? oxidation,D2,N2,0.5,0.5,Unspecified,2,,,,,,,
YG-HO-D2-N3-R90-10-MH-G01,Yeast Glucan,H?O? oxidation,D2,N3,0.9,0.1,High,0.1,,,,,,,
YG-HO-D2-N3-R90-10-MH-G08,Yeast Glucan,H?O? oxidation,D2,N3,0.9,0.1,High,0.8,,,,,,,
YG-HO-D2-N3-R90-10-MH-G20,Yeast Glucan,H?O? oxidation,D2,N3,0.9,0.1,High,2,,,,,,,
YG-HO-D2-N3-R90-10-MM-G01,Yeast Glucan,H?O? oxidation,D2,N3,0.9,0.1,Medium,0.1,,,,,,,
YG-HO-D2-N3-R90-10-MM-G08,Yeast Glucan,H?O? oxidation,D2,N3,0.9,0.1,Medium,0.8,,,,,,,
YG-HO-D2-N3-R90-10-MM-G20,Yeast Glucan,H?O? oxidation,D2,N3,0.9,0.1,Medium,2,,,,,,,
YG-HO-D2-N3-R90-10-ML-G01,Yeast Glucan,H?O? oxidation,D2,N3,0.9,0.1,Low,0.1,,,,,,,
YG-HO-D2-N3-R90-10-ML-G08,Yeast Glucan,H?O? oxidation,D2,N3,0.9,0.1,Low,0.8,,,,,,,
YG-HO-D2-N3-R90-10-ML-G20,Yeast Glucan,H?O? oxidation,D2,N3,0.9,0.1,Low,2,,,,,,,
YG-HO-D2-N3-R90-10-MU-G01,Yeast Glucan,H?O? oxidation,D2,N3,0.9,0.1,Unspecified,0.1,,,,,,,
YG-HO-D2-N3-R90-10-MU-G08,Yeast Glucan,H?O? oxidation,D2,N3,0.9,0.1,Unspecified,0.8,,,,,,,
YG-HO-D2-N3-R90-10-MU-G20,Yeast Glucan,H?O? oxidation,D2,N3,0.9,0.1,Unspecified,2,,,,,,,
YG-HO-D2-N3-R70-30-MH-G01,Yeast Glucan,H?O? oxidation,D2,N3,0.7,0.3,High,0.1,,,,,,,
YG-HO-D2-N3-R70-30-MH-G08,Yeast Glucan,H?O? oxidation,D2,N3,0.7,0.3,High,0.8,,,,,,,
YG-HO-D2-N3-R70-30-MH-G20,Yeast Glucan,H?O? oxidation,D2,N3,0.7,0.3,High,2,,,,,,,
YG-HO-D2-N3-R70-30-MM-G01,Yeast Glucan,H?O? oxidation,D2,N3,0.7,0.3,Medium,0.1,,,,,,,
YG-HO-D2-N3-R70-30-MM-G08,Yeast Glucan,H?O? oxidation,D2,N3,0.7,0.3,Medium,0.8,,,,,,,
YG-HO-D2-N3-R70-30-MM-G20,Yeast Glucan,H?O? oxidation,D2,N3,0.7,0.3,Medium,2,,,,,,,
YG-HO-D2-N3-R70-30-ML-G01,Yeast Glucan,H?O? oxidation,D2,N3,0.7,0.3,Low,0.1,,,,,,,
YG-HO-D2-N3-R70-30-ML-G08,Yeast Glucan,H?O? oxidation,D2,N3,0.7,0.3,Low,0.8,,,,,,,
YG-HO-D2-N3-R70-30-ML-G20,Yeast Glucan,H?O? oxidation,D2,N3,0.7,0.3,Low,2,,,,,,,
YG-HO-D2-N3-R70-30-MU-G01,Yeast Glucan,H?O? oxidation,D2,N3,0.7,0.3,Unspecified,0.1,,,,,,,
YG-HO-D2-N3-R70-30-MU-G08,Yeast Glucan,H?O? oxidation,D2,N3,0.7,0.3,Unspecified,0.8,,,,,,,
YG-HO-D2-N3-R70-30-MU-G20,Yeast Glucan,H?O? oxidation,D2,N3,0.7,0.3,Unspecified,2,,,,,,,
YG-HO-D2-N3-R50-50-MH-G01,Yeast Glucan,H?O? oxidation,D2,N3,0.5,0.5,High,0.1,,,,,,,
YG-HO-D2-N3-R50-50-MH-G08,Yeast Glucan,H?O? oxidation,D2,N3,0.5,0.5,High,0.8,,,,,,,
YG-HO-D2-N3-R50-50-MH-G20,Yeast Glucan,H?O? oxidation,D2,N3,0.5,0.5,High,2,,,,,,,
YG-HO-D2-N3-R50-50-MM-G01,Yeast Glucan,H?O? oxidation,D2,N3,0.5,0.5,Medium,0.1,,,,,,,
YG-HO-D2-N3-R50-50-MM-G08,Yeast Glucan,H?O? oxidation,D2,N3,0.5,0.5,Medium,0.8,,,,,,,
YG-HO-D2-N3-R50-50-MM-G20,Yeast Glucan,H?O? oxidation,D2,N3,0.5,0.5,Medium,2,,,,,,,
YG-HO-D2-N3-R50-50-ML-G01,Yeast Glucan,H?O? oxidation,D2,N3,0.5,0.5,Low,0.1,,,,,,,
YG-HO-D2-N3-R50-50-ML-G08,Yeast Glucan,H?O? oxidation,D2,N3,0.5,0.5,Low,0.8,,,,,,,
YG-HO-D2-N3-R50-50-ML-G20,Yeast Glucan,H?O? oxidation,D2,N3,0.5,0.5,Low,2,,,,,,,
YG-HO-D2-N3-R50-50-MU-G01,Yeast Glucan,H?O? oxidation,D2,N3,0.5,0.5,Unspecified,0.1,,,,,,,
YG-HO-D2-N3-R50-50-MU-G08,Yeast Glucan,H?O? oxidation,D2,N3,0.5,0.5,Unspecified,0.8,,,,,,,
YG-HO-D2-N3-R50-50-MU-G20,Yeast Glucan,H?O? oxidation,D2,N3,0.5,0.5,Unspecified,2,,,,,,,
YG-HO-D2-N4-R90-10-MH-G01,Yeast Glucan,H?O? oxidation,D2,N4,0.9,0.1,High,0.1,,,,,,,
YG-HO-D2-N4-R90-10-MH-G08,Yeast Glucan,H?O? oxidation,D2,N4,0.9,0.1,High,0.8,,,,,,,
YG-HO-D2-N4-R90-10-MH-G20,Yeast Glucan,H?O? oxidation,D2,N4,0.9,0.1,High,2,,,,,,,
YG-HO-D2-N4-R90-10-MM-G01,Yeast Glucan,H?O? oxidation,D2,N4,0.9,0.1,Medium,0.1,,,,,,,
YG-HO-D2-N4-R90-10-MM-G08,Yeast Glucan,H?O? oxidation,D2,N4,0.9,0.1,Medium,0.8,,,,,,,
YG-HO-D2-N4-R90-10-MM-G20,Yeast Glucan,H?O? oxidation,D2,N4,0.9,0.1,Medium,2,,,,,,,
YG-HO-D2-N4-R90-10-ML-G01,Yeast Glucan,H?O? oxidation,D2,N4,0.9,0.1,Low,0.1,,,,,,,
YG-HO-D2-N4-R90-10-ML-G08,Yeast Glucan,H?O? oxidation,D2,N4,0.9,0.1,Low,0.8,,,,,,,
YG-HO-D2-N4-R90-10-ML-G20,Yeast Glucan,H?O? oxidation,D2,N4,0.9,0.1,Low,2,,,,,,,
YG-HO-D2-N4-R90-10-MU-G01,Yeast Glucan,H?O? oxidation,D2,N4,0.9,0.1,Unspecified,0.1,,,,,,,
YG-HO-D2-N4-R90-10-MU-G08,Yeast Glucan,H?O? oxidation,D2,N4,0.9,0.1,Unspecified,0.8,,,,,,,
YG-HO-D2-N4-R90-10-MU-G20,Yeast Glucan,H?O? oxidation,D2,N4,0.9,0.1,Unspecified,2,,,,,,,
YG-HO-D2-N4-R70-30-MH-G01,Yeast Glucan,H?O? oxidation,D2,N4,0.7,0.3,High,0.1,,,,,,,
YG-HO-D2-N4-R70-30-MH-G08,Yeast Glucan,H?O? oxidation,D2,N4,0.7,0.3,High,0.8,,,,,,,
YG-HO-D2-N4-R70-30-MH-G20,Yeast Glucan,H?O? oxidation,D2,N4,0.7,0.3,High,2,,,,,,,
YG-HO-D2-N4-R70-30-MM-G01,Yeast Glucan,H?O? oxidation,D2,N4,0.7,0.3,Medium,0.1,,,,,,,
YG-HO-D2-N4-R70-30-MM-G08,Yeast Glucan,H?O? oxidation,D2,N4,0.7,0.3,Medium,0.8,,,,,,,
YG-HO-D2-N4-R70-30-MM-G20,Yeast Glucan,H?O? oxidation,D2,N4,0.7,0.3,Medium,2,,,,,,,
YG-HO-D2-N4-R70-30-ML-G01,Yeast Glucan,H?O? oxidation,D2,N4,0.7,0.3,Low,0.1,,,,,,,
YG-HO-D2-N4-R70-30-ML-G08,Yeast Glucan,H?O? oxidation,D2,N4,0.7,0.3,Low,0.8,,,,,,,
YG-HO-D2-N4-R70-30-ML-G20,Yeast Glucan,H?O? oxidation,D2,N4,0.7,0.3,Low,2,,,,,,,
YG-HO-D2-N4-R70-30-MU-G01,Yeast Glucan,H?O? oxidation,D2,N4,0.7,0.3,Unspecified,0.1,,,,,,,
YG-HO-D2-N4-R70-30-MU-G08,Yeast Glucan,H?O? oxidation,D2,N4,0.7,0.3,Unspecified,0.8,,,,,,,
YG-HO-D2-N4-R70-30-MU-G20,Yeast Glucan,H?O? oxidation,D2,N4,0.7,0.3,Unspecified,2,,,,,,,
YG-HO-D2-N4-R50-50-MH-G01,Yeast Glucan,H?O? oxidation,D2,N4,0.5,0.5,High,0.1,,,,,,,
YG-HO-D2-N4-R50-50-MH-G08,Yeast Glucan,H?O? oxidation,D2,N4,0.5,0.5,High,0.8,,,,,,,
YG-HO-D2-N4-R50-50-MH-G20,Yeast Glucan,H?O? oxidation,D2,N4,0.5,0.5,High,2,,,,,,,
YG-HO-D2-N4-R50-50-MM-G01,Yeast Glucan,H?O? oxidation,D2,N4,0.5,0.5,Medium,0.1,,,,,,,
YG-HO-D2-N4-R50-50-MM-G08,Yeast Glucan,H?O? oxidation,D2,N4,0.5,0.5,Medium,0.8,,,,,,,
YG-HO-D2-N4-R50-50-MM-G20,Yeast Glucan,H?O? oxidation,D2,N4,0.5,0.5,Medium,2,,,,,,,
YG-HO-D2-N4-R50-50-ML-G01,Yeast Glucan,H?O? oxidation,D2,N4,0.5,0.5,Low,0.1,,,,,,,
YG-HO-D2-N4-R50-50-ML-G08,Yeast Glucan,H?O? oxidation,D2,N4,0.5,0.5,Low,0.8,,,,,,,
YG-HO-D2-N4-R50-50-ML-G20,Yeast Glucan,H?O? oxidation,D2,N4,0.5,0.5,Low,2,,,,,,,
YG-HO-D2-N4-R50-50-MU-G01,Yeast Glucan,H?O? oxidation,D2,N4,0.5,0.5,Unspecified,0.1,,,,,,,
YG-HO-D2-N4-R50-50-MU-G08,Yeast Glucan,H?O? oxidation,D2,N4,0.5,0.5,Unspecified,0.8,,,,,,,
YG-HO-D2-N4-R50-50-MU-G20,Yeast Glucan,H?O? oxidation,D2,N4,0.5,0.5,Unspecified,2,,,,,,,
YG-HO-D2-N5-R90-10-MH-G01,Yeast Glucan,H?O? oxidation,D2,N5,0.9,0.1,High,0.1,,,,,,,
YG-HO-D2-N5-R90-10-MH-G08,Yeast Glucan,H?O? oxidation,D2,N5,0.9,0.1,High,0.8,,,,,,,
YG-HO-D2-N5-R90-10-MH-G20,Yeast Glucan,H?O? oxidation,D2,N5,0.9,0.1,High,2,,,,,,,
YG-HO-D2-N5-R90-10-MM-G01,Yeast Glucan,H?O? oxidation,D2,N5,0.9,0.1,Medium,0.1,,,,,,,
YG-HO-D2-N5-R90-10-MM-G08,Yeast Glucan,H?O? oxidation,D2,N5,0.9,0.1,Medium,0.8,,,,,,,
YG-HO-D2-N5-R90-10-MM-G20,Yeast Glucan,H?O? oxidation,D2,N5,0.9,0.1,Medium,2,,,,,,,
YG-HO-D2-N5-R90-10-ML-G01,Yeast Glucan,H?O? oxidation,D2,N5,0.9,0.1,Low,0.1,,,,,,,
YG-HO-D2-N5-R90-10-ML-G08,Yeast Glucan,H?O? oxidation,D2,N5,0.9,0.1,Low,0.8,,,,,,,
YG-HO-D2-N5-R90-10-ML-G20,Yeast Glucan,H?O? oxidation,D2,N5,0.9,0.1,Low,2,,,,,,,
YG-HO-D2-N5-R90-10-MU-G01,Yeast Glucan,H?O? oxidation,D2,N5,0.9,0.1,Unspecified,0.1,,,,,,,
YG-HO-D2-N5-R90-10-MU-G08,Yeast Glucan,H?O? oxidation,D2,N5,0.9,0.1,Unspecified,0.8,,,,,,,
YG-HO-D2-N5-R90-10-MU-G20,Yeast Glucan,H?O? oxidation,D2,N5,0.9,0.1,Unspecified,2,,,,,,,
YG-HO-D2-N5-R70-30-MH-G01,Yeast Glucan,H?O? oxidation,D2,N5,0.7,0.3,High,0.1,,,,,,,
YG-HO-D2-N5-R70-30-MH-G08,Yeast Glucan,H?O? oxidation,D2,N5,0.7,0.3,High,0.8,,,,,,,
YG-HO-D2-N5-R70-30-MH-G20,Yeast Glucan,H?O? oxidation,D2,N5,0.7,0.3,High,2,,,,,,,
YG-HO-D2-N5-R70-30-MM-G01,Yeast Glucan,H?O? oxidation,D2,N5,0.7,0.3,Medium,0.1,,,,,,,
YG-HO-D2-N5-R70-30-MM-G08,Yeast Glucan,H?O? oxidation,D2,N5,0.7,0.3,Medium,0.8,,,,,,,
YG-HO-D2-N5-R70-30-MM-G20,Yeast Glucan,H?O? oxidation,D2,N5,0.7,0.3,Medium,2,,,,,,,
YG-HO-D2-N5-R70-30-ML-G01,Yeast Glucan,H?O? oxidation,D2,N5,0.7,0.3,Low,0.1,,,,,,,
YG-HO-D2-N5-R70-30-ML-G08,Yeast Glucan,H?O? oxidation,D2,N5,0.7,0.3,Low,0.8,,,,,,,
YG-HO-D2-N5-R70-30-ML-G20,Yeast Glucan,H?O? oxidation,D2,N5,0.7,0.3,Low,2,,,,,,,
YG-HO-D2-N5-R70-30-MU-G01,Yeast Glucan,H?O? oxidation,D2,N5,0.7,0.3,Unspecified,0.1,,,,,,,
YG-HO-D2-N5-R70-30-MU-G08,Yeast Glucan,H?O? oxidation,D2,N5,0.7,0.3,Unspecified,0.8,,,,,,,
YG-HO-D2-N5-R70-30-MU-G20,Yeast Glucan,H?O? oxidation,D2,N5,0.7,0.3,Unspecified,2,,,,,,,
YG-HO-D2-N5-R50-50-MH-G01,Yeast Glucan,H?O? oxidation,D2,N5,0.5,0.5,High,0.1,,,,,,,
YG-HO-D2-N5-R50-50-MH-G08,Yeast Glucan,H?O? oxidation,D2,N5,0.5,0.5,High,0.8,,,,,,,
YG-HO-D2-N5-R50-50-MH-G20,Yeast Glucan,H?O? oxidation,D2,N5,0.5,0.5,High,2,,,,,,,
YG-HO-D2-N5-R50-50-MM-G01,Yeast Glucan,H?O? oxidation,D2,N5,0.5,0.5,Medium,0.1,,,,,,,
YG-HO-D2-N5-R50-50-MM-G08,Yeast Glucan,H?O? oxidation,D2,N5,0.5,0.5,Medium,0.8,,,,,,,
YG-HO-D2-N5-R50-50-MM-G20,Yeast Glucan,H?O? oxidation,D2,N5,0.5,0.5,Medium,2,,,,,,,
YG-HO-D2-N5-R50-50-ML-G01,Yeast Glucan,H?O? oxidation,D2,N5,0.5,0.5,Low,0.1,,,,,,,
YG-HO-D2-N5-R50-50-ML-G08,Yeast Glucan,H?O? oxidation,D2,N5,0.5,0.5,Low,0.8,,,,,,,
YG-HO-D2-N5-R50-50-ML-G20,Yeast Glucan,H?O? oxidation,D2,N5,0.5,0.5,Low,2,,,,,,,
YG-HO-D2-N5-R50-50-MU-G01,Yeast Glucan,H?O? oxidation,D2,N5,0.5,0.5,Unspecified,0.1,,,,,,,
YG-HO-D2-N5-R50-50-MU-G08,Yeast Glucan,H?O? oxidation,D2,N5,0.5,0.5,Unspecified,0.8,,,,,,,
YG-HO-D2-N5-R50-50-MU-G20,Yeast Glucan,H?O? oxidation,D2,N5,0.5,0.5,Unspecified,2,,,,,,,
YG-HO-D2-N6-R90-10-MH-G01,Yeast Glucan,H?O? oxidation,D2,N6,0.9,0.1,High,0.1,,,,,,,
YG-HO-D2-N6-R90-10-MH-G08,Yeast Glucan,H?O? oxidation,D2,N6,0.9,0.1,High,0.8,,,,,,,
YG-HO-D2-N6-R90-10-MH-G20,Yeast Glucan,H?O? oxidation,D2,N6,0.9,0.1,High,2,,,,,,,
YG-HO-D2-N6-R90-10-MM-G01,Yeast Glucan,H?O? oxidation,D2,N6,0.9,0.1,Medium,0.1,,,,,,,
YG-HO-D2-N6-R90-10-MM-G08,Yeast Glucan,H?O? oxidation,D2,N6,0.9,0.1,Medium,0.8,,,,,,,
YG-HO-D2-N6-R90-10-MM-G20,Yeast Glucan,H?O? oxidation,D2,N6,0.9,0.1,Medium,2,,,,,,,
YG-HO-D2-N6-R90-10-ML-G01,Yeast Glucan,H?O? oxidation,D2,N6,0.9,0.1,Low,0.1,,,,,,,
YG-HO-D2-N6-R90-10-ML-G08,Yeast Glucan,H?O? oxidation,D2,N6,0.9,0.1,Low,0.8,,,,,,,
YG-HO-D2-N6-R90-10-ML-G20,Yeast Glucan,H?O? oxidation,D2,N6,0.9,0.1,Low,2,,,,,,,
YG-HO-D2-N6-R90-10-MU-G01,Yeast Glucan,H?O? oxidation,D2,N6,0.9,0.1,Unspecified,0.1,,,,,,,
YG-HO-D2-N6-R90-10-MU-G08,Yeast Glucan,H?O? oxidation,D2,N6,0.9,0.1,Unspecified,0.8,,,,,,,
YG-HO-D2-N6-R90-10-MU-G20,Yeast Glucan,H?O? oxidation,D2,N6,0.9,0.1,Unspecified,2,,,,,,,
YG-HO-D2-N6-R70-30-MH-G01,Yeast Glucan,H?O? oxidation,D2,N6,0.7,0.3,High,0.1,,,,,,,
YG-HO-D2-N6-R70-30-MH-G08,Yeast Glucan,H?O? oxidation,D2,N6,0.7,0.3,High,0.8,,,,,,,
YG-HO-D2-N6-R70-30-MH-G20,Yeast Glucan,H?O? oxidation,D2,N6,0.7,0.3,High,2,,,,,,,
YG-HO-D2-N6-R70-30-MM-G01,Yeast Glucan,H?O? oxidation,D2,N6,0.7,0.3,Medium,0.1,,,,,,,
YG-HO-D2-N6-R70-30-MM-G08,Yeast Glucan,H?O? oxidation,D2,N6,0.7,0.3,Medium,0.8,,,,,,,
YG-HO-D2-N6-R70-30-MM-G20,Yeast Glucan,H?O? oxidation,D2,N6,0.7,0.3,Medium,2,,,,,,,
YG-HO-D2-N6-R70-30-ML-G01,Yeast Glucan,H?O? oxidation,D2,N6,0.7,0.3,Low,0.1,,,,,,,
YG-HO-D2-N6-R70-30-ML-G08,Yeast Glucan,H?O? oxidation,D2,N6,0.7,0.3,Low,0.8,,,,,,,
YG-HO-D2-N6-R70-30-ML-G20,Yeast Glucan,H?O? oxidation,D2,N6,0.7,0.3,Low,2,,,,,,,
YG-HO-D2-N6-R70-30-MU-G01,Yeast Glucan,H?O? oxidation,D2,N6,0.7,0.3,Unspecified,0.1,,,,,,,
YG-HO-D2-N6-R70-30-MU-G08,Yeast Glucan,H?O? oxidation,D2,N6,0.7,0.3,Unspecified,0.8,,,,,,,
YG-HO-D2-N6-R70-30-MU-G20,Yeast Glucan,H?O? oxidation,D2,N6,0.7,0.3,Unspecified,2,,,,,,,
YG-HO-D2-N6-R50-50-MH-G01,Yeast Glucan,H?O? oxidation,D2,N6,0.5,0.5,High,0.1,,,,,,,
YG-HO-D2-N6-R50-50-MH-G08,Yeast Glucan,H?O? oxidation,D2,N6,0.5,0.5,High,0.8,,,,,,,
YG-HO-D2-N6-R50-50-MH-G20,Yeast Glucan,H?O? oxidation,D2,N6,0.5,0.5,High,2,,,,,,,
YG-HO-D2-N6-R50-50-MM-G01,Yeast Glucan,H?O? oxidation,D2,N6,0.5,0.5,Medium,0.1,,,,,,,
YG-HO-D2-N6-R50-50-MM-G08,Yeast Glucan,H?O? oxidation,D2,N6,0.5,0.5,Medium,0.8,,,,,,,
YG-HO-D2-N6-R50-50-MM-G20,Yeast Glucan,H?O? oxidation,D2,N6,0.5,0.5,Medium,2,,,,,,,
YG-HO-D2-N6-R50-50-ML-G01,Yeast Glucan,H?O? oxidation,D2,N6,0.5,0.5,Low,0.1,,,,,,,
YG-HO-D2-N6-R50-50-ML-G08,Yeast Glucan,H?O? oxidation,D2,N6,0.5,0.5,Low,0.8,,,,,,,
YG-HO-D2-N6-R50-50-ML-G20,Yeast Glucan,H?O? oxidation,D2,N6,0.5,0.5,Low,2,,,,,,,
YG-HO-D2-N6-R50-50-MU-G01,Yeast Glucan,H?O? oxidation,D2,N6,0.5,0.5,Unspecified,0.1,,,,,,,
YG-HO-D2-N6-R50-50-MU-G08,Yeast Glucan,H?O? oxidation,D2,N6,0.5,0.5,Unspecified,0.8,,,,,,,
YG-HO-D2-N6-R50-50-MU-G20,Yeast Glucan,H?O? oxidation,D2,N6,0.5,0.5,Unspecified,2,,,,,,,
YG-HO-D3-N1-R90-10-MH-G01,Yeast Glucan,H?O? oxidation,D3,N1,0.9,0.1,High,0.1,,,,,,,
YG-HO-D3-N1-R90-10-MH-G08,Yeast Glucan,H?O? oxidation,D3,N1,0.9,0.1,High,0.8,,,,,,,
YG-HO-D3-N1-R90-10-MH-G20,Yeast Glucan,H?O? oxidation,D3,N1,0.9,0.1,High,2,,,,,,,
YG-HO-D3-N1-R90-10-MM-G01,Yeast Glucan,H?O? oxidation,D3,N1,0.9,0.1,Medium,0.1,,,,,,,
YG-HO-D3-N1-R90-10-MM-G08,Yeast Glucan,H?O? oxidation,D3,N1,0.9,0.1,Medium,0.8,,,,,,,
YG-HO-D3-N1-R90-10-MM-G20,Yeast Glucan,H?O? oxidation,D3,N1,0.9,0.1,Medium,2,,,,,,,
YG-HO-D3-N1-R90-10-ML-G01,Yeast Glucan,H?O? oxidation,D3,N1,0.9,0.1,Low,0.1,,,,,,,
YG-HO-D3-N1-R90-10-ML-G08,Yeast Glucan,H?O? oxidation,D3,N1,0.9,0.1,Low,0.8,,,,,,,
YG-HO-D3-N1-R90-10-ML-G20,Yeast Glucan,H?O? oxidation,D3,N1,0.9,0.1,Low,2,,,,,,,
YG-HO-D3-N1-R90-10-MU-G01,Yeast Glucan,H?O? oxidation,D3,N1,0.9,0.1,Unspecified,0.1,,,,,,,
YG-HO-D3-N1-R90-10-MU-G08,Yeast Glucan,H?O? oxidation,D3,N1,0.9,0.1,Unspecified,0.8,,,,,,,
YG-HO-D3-N1-R90-10-MU-G20,Yeast Glucan,H?O? oxidation,D3,N1,0.9,0.1,Unspecified,2,,,,,,,
YG-HO-D3-N1-R70-30-MH-G01,Yeast Glucan,H?O? oxidation,D3,N1,0.7,0.3,High,0.1,,,,,,,
YG-HO-D3-N1-R70-30-MH-G08,Yeast Glucan,H?O? oxidation,D3,N1,0.7,0.3,High,0.8,,,,,,,
YG-HO-D3-N1-R70-30-MH-G20,Yeast Glucan,H?O? oxidation,D3,N1,0.7,0.3,High,2,,,,,,,
YG-HO-D3-N1-R70-30-MM-G01,Yeast Glucan,H?O? oxidation,D3,N1,0.7,0.3,Medium,0.1,,,,,,,
YG-HO-D3-N1-R70-30-MM-G08,Yeast Glucan,H?O? oxidation,D3,N1,0.7,0.3,Medium,0.8,,,,,,,
YG-HO-D3-N1-R70-30-MM-G20,Yeast Glucan,H?O? oxidation,D3,N1,0.7,0.3,Medium,2,,,,,,,
YG-HO-D3-N1-R70-30-ML-G01,Yeast Glucan,H?O? oxidation,D3,N1,0.7,0.3,Low,0.1,,,,,,,
YG-HO-D3-N1-R70-30-ML-G08,Yeast Glucan,H?O? oxidation,D3,N1,0.7,0.3,Low,0.8,,,,,,,
YG-HO-D3-N1-R70-30-ML-G20,Yeast Glucan,H?O? oxidation,D3,N1,0.7,0.3,Low,2,,,,,,,
YG-HO-D3-N1-R70-30-MU-G01,Yeast Glucan,H?O? oxidation,D3,N1,0.7,0.3,Unspecified,0.1,,,,,,,
YG-HO-D3-N1-R70-30-MU-G08,Yeast Glucan,H?O? oxidation,D3,N1,0.7,0.3,Unspecified,0.8,,,,,,,
YG-HO-D3-N1-R70-30-MU-G20,Yeast Glucan,H?O? oxidation,D3,N1,0.7,0.3,Unspecified,2,,,,,,,
YG-HO-D3-N1-R50-50-MH-G01,Yeast Glucan,H?O? oxidation,D3,N1,0.5,0.5,High,0.1,,,,,,,
YG-HO-D3-N1-R50-50-MH-G08,Yeast Glucan,H?O? oxidation,D3,N1,0.5,0.5,High,0.8,,,,,,,
YG-HO-D3-N1-R50-50-MH-G20,Yeast Glucan,H?O? oxidation,D3,N1,0.5,0.5,High,2,,,,,,,
YG-HO-D3-N1-R50-50-MM-G01,Yeast Glucan,H?O? oxidation,D3,N1,0.5,0.5,Medium,0.1,,,,,,,
YG-HO-D3-N1-R50-50-MM-G08,Yeast Glucan,H?O? oxidation,D3,N1,0.5,0.5,Medium,0.8,,,,,,,
YG-HO-D3-N1-R50-50-MM-G20,Yeast Glucan,H?O? oxidation,D3,N1,0.5,0.5,Medium,2,,,,,,,
YG-HO-D3-N1-R50-50-ML-G01,Yeast Glucan,H?O? oxidation,D3,N1,0.5,0.5,Low,0.1,,,,,,,
YG-HO-D3-N1-R50-50-ML-G08,Yeast Glucan,H?O? oxidation,D3,N1,0.5,0.5,Low,0.8,,,,,,,
YG-HO-D3-N1-R50-50-ML-G20,Yeast Glucan,H?O? oxidation,D3,N1,0.5,0.5,Low,2,,,,,,,
YG-HO-D3-N1-R50-50-MU-G01,Yeast Glucan,H?O? oxidation,D3,N1,0.5,0.5,Unspecified,0.1,,,,,,,
YG-HO-D3-N1-R50-50-MU-G08,Yeast Glucan,H?O? oxidation,D3,N1,0.5,0.5,Unspecified,0.8,,,,,,,
YG-HO-D3-N1-R50-50-MU-G20,Yeast Glucan,H?O? oxidation,D3,N1,0.5,0.5,Unspecified,2,,,,,,,
YG-HO-D3-N2-R90-10-MH-G01,Yeast Glucan,H?O? oxidation,D3,N2,0.9,0.1,High,0.1,,,,,,,
YG-HO-D3-N2-R90-10-MH-G08,Yeast Glucan,H?O? oxidation,D3,N2,0.9,0.1,High,0.8,,,,,,,
YG-HO-D3-N2-R90-10-MH-G20,Yeast Glucan,H?O? oxidation,D3,N2,0.9,0.1,High,2,,,,,,,
YG-HO-D3-N2-R90-10-MM-G01,Yeast Glucan,H?O? oxidation,D3,N2,0.9,0.1,Medium,0.1,,,,,,,
YG-HO-D3-N2-R90-10-MM-G08,Yeast Glucan,H?O? oxidation,D3,N2,0.9,0.1,Medium,0.8,,,,,,,
YG-HO-D3-N2-R90-10-MM-G20,Yeast Glucan,H?O? oxidation,D3,N2,0.9,0.1,Medium,2,,,,,,,
YG-HO-D3-N2-R90-10-ML-G01,Yeast Glucan,H?O? oxidation,D3,N2,0.9,0.1,Low,0.1,,,,,,,
YG-HO-D3-N2-R90-10-ML-G08,Yeast Glucan,H?O? oxidation,D3,N2,0.9,0.1,Low,0.8,,,,,,,
YG-HO-D3-N2-R90-10-ML-G20,Yeast Glucan,H?O? oxidation,D3,N2,0.9,0.1,Low,2,,,,,,,
YG-HO-D3-N2-R90-10-MU-G01,Yeast Glucan,H?O? oxidation,D3,N2,0.9,0.1,Unspecified,0.1,,,,,,,
YG-HO-D3-N2-R90-10-MU-G08,Yeast Glucan,H?O? oxidation,D3,N2,0.9,0.1,Unspecified,0.8,,,,,,,
YG-HO-D3-N2-R90-10-MU-G20,Yeast Glucan,H?O? oxidation,D3,N2,0.9,0.1,Unspecified,2,,,,,,,
YG-HO-D3-N2-R70-30-MH-G01,Yeast Glucan,H?O? oxidation,D3,N2,0.7,0.3,High,0.1,,,,,,,
YG-HO-D3-N2-R70-30-MH-G08,Yeast Glucan,H?O? oxidation,D3,N2,0.7,0.3,High,0.8,,,,,,,
YG-HO-D3-N2-R70-30-MH-G20,Yeast Glucan,H?O? oxidation,D3,N2,0.7,0.3,High,2,,,,,,,
YG-HO-D3-N2-R70-30-MM-G01,Yeast Glucan,H?O? oxidation,D3,N2,0.7,0.3,Medium,0.1,,,,,,,
YG-HO-D3-N2-R70-30-MM-G08,Yeast Glucan,H?O? oxidation,D3,N2,0.7,0.3,Medium,0.8,,,,,,,
YG-HO-D3-N2-R70-30-MM-G20,Yeast Glucan,H?O? oxidation,D3,N2,0.7,0.3,Medium,2,,,,,,,
YG-HO-D3-N2-R70-30-ML-G01,Yeast Glucan,H?O? oxidation,D3,N2,0.7,0.3,Low,0.1,,,,,,,
YG-HO-D3-N2-R70-30-ML-G08,Yeast Glucan,H?O? oxidation,D3,N2,0.7,0.3,Low,0.8,,,,,,,
YG-HO-D3-N2-R70-30-ML-G20,Yeast Glucan,H?O? oxidation,D3,N2,0.7,0.3,Low,2,,,,,,,
YG-HO-D3-N2-R70-30-MU-G01,Yeast Glucan,H?O? oxidation,D3,N2,0.7,0.3,Unspecified,0.1,,,,,,,
YG-HO-D3-N2-R70-30-MU-G08,Yeast Glucan,H?O? oxidation,D3,N2,0.7,0.3,Unspecified,0.8,,,,,,,
YG-HO-D3-N2-R70-30-MU-G20,Yeast Glucan,H?O? oxidation,D3,N2,0.7,0.3,Unspecified,2,,,,,,,
YG-HO-D3-N2-R50-50-MH-G01,Yeast Glucan,H?O? oxidation,D3,N2,0.5,0.5,High,0.1,,,,,,,
YG-HO-D3-N2-R50-50-MH-G08,Yeast Glucan,H?O? oxidation,D3,N2,0.5,0.5,High,0.8,,,,,,,
YG-HO-D3-N2-R50-50-MH-G20,Yeast Glucan,H?O? oxidation,D3,N2,0.5,0.5,High,2,,,,,,,
YG-HO-D3-N2-R50-50-MM-G01,Yeast Glucan,H?O? oxidation,D3,N2,0.5,0.5,Medium,0.1,,,,,,,
YG-HO-D3-N2-R50-50-MM-G08,Yeast Glucan,H?O? oxidation,D3,N2,0.5,0.5,Medium,0.8,,,,,,,
YG-HO-D3-N2-R50-50-MM-G20,Yeast Glucan,H?O? oxidation,D3,N2,0.5,0.5,Medium,2,,,,,,,
YG-HO-D3-N2-R50-50-ML-G01,Yeast Glucan,H?O? oxidation,D3,N2,0.5,0.5,Low,0.1,,,,,,,
YG-HO-D3-N2-R50-50-ML-G08,Yeast Glucan,H?O? oxidation,D3,N2,0.5,0.5,Low,0.8,,,,,,,
YG-HO-D3-N2-R50-50-ML-G20,Yeast Glucan,H?O? oxidation,D3,N2,0.5,0.5,Low,2,,,,,,,
YG-HO-D3-N2-R50-50-MU-G01,Yeast Glucan,H?O? oxidation,D3,N2,0.5,0.5,Unspecified,0.1,,,,,,,
YG-HO-D3-N2-R50-50-MU-G08,Yeast Glucan,H?O? oxidation,D3,N2,0.5,0.5,Unspecified,0.8,,,,,,,
YG-HO-D3-N2-R50-50-MU-G20,Yeast Glucan,H?O? oxidation,D3,N2,0.5,0.5,Unspecified,2,,,,,,,
YG-HO-D3-N3-R90-10-MH-G01,Yeast Glucan,H?O? oxidation,D3,N3,0.9,0.1,High,0.1,,,,,,,
YG-HO-D3-N3-R90-10-MH-G08,Yeast Glucan,H?O? oxidation,D3,N3,0.9,0.1,High,0.8,,,,,,,
YG-HO-D3-N3-R90-10-MH-G20,Yeast Glucan,H?O? oxidation,D3,N3,0.9,0.1,High,2,,,,,,,
YG-HO-D3-N3-R90-10-MM-G01,Yeast Glucan,H?O? oxidation,D3,N3,0.9,0.1,Medium,0.1,,,,,,,
YG-HO-D3-N3-R90-10-MM-G08,Yeast Glucan,H?O? oxidation,D3,N3,0.9,0.1,Medium,0.8,,,,,,,
YG-HO-D3-N3-R90-10-MM-G20,Yeast Glucan,H?O? oxidation,D3,N3,0.9,0.1,Medium,2,,,,,,,
YG-HO-D3-N3-R90-10-ML-G01,Yeast Glucan,H?O? oxidation,D3,N3,0.9,0.1,Low,0.1,,,,,,,
YG-HO-D3-N3-R90-10-ML-G08,Yeast Glucan,H?O? oxidation,D3,N3,0.9,0.1,Low,0.8,,,,,,,
YG-HO-D3-N3-R90-10-ML-G20,Yeast Glucan,H?O? oxidation,D3,N3,0.9,0.1,Low,2,,,,,,,
YG-HO-D3-N3-R90-10-MU-G01,Yeast Glucan,H?O? oxidation,D3,N3,0.9,0.1,Unspecified,0.1,,,,,,,
YG-HO-D3-N3-R90-10-MU-G08,Yeast Glucan,H?O? oxidation,D3,N3,0.9,0.1,Unspecified,0.8,,,,,,,
YG-HO-D3-N3-R90-10-MU-G20,Yeast Glucan,H?O? oxidation,D3,N3,0.9,0.1,Unspecified,2,,,,,,,
YG-HO-D3-N3-R70-30-MH-G01,Yeast Glucan,H?O? oxidation,D3,N3,0.7,0.3,High,0.1,,,,,,,
YG-HO-D3-N3-R70-30-MH-G08,Yeast Glucan,H?O? oxidation,D3,N3,0.7,0.3,High,0.8,,,,,,,
YG-HO-D3-N3-R70-30-MH-G20,Yeast Glucan,H?O? oxidation,D3,N3,0.7,0.3,High,2,,,,,,,
YG-HO-D3-N3-R70-30-MM-G01,Yeast Glucan,H?O? oxidation,D3,N3,0.7,0.3,Medium,0.1,,,,,,,
YG-HO-D3-N3-R70-30-MM-G08,Yeast Glucan,H?O? oxidation,D3,N3,0.7,0.3,Medium,0.8,,,,,,,
YG-HO-D3-N3-R70-30-MM-G20,Yeast Glucan,H?O? oxidation,D3,N3,0.7,0.3,Medium,2,,,,,,,
YG-HO-D3-N3-R70-30-ML-G01,Yeast Glucan,H?O? oxidation,D3,N3,0.7,0.3,Low,0.1,,,,,,,
YG-HO-D3-N3-R70-30-ML-G08,Yeast Glucan,H?O? oxidation,D3,N3,0.7,0.3,Low,0.8,,,,,,,
YG-HO-D3-N3-R70-30-ML-G20,Yeast Glucan,H?O? oxidation,D3,N3,0.7,0.3,Low,2,,,,,,,
YG-HO-D3-N3-R70-30-MU-G01,Yeast Glucan,H?O? oxidation,D3,N3,0.7,0.3,Unspecified,0.1,,,,,,,
YG-HO-D3-N3-R70-30-MU-G08,Yeast Glucan,H?O? oxidation,D3,N3,0.7,0.3,Unspecified,0.8,,,,,,,
YG-HO-D3-N3-R70-30-MU-G20,Yeast Glucan,H?O? oxidation,D3,N3,0.7,0.3,Unspecified,2,,,,,,,
YG-HO-D3-N3-R50-50-MH-G01,Yeast Glucan,H?O? oxidation,D3,N3,0.5,0.5,High,0.1,,,,,,,
YG-HO-D3-N3-R50-50-MH-G08,Yeast Glucan,H?O? oxidation,D3,N3,0.5,0.5,High,0.8,,,,,,,
YG-HO-D3-N3-R50-50-MH-G20,Yeast Glucan,H?O? oxidation,D3,N3,0.5,0.5,High,2,,,,,,,
YG-HO-D3-N3-R50-50-MM-G01,Yeast Glucan,H?O? oxidation,D3,N3,0.5,0.5,Medium,0.1,,,,,,,
YG-HO-D3-N3-R50-50-MM-G08,Yeast Glucan,H?O? oxidation,D3,N3,0.5,0.5,Medium,0.8,,,,,,,
YG-HO-D3-N3-R50-50-MM-G20,Yeast Glucan,H?O? oxidation,D3,N3,0.5,0.5,Medium,2,,,,,,,
YG-HO-D3-N3-R50-50-ML-G01,Yeast Glucan,H?O? oxidation,D3,N3,0.5,0.5,Low,0.1,,,,,,,
YG-HO-D3-N3-R50-50-ML-G08,Yeast Glucan,H?O? oxidation,D3,N3,0.5,0.5,Low,0.8,,,,,,,
YG-HO-D3-N3-R50-50-ML-G20,Yeast Glucan,H?O? oxidation,D3,N3,0.5,0.5,Low,2,,,,,,,
YG-HO-D3-N3-R50-50-MU-G01,Yeast Glucan,H?O? oxidation,D3,N3,0.5,0.5,Unspecified,0.1,,,,,,,
YG-HO-D3-N3-R50-50-MU-G08,Yeast Glucan,H?O? oxidation,D3,N3,0.5,0.5,Unspecified,0.8,,,,,,,
YG-HO-D3-N3-R50-50-MU-G20,Yeast Glucan,H?O? oxidation,D3,N3,0.5,0.5,Unspecified,2,,,,,,,
YG-HO-D3-N4-R90-10-MH-G01,Yeast Glucan,H?O? oxidation,D3,N4,0.9,0.1,High,0.1,,,,,,,
YG-HO-D3-N4-R90-10-MH-G08,Yeast Glucan,H?O? oxidation,D3,N4,0.9,0.1,High,0.8,,,,,,,
YG-HO-D3-N4-R90-10-MH-G20,Yeast Glucan,H?O? oxidation,D3,N4,0.9,0.1,High,2,,,,,,,
YG-HO-D3-N4-R90-10-MM-G01,Yeast Glucan,H?O? oxidation,D3,N4,0.9,0.1,Medium,0.1,,,,,,,
YG-HO-D3-N4-R90-10-MM-G08,Yeast Glucan,H?O? oxidation,D3,N4,0.9,0.1,Medium,0.8,,,,,,,
YG-HO-D3-N4-R90-10-MM-G20,Yeast Glucan,H?O? oxidation,D3,N4,0.9,0.1,Medium,2,,,,,,,
YG-HO-D3-N4-R90-10-ML-G01,Yeast Glucan,H?O? oxidation,D3,N4,0.9,0.1,Low,0.1,,,,,,,
YG-HO-D3-N4-R90-10-ML-G08,Yeast Glucan,H?O? oxidation,D3,N4,0.9,0.1,Low,0.8,,,,,,,
YG-HO-D3-N4-R90-10-ML-G20,Yeast Glucan,H?O? oxidation,D3,N4,0.9,0.1,Low,2,,,,,,,
YG-HO-D3-N4-R90-10-MU-G01,Yeast Glucan,H?O? oxidation,D3,N4,0.9,0.1,Unspecified,0.1,,,,,,,
YG-HO-D3-N4-R90-10-MU-G08,Yeast Glucan,H?O? oxidation,D3,N4,0.9,0.1,Unspecified,0.8,,,,,,,
YG-HO-D3-N4-R90-10-MU-G20,Yeast Glucan,H?O? oxidation,D3,N4,0.9,0.1,Unspecified,2,,,,,,,
YG-HO-D3-N4-R70-30-MH-G01,Yeast Glucan,H?O? oxidation,D3,N4,0.7,0.3,High,0.1,,,,,,,
YG-HO-D3-N4-R70-30-MH-G08,Yeast Glucan,H?O? oxidation,D3,N4,0.7,0.3,High,0.8,,,,,,,
YG-HO-D3-N4-R70-30-MH-G20,Yeast Glucan,H?O? oxidation,D3,N4,0.7,0.3,High,2,,,,,,,
YG-HO-D3-N4-R70-30-MM-G01,Yeast Glucan,H?O? oxidation,D3,N4,0.7,0.3,Medium,0.1,,,,,,,
YG-HO-D3-N4-R70-30-MM-G08,Yeast Glucan,H?O? oxidation,D3,N4,0.7,0.3,Medium,0.8,,,,,,,
YG-HO-D3-N4-R70-30-MM-G20,Yeast Glucan,H?O? oxidation,D3,N4,0.7,0.3,Medium,2,,,,,,,
YG-HO-D3-N4-R70-30-ML-G01,Yeast Glucan,H?O? oxidation,D3,N4,0.7,0.3,Low,0.1,,,,,,,
YG-HO-D3-N4-R70-30-ML-G08,Yeast Glucan,H?O? oxidation,D3,N4,0.7,0.3,Low,0.8,,,,,,,
YG-HO-D3-N4-R70-30-ML-G20,Yeast Glucan,H?O? oxidation,D3,N4,0.7,0.3,Low,2,,,,,,,
YG-HO-D3-N4-R70-30-MU-G01,Yeast Glucan,H?O? oxidation,D3,N4,0.7,0.3,Unspecified,0.1,,,,,,,
YG-HO-D3-N4-R70-30-MU-G08,Yeast Glucan,H?O? oxidation,D3,N4,0.7,0.3,Unspecified,0.8,,,,,,,
YG-HO-D3-N4-R70-30-MU-G20,Yeast Glucan,H?O? oxidation,D3,N4,0.7,0.3,Unspecified,2,,,,,,,
YG-HO-D3-N4-R50-50-MH-G01,Yeast Glucan,H?O? oxidation,D3,N4,0.5,0.5,High,0.1,,,,,,,
YG-HO-D3-N4-R50-50-MH-G08,Yeast Glucan,H?O? oxidation,D3,N4,0.5,0.5,High,0.8,,,,,,,
YG-HO-D3-N4-R50-50-MH-G20,Yeast Glucan,H?O? oxidation,D3,N4,0.5,0.5,High,2,,,,,,,
YG-HO-D3-N4-R50-50-MM-G01,Yeast Glucan,H?O? oxidation,D3,N4,0.5,0.5,Medium,0.1,,,,,,,
YG-HO-D3-N4-R50-50-MM-G08,Yeast Glucan,H?O? oxidation,D3,N4,0.5,0.5,Medium,0.8,,,,,,,
YG-HO-D3-N4-R50-50-MM-G20,Yeast Glucan,H?O? oxidation,D3,N4,0.5,0.5,Medium,2,,,,,,,
YG-HO-D3-N4-R50-50-ML-G01,Yeast Glucan,H?O? oxidation,D3,N4,0.5,0.5,Low,0.1,,,,,,,
YG-HO-D3-N4-R50-50-ML-G08,Yeast Glucan,H?O? oxidation,D3,N4,0.5,0.5,Low,0.8,,,,,,,
YG-HO-D3-N4-R50-50-ML-G20,Yeast Glucan,H?O? oxidation,D3,N4,0.5,0.5,Low,2,,,,,,,
YG-HO-D3-N4-R50-50-MU-G01,Yeast Glucan,H?O? oxidation,D3,N4,0.5,0.5,Unspecified,0.1,,,,,,,
YG-HO-D3-N4-R50-50-MU-G08,Yeast Glucan,H?O? oxidation,D3,N4,0.5,0.5,Unspecified,0.8,,,,,,,
YG-HO-D3-N4-R50-50-MU-G20,Yeast Glucan,H?O? oxidation,D3,N4,0.5,0.5,Unspecified,2,,,,,,,
YG-HO-D3-N5-R90-10-MH-G01,Yeast Glucan,H?O? oxidation,D3,N5,0.9,0.1,High,0.1,,,,,,,
YG-HO-D3-N5-R90-10-MH-G08,Yeast Glucan,H?O? oxidation,D3,N5,0.9,0.1,High,0.8,,,,,,,
YG-HO-D3-N5-R90-10-MH-G20,Yeast Glucan,H?O? oxidation,D3,N5,0.9,0.1,High,2,,,,,,,
YG-HO-D3-N5-R90-10-MM-G01,Yeast Glucan,H?O? oxidation,D3,N5,0.9,0.1,Medium,0.1,,,,,,,
YG-HO-D3-N5-R90-10-MM-G08,Yeast Glucan,H?O? oxidation,D3,N5,0.9,0.1,Medium,0.8,,,,,,,
YG-HO-D3-N5-R90-10-MM-G20,Yeast Glucan,H?O? oxidation,D3,N5,0.9,0.1,Medium,2,,,,,,,
YG-HO-D3-N5-R90-10-ML-G01,Yeast Glucan,H?O? oxidation,D3,N5,0.9,0.1,Low,0.1,,,,,,,
YG-HO-D3-N5-R90-10-ML-G08,Yeast Glucan,H?O? oxidation,D3,N5,0.9,0.1,Low,0.8,,,,,,,
YG-HO-D3-N5-R90-10-ML-G20,Yeast Glucan,H?O? oxidation,D3,N5,0.9,0.1,Low,2,,,,,,,
YG-HO-D3-N5-R90-10-MU-G01,Yeast Glucan,H?O? oxidation,D3,N5,0.9,0.1,Unspecified,0.1,,,,,,,
YG-HO-D3-N5-R90-10-MU-G08,Yeast Glucan,H?O? oxidation,D3,N5,0.9,0.1,Unspecified,0.8,,,,,,,
YG-HO-D3-N5-R90-10-MU-G20,Yeast Glucan,H?O? oxidation,D3,N5,0.9,0.1,Unspecified,2,,,,,,,
YG-HO-D3-N5-R70-30-MH-G01,Yeast Glucan,H?O? oxidation,D3,N5,0.7,0.3,High,0.1,,,,,,,
YG-HO-D3-N5-R70-30-MH-G08,Yeast Glucan,H?O? oxidation,D3,N5,0.7,0.3,High,0.8,,,,,,,
YG-HO-D3-N5-R70-30-MH-G20,Yeast Glucan,H?O? oxidation,D3,N5,0.7,0.3,High,2,,,,,,,
YG-HO-D3-N5-R70-30-MM-G01,Yeast Glucan,H?O? oxidation,D3,N5,0.7,0.3,Medium,0.1,,,,,,,
YG-HO-D3-N5-R70-30-MM-G08,Yeast Glucan,H?O? oxidation,D3,N5,0.7,0.3,Medium,0.8,,,,,,,
YG-HO-D3-N5-R70-30-MM-G20,Yeast Glucan,H?O? oxidation,D3,N5,0.7,0.3,Medium,2,,,,,,,
YG-HO-D3-N5-R70-30-ML-G01,Yeast Glucan,H?O? oxidation,D3,N5,0.7,0.3,Low,0.1,,,,,,,
YG-HO-D3-N5-R70-30-ML-G08,Yeast Glucan,H?O? oxidation,D3,N5,0.7,0.3,Low,0.8,,,,,,,
YG-HO-D3-N5-R70-30-ML-G20,Yeast Glucan,H?O? oxidation,D3,N5,0.7,0.3,Low,2,,,,,,,
YG-HO-D3-N5-R70-30-MU-G01,Yeast Glucan,H?O? oxidation,D3,N5,0.7,0.3,Unspecified,0.1,,,,,,,
YG-HO-D3-N5-R70-30-MU-G08,Yeast Glucan,H?O? oxidation,D3,N5,0.7,0.3,Unspecified,0.8,,,,,,,
YG-HO-D3-N5-R70-30-MU-G20,Yeast Glucan,H?O? oxidation,D3,N5,0.7,0.3,Unspecified,2,,,,,,,
YG-HO-D3-N5-R50-50-MH-G01,Yeast Glucan,H?O? oxidation,D3,N5,0.5,0.5,High,0.1,,,,,,,
YG-HO-D3-N5-R50-50-MH-G08,Yeast Glucan,H?O? oxidation,D3,N5,0.5,0.5,High,0.8,,,,,,,
YG-HO-D3-N5-R50-50-MH-G20,Yeast Glucan,H?O? oxidation,D3,N5,0.5,0.5,High,2,,,,,,,
YG-HO-D3-N5-R50-50-MM-G01,Yeast Glucan,H?O? oxidation,D3,N5,0.5,0.5,Medium,0.1,,,,,,,
YG-HO-D3-N5-R50-50-MM-G08,Yeast Glucan,H?O? oxidation,D3,N5,0.5,0.5,Medium,0.8,,,,,,,
YG-HO-D3-N5-R50-50-MM-G20,Yeast Glucan,H?O? oxidation,D3,N5,0.5,0.5,Medium,2,,,,,,,
YG-HO-D3-N5-R50-50-ML-G01,Yeast Glucan,H?O? oxidation,D3,N5,0.5,0.5,Low,0.1,,,,,,,
YG-HO-D3-N5-R50-50-ML-G08,Yeast Glucan,H?O? oxidation,D3,N5,0.5,0.5,Low,0.8,,,,,,,
YG-HO-D3-N5-R50-50-ML-G20,Yeast Glucan,H?O? oxidation,D3,N5,0.5,0.5,Low,2,,,,,,,
YG-HO-D3-N5-R50-50-MU-G01,Yeast Glucan,H?O? oxidation,D3,N5,0.5,0.5,Unspecified,0.1,,,,,,,
YG-HO-D3-N5-R50-50-MU-G08,Yeast Glucan,H?O? oxidation,D3,N5,0.5,0.5,Unspecified,0.8,,,,,,,
YG-HO-D3-N5-R50-50-MU-G20,Yeast Glucan,H?O? oxidation,D3,N5,0.5,0.5,Unspecified,2,,,,,,,
YG-HO-D3-N6-R90-10-MH-G01,Yeast Glucan,H?O? oxidation,D3,N6,0.9,0.1,High,0.1,,,,,,,
YG-HO-D3-N6-R90-10-MH-G08,Yeast Glucan,H?O? oxidation,D3,N6,0.9,0.1,High,0.8,,,,,,,
YG-HO-D3-N6-R90-10-MH-G20,Yeast Glucan,H?O? oxidation,D3,N6,0.9,0.1,High,2,,,,,,,
YG-HO-D3-N6-R90-10-MM-G01,Yeast Glucan,H?O? oxidation,D3,N6,0.9,0.1,Medium,0.1,,,,,,,
YG-HO-D3-N6-R90-10-MM-G08,Yeast Glucan,H?O? oxidation,D3,N6,0.9,0.1,Medium,0.8,,,,,,,
YG-HO-D3-N6-R90-10-MM-G20,Yeast Glucan,H?O? oxidation,D3,N6,0.9,0.1,Medium,2,,,,,,,
YG-HO-D3-N6-R90-10-ML-G01,Yeast Glucan,H?O? oxidation,D3,N6,0.9,0.1,Low,0.1,,,,,,,
YG-HO-D3-N6-R90-10-ML-G08,Yeast Glucan,H?O? oxidation,D3,N6,0.9,0.1,Low,0.8,,,,,,,
YG-HO-D3-N6-R90-10-ML-G20,Yeast Glucan,H?O? oxidation,D3,N6,0.9,0.1,Low,2,,,,,,,
YG-HO-D3-N6-R90-10-MU-G01,Yeast Glucan,H?O? oxidation,D3,N6,0.9,0.1,Unspecified,0.1,,,,,,,
YG-HO-D3-N6-R90-10-MU-G08,Yeast Glucan,H?O? oxidation,D3,N6,0.9,0.1,Unspecified,0.8,,,,,,,
YG-HO-D3-N6-R90-10-MU-G20,Yeast Glucan,H?O? oxidation,D3,N6,0.9,0.1,Unspecified,2,,,,,,,
YG-HO-D3-N6-R70-30-MH-G01,Yeast Glucan,H?O? oxidation,D3,N6,0.7,0.3,High,0.1,,,,,,,
YG-HO-D3-N6-R70-30-MH-G08,Yeast Glucan,H?O? oxidation,D3,N6,0.7,0.3,High,0.8,,,,,,,
YG-HO-D3-N6-R70-30-MH-G20,Yeast Glucan,H?O? oxidation,D3,N6,0.7,0.3,High,2,,,,,,,
YG-HO-D3-N6-R70-30-MM-G01,Yeast Glucan,H?O? oxidation,D3,N6,0.7,0.3,Medium,0.1,,,,,,,
YG-HO-D3-N6-R70-30-MM-G08,Yeast Glucan,H?O? oxidation,D3,N6,0.7,0.3,Medium,0.8,,,,,,,
YG-HO-D3-N6-R70-30-MM-G20,Yeast Glucan,H?O? oxidation,D3,N6,0.7,0.3,Medium,2,,,,,,,
YG-HO-D3-N6-R70-30-ML-G01,Yeast Glucan,H?O? oxidation,D3,N6,0.7,0.3,Low,0.1,,,,,,,
YG-HO-D3-N6-R70-30-ML-G08,Yeast Glucan,H?O? oxidation,D3,N6,0.7,0.3,Low,0.8,,,,,,,
YG-HO-D3-N6-R70-30-ML-G20,Yeast Glucan,H?O? oxidation,D3,N6,0.7,0.3,Low,2,,,,,,,
YG-HO-D3-N6-R70-30-MU-G01,Yeast Glucan,H?O? oxidation,D3,N6,0.7,0.3,Unspecified,0.1,,,,,,,
YG-HO-D3-N6-R70-30-MU-G08,Yeast Glucan,H?O? oxidation,D3,N6,0.7,0.3,Unspecified,0.8,,,,,,,
YG-HO-D3-N6-R70-30-MU-G20,Yeast Glucan,H?O? oxidation,D3,N6,0.7,0.3,Unspecified,2,,,,,,,
YG-HO-D3-N6-R50-50-MH-G01,Yeast Glucan,H?O? oxidation,D3,N6,0.5,0.5,High,0.1,,,,,,,
YG-HO-D3-N6-R50-50-MH-G08,Yeast Glucan,H?O? oxidation,D3,N6,0.5,0.5,High,0.8,,,,,,,
YG-HO-D3-N6-R50-50-MH-G20,Yeast Glucan,H?O? oxidation,D3,N6,0.5,0.5,High,2,,,,,,,
YG-HO-D3-N6-R50-50-MM-G01,Yeast Glucan,H?O? oxidation,D3,N6,0.5,0.5,Medium,0.1,,,,,,,
YG-HO-D3-N6-R50-50-MM-G08,Yeast Glucan,H?O? oxidation,D3,N6,0.5,0.5,Medium,0.8,,,,,,,
YG-HO-D3-N6-R50-50-MM-G20,Yeast Glucan,H?O? oxidation,D3,N6,0.5,0.5,Medium,2,,,,,,,
YG-HO-D3-N6-R50-50-ML-G01,Yeast Glucan,H?O? oxidation,D3,N6,0.5,0.5,Low,0.1,,,,,,,
YG-HO-D3-N6-R50-50-ML-G08,Yeast Glucan,H?O? oxidation,D3,N6,0.5,0.5,Low,0.8,,,,,,,
YG-HO-D3-N6-R50-50-ML-G20,Yeast Glucan,H?O? oxidation,D3,N6,0.5,0.5,Low,2,,,,,,,
YG-HO-D3-N6-R50-50-MU-G01,Yeast Glucan,H?O? oxidation,D3,N6,0.5,0.5,Unspecified,0.1,,,,,,,
YG-HO-D3-N6-R50-50-MU-G08,Yeast Glucan,H?O? oxidation,D3,N6,0.5,0.5,Unspecified,0.8,,,,,,,
YG-HO-D3-N6-R50-50-MU-G20,Yeast Glucan,H?O? oxidation,D3,N6,0.5,0.5,Unspecified,2,,,,,,,
YG-HO-D4-N1-R90-10-MH-G01,Yeast Glucan,H?O? oxidation,D4,N1,0.9,0.1,High,0.1,,,,,,,
YG-HO-D4-N1-R90-10-MH-G08,Yeast Glucan,H?O? oxidation,D4,N1,0.9,0.1,High,0.8,,,,,,,
YG-HO-D4-N1-R90-10-MH-G20,Yeast Glucan,H?O? oxidation,D4,N1,0.9,0.1,High,2,,,,,,,
YG-HO-D4-N1-R90-10-MM-G01,Yeast Glucan,H?O? oxidation,D4,N1,0.9,0.1,Medium,0.1,,,,,,,
YG-HO-D4-N1-R90-10-MM-G08,Yeast Glucan,H?O? oxidation,D4,N1,0.9,0.1,Medium,0.8,,,,,,,
YG-HO-D4-N1-R90-10-MM-G20,Yeast Glucan,H?O? oxidation,D4,N1,0.9,0.1,Medium,2,,,,,,,
YG-HO-D4-N1-R90-10-ML-G01,Yeast Glucan,H?O? oxidation,D4,N1,0.9,0.1,Low,0.1,,,,,,,
YG-HO-D4-N1-R90-10-ML-G08,Yeast Glucan,H?O? oxidation,D4,N1,0.9,0.1,Low,0.8,,,,,,,
YG-HO-D4-N1-R90-10-ML-G20,Yeast Glucan,H?O? oxidation,D4,N1,0.9,0.1,Low,2,,,,,,,
YG-HO-D4-N1-R90-10-MU-G01,Yeast Glucan,H?O? oxidation,D4,N1,0.9,0.1,Unspecified,0.1,,,,,,,
YG-HO-D4-N1-R90-10-MU-G08,Yeast Glucan,H?O? oxidation,D4,N1,0.9,0.1,Unspecified,0.8,,,,,,,
YG-HO-D4-N1-R90-10-MU-G20,Yeast Glucan,H?O? oxidation,D4,N1,0.9,0.1,Unspecified,2,,,,,,,
YG-HO-D4-N1-R70-30-MH-G01,Yeast Glucan,H?O? oxidation,D4,N1,0.7,0.3,High,0.1,,,,,,,
YG-HO-D4-N1-R70-30-MH-G08,Yeast Glucan,H?O? oxidation,D4,N1,0.7,0.3,High,0.8,,,,,,,
YG-HO-D4-N1-R70-30-MH-G20,Yeast Glucan,H?O? oxidation,D4,N1,0.7,0.3,High,2,,,,,,,
YG-HO-D4-N1-R70-30-MM-G01,Yeast Glucan,H?O? oxidation,D4,N1,0.7,0.3,Medium,0.1,,,,,,,
YG-HO-D4-N1-R70-30-MM-G08,Yeast Glucan,H?O? oxidation,D4,N1,0.7,0.3,Medium,0.8,,,,,,,
YG-HO-D4-N1-R70-30-MM-G20,Yeast Glucan,H?O? oxidation,D4,N1,0.7,0.3,Medium,2,,,,,,,
YG-HO-D4-N1-R70-30-ML-G01,Yeast Glucan,H?O? oxidation,D4,N1,0.7,0.3,Low,0.1,,,,,,,
YG-HO-D4-N1-R70-30-ML-G08,Yeast Glucan,H?O? oxidation,D4,N1,0.7,0.3,Low,0.8,,,,,,,
YG-HO-D4-N1-R70-30-ML-G20,Yeast Glucan,H?O? oxidation,D4,N1,0.7,0.3,Low,2,,,,,,,
YG-HO-D4-N1-R70-30-MU-G01,Yeast Glucan,H?O? oxidation,D4,N1,0.7,0.3,Unspecified,0.1,,,,,,,
YG-HO-D4-N1-R70-30-MU-G08,Yeast Glucan,H?O? oxidation,D4,N1,0.7,0.3,Unspecified,0.8,,,,,,,
YG-HO-D4-N1-R70-30-MU-G20,Yeast Glucan,H?O? oxidation,D4,N1,0.7,0.3,Unspecified,2,,,,,,,
YG-HO-D4-N1-R50-50-MH-G01,Yeast Glucan,H?O? oxidation,D4,N1,0.5,0.5,High,0.1,,,,,,,
YG-HO-D4-N1-R50-50-MH-G08,Yeast Glucan,H?O? oxidation,D4,N1,0.5,0.5,High,0.8,,,,,,,
YG-HO-D4-N1-R50-50-MH-G20,Yeast Glucan,H?O? oxidation,D4,N1,0.5,0.5,High,2,,,,,,,
YG-HO-D4-N1-R50-50-MM-G01,Yeast Glucan,H?O? oxidation,D4,N1,0.5,0.5,Medium,0.1,,,,,,,
YG-HO-D4-N1-R50-50-MM-G08,Yeast Glucan,H?O? oxidation,D4,N1,0.5,0.5,Medium,0.8,,,,,,,
YG-HO-D4-N1-R50-50-MM-G20,Yeast Glucan,H?O? oxidation,D4,N1,0.5,0.5,Medium,2,,,,,,,
YG-HO-D4-N1-R50-50-ML-G01,Yeast Glucan,H?O? oxidation,D4,N1,0.5,0.5,Low,0.1,,,,,,,
YG-HO-D4-N1-R50-50-ML-G08,Yeast Glucan,H?O? oxidation,D4,N1,0.5,0.5,Low,0.8,,,,,,,
YG-HO-D4-N1-R50-50-ML-G20,Yeast Glucan,H?O? oxidation,D4,N1,0.5,0.5,Low,2,,,,,,,
YG-HO-D4-N1-R50-50-MU-G01,Yeast Glucan,H?O? oxidation,D4,N1,0.5,0.5,Unspecified,0.1,,,,,,,
YG-HO-D4-N1-R50-50-MU-G08,Yeast Glucan,H?O? oxidation,D4,N1,0.5,0.5,Unspecified,0.8,,,,,,,
YG-HO-D4-N1-R50-50-MU-G20,Yeast Glucan,H?O? oxidation,D4,N1,0.5,0.5,Unspecified,2,,,,,,,
YG-HO-D4-N2-R90-10-MH-G01,Yeast Glucan,H?O? oxidation,D4,N2,0.9,0.1,High,0.1,,,,,,,
YG-HO-D4-N2-R90-10-MH-G08,Yeast Glucan,H?O? oxidation,D4,N2,0.9,0.1,High,0.8,,,,,,,
YG-HO-D4-N2-R90-10-MH-G20,Yeast Glucan,H?O? oxidation,D4,N2,0.9,0.1,High,2,,,,,,,
YG-HO-D4-N2-R90-10-MM-G01,Yeast Glucan,H?O? oxidation,D4,N2,0.9,0.1,Medium,0.1,,,,,,,
YG-HO-D4-N2-R90-10-MM-G08,Yeast Glucan,H?O? oxidation,D4,N2,0.9,0.1,Medium,0.8,,,,,,,
YG-HO-D4-N2-R90-10-MM-G20,Yeast Glucan,H?O? oxidation,D4,N2,0.9,0.1,Medium,2,,,,,,,
YG-HO-D4-N2-R90-10-ML-G01,Yeast Glucan,H?O? oxidation,D4,N2,0.9,0.1,Low,0.1,,,,,,,
YG-HO-D4-N2-R90-10-ML-G08,Yeast Glucan,H?O? oxidation,D4,N2,0.9,0.1,Low,0.8,,,,,,,
YG-HO-D4-N2-R90-10-ML-G20,Yeast Glucan,H?O? oxidation,D4,N2,0.9,0.1,Low,2,,,,,,,
YG-HO-D4-N2-R90-10-MU-G01,Yeast Glucan,H?O? oxidation,D4,N2,0.9,0.1,Unspecified,0.1,,,,,,,
YG-HO-D4-N2-R90-10-MU-G08,Yeast Glucan,H?O? oxidation,D4,N2,0.9,0.1,Unspecified,0.8,,,,,,,
YG-HO-D4-N2-R90-10-MU-G20,Yeast Glucan,H?O? oxidation,D4,N2,0.9,0.1,Unspecified,2,,,,,,,
YG-HO-D4-N2-R70-30-MH-G01,Yeast Glucan,H?O? oxidation,D4,N2,0.7,0.3,High,0.1,,,,,,,
YG-HO-D4-N2-R70-30-MH-G08,Yeast Glucan,H?O? oxidation,D4,N2,0.7,0.3,High,0.8,,,,,,,
YG-HO-D4-N2-R70-30-MH-G20,Yeast Glucan,H?O? oxidation,D4,N2,0.7,0.3,High,2,,,,,,,
YG-HO-D4-N2-R70-30-MM-G01,Yeast Glucan,H?O? oxidation,D4,N2,0.7,0.3,Medium,0.1,,,,,,,
YG-HO-D4-N2-R70-30-MM-G08,Yeast Glucan,H?O? oxidation,D4,N2,0.7,0.3,Medium,0.8,,,,,,,
YG-HO-D4-N2-R70-30-MM-G20,Yeast Glucan,H?O? oxidation,D4,N2,0.7,0.3,Medium,2,,,,,,,
YG-HO-D4-N2-R70-30-ML-G01,Yeast Glucan,H?O? oxidation,D4,N2,0.7,0.3,Low,0.1,,,,,,,
YG-HO-D4-N2-R70-30-ML-G08,Yeast Glucan,H?O? oxidation,D4,N2,0.7,0.3,Low,0.8,,,,,,,
YG-HO-D4-N2-R70-30-ML-G20,Yeast Glucan,H?O? oxidation,D4,N2,0.7,0.3,Low,2,,,,,,,
YG-HO-D4-N2-R70-30-MU-G01,Yeast Glucan,H?O? oxidation,D4,N2,0.7,0.3,Unspecified,0.1,,,,,,,
YG-HO-D4-N2-R70-30-MU-G08,Yeast Glucan,H?O? oxidation,D4,N2,0.7,0.3,Unspecified,0.8,,,,,,,
YG-HO-D4-N2-R70-30-MU-G20,Yeast Glucan,H?O? oxidation,D4,N2,0.7,0.3,Unspecified,2,,,,,,,
YG-HO-D4-N2-R50-50-MH-G01,Yeast Glucan,H?O? oxidation,D4,N2,0.5,0.5,High,0.1,,,,,,,
YG-HO-D4-N2-R50-50-MH-G08,Yeast Glucan,H?O? oxidation,D4,N2,0.5,0.5,High,0.8,,,,,,,
YG-HO-D4-N2-R50-50-MH-G20,Yeast Glucan,H?O? oxidation,D4,N2,0.5,0.5,High,2,,,,,,,
YG-HO-D4-N2-R50-50-MM-G01,Yeast Glucan,H?O? oxidation,D4,N2,0.5,0.5,Medium,0.1,,,,,,,
YG-HO-D4-N2-R50-50-MM-G08,Yeast Glucan,H?O? oxidation,D4,N2,0.5,0.5,Medium,0.8,,,,,,,
YG-HO-D4-N2-R50-50-MM-G20,Yeast Glucan,H?O? oxidation,D4,N2,0.5,0.5,Medium,2,,,,,,,
YG-HO-D4-N2-R50-50-ML-G01,Yeast Glucan,H?O? oxidation,D4,N2,0.5,0.5,Low,0.1,,,,,,,
YG-HO-D4-N2-R50-50-ML-G08,Yeast Glucan,H?O? oxidation,D4,N2,0.5,0.5,Low,0.8,,,,,,,
YG-HO-D4-N2-R50-50-ML-G20,Yeast Glucan,H?O? oxidation,D4,N2,0.5,0.5,Low,2,,,,,,,
YG-HO-D4-N2-R50-50-MU-G01,Yeast Glucan,H?O? oxidation,D4,N2,0.5,0.5,Unspecified,0.1,,,,,,,
YG-HO-D4-N2-R50-50-MU-G08,Yeast Glucan,H?O? oxidation,D4,N2,0.5,0.5,Unspecified,0.8,,,,,,,
YG-HO-D4-N2-R50-50-MU-G20,Yeast Glucan,H?O? oxidation,D4,N2,0.5,0.5,Unspecified,2,,,,,,,
YG-HO-D4-N3-R90-10-MH-G01,Yeast Glucan,H?O? oxidation,D4,N3,0.9,0.1,High,0.1,,,,,,,
YG-HO-D4-N3-R90-10-MH-G08,Yeast Glucan,H?O? oxidation,D4,N3,0.9,0.1,High,0.8,,,,,,,
YG-HO-D4-N3-R90-10-MH-G20,Yeast Glucan,H?O? oxidation,D4,N3,0.9,0.1,High,2,,,,,,,
YG-HO-D4-N3-R90-10-MM-G01,Yeast Glucan,H?O? oxidation,D4,N3,0.9,0.1,Medium,0.1,,,,,,,
YG-HO-D4-N3-R90-10-MM-G08,Yeast Glucan,H?O? oxidation,D4,N3,0.9,0.1,Medium,0.8,,,,,,,
YG-HO-D4-N3-R90-10-MM-G20,Yeast Glucan,H?O? oxidation,D4,N3,0.9,0.1,Medium,2,,,,,,,
YG-HO-D4-N3-R90-10-ML-G01,Yeast Glucan,H?O? oxidation,D4,N3,0.9,0.1,Low,0.1,,,,,,,
YG-HO-D4-N3-R90-10-ML-G08,Yeast Glucan,H?O? oxidation,D4,N3,0.9,0.1,Low,0.8,,,,,,,
YG-HO-D4-N3-R90-10-ML-G20,Yeast Glucan,H?O? oxidation,D4,N3,0.9,0.1,Low,2,,,,,,,
YG-HO-D4-N3-R90-10-MU-G01,Yeast Glucan,H?O? oxidation,D4,N3,0.9,0.1,Unspecified,0.1,,,,,,,
YG-HO-D4-N3-R90-10-MU-G08,Yeast Glucan,H?O? oxidation,D4,N3,0.9,0.1,Unspecified,0.8,,,,,,,
YG-HO-D4-N3-R90-10-MU-G20,Yeast Glucan,H?O? oxidation,D4,N3,0.9,0.1,Unspecified,2,,,,,,,
YG-HO-D4-N3-R70-30-MH-G01,Yeast Glucan,H?O? oxidation,D4,N3,0.7,0.3,High,0.1,,,,,,,
YG-HO-D4-N3-R70-30-MH-G08,Yeast Glucan,H?O? oxidation,D4,N3,0.7,0.3,High,0.8,,,,,,,
YG-HO-D4-N3-R70-30-MH-G20,Yeast Glucan,H?O? oxidation,D4,N3,0.7,0.3,High,2,,,,,,,
YG-HO-D4-N3-R70-30-MM-G01,Yeast Glucan,H?O? oxidation,D4,N3,0.7,0.3,Medium,0.1,,,,,,,
YG-HO-D4-N3-R70-30-MM-G08,Yeast Glucan,H?O? oxidation,D4,N3,0.7,0.3,Medium,0.8,,,,,,,
YG-HO-D4-N3-R70-30-MM-G20,Yeast Glucan,H?O? oxidation,D4,N3,0.7,0.3,Medium,2,,,,,,,
YG-HO-D4-N3-R70-30-ML-G01,Yeast Glucan,H?O? oxidation,D4,N3,0.7,0.3,Low,0.1,,,,,,,
YG-HO-D4-N3-R70-30-ML-G08,Yeast Glucan,H?O? oxidation,D4,N3,0.7,0.3,Low,0.8,,,,,,,
YG-HO-D4-N3-R70-30-ML-G20,Yeast Glucan,H?O? oxidation,D4,N3,0.7,0.3,Low,2,,,,,,,
YG-HO-D4-N3-R70-30-MU-G01,Yeast Glucan,H?O? oxidation,D4,N3,0.7,0.3,Unspecified,0.1,,,,,,,
YG-HO-D4-N3-R70-30-MU-G08,Yeast Glucan,H?O? oxidation,D4,N3,0.7,0.3,Unspecified,0.8,,,,,,,
YG-HO-D4-N3-R70-30-MU-G20,Yeast Glucan,H?O? oxidation,D4,N3,0.7,0.3,Unspecified,2,,,,,,,
YG-HO-D4-N3-R50-50-MH-G01,Yeast Glucan,H?O? oxidation,D4,N3,0.5,0.5,High,0.1,,,,,,,
YG-HO-D4-N3-R50-50-MH-G08,Yeast Glucan,H?O? oxidation,D4,N3,0.5,0.5,High,0.8,,,,,,,
YG-HO-D4-N3-R50-50-MH-G20,Yeast Glucan,H?O? oxidation,D4,N3,0.5,0.5,High,2,,,,,,,
YG-HO-D4-N3-R50-50-MM-G01,Yeast Glucan,H?O? oxidation,D4,N3,0.5,0.5,Medium,0.1,,,,,,,
YG-HO-D4-N3-R50-50-MM-G08,Yeast Glucan,H?O? oxidation,D4,N3,0.5,0.5,Medium,0.8,,,,,,,
YG-HO-D4-N3-R50-50-MM-G20,Yeast Glucan,H?O? oxidation,D4,N3,0.5,0.5,Medium,2,,,,,,,
YG-HO-D4-N3-R50-50-ML-G01,Yeast Glucan,H?O? oxidation,D4,N3,0.5,0.5,Low,0.1,,,,,,,
YG-HO-D4-N3-R50-50-ML-G08,Yeast Glucan,H?O? oxidation,D4,N3,0.5,0.5,Low,0.8,,,,,,,
YG-HO-D4-N3-R50-50-ML-G20,Yeast Glucan,H?O? oxidation,D4,N3,0.5,0.5,Low,2,,,,,,,
YG-HO-D4-N3-R50-50-MU-G01,Yeast Glucan,H?O? oxidation,D4,N3,0.5,0.5,Unspecified,0.1,,,,,,,
YG-HO-D4-N3-R50-50-MU-G08,Yeast Glucan,H?O? oxidation,D4,N3,0.5,0.5,Unspecified,0.8,,,,,,,
YG-HO-D4-N3-R50-50-MU-G20,Yeast Glucan,H?O? oxidation,D4,N3,0.5,0.5,Unspecified,2,,,,,,,
YG-HO-D4-N4-R90-10-MH-G01,Yeast Glucan,H?O? oxidation,D4,N4,0.9,0.1,High,0.1,,,,,,,
YG-HO-D4-N4-R90-10-MH-G08,Yeast Glucan,H?O? oxidation,D4,N4,0.9,0.1,High,0.8,,,,,,,
YG-HO-D4-N4-R90-10-MH-G20,Yeast Glucan,H?O? oxidation,D4,N4,0.9,0.1,High,2,,,,,,,
YG-HO-D4-N4-R90-10-MM-G01,Yeast Glucan,H?O? oxidation,D4,N4,0.9,0.1,Medium,0.1,,,,,,,
YG-HO-D4-N4-R90-10-MM-G08,Yeast Glucan,H?O? oxidation,D4,N4,0.9,0.1,Medium,0.8,,,,,,,
YG-HO-D4-N4-R90-10-MM-G20,Yeast Glucan,H?O? oxidation,D4,N4,0.9,0.1,Medium,2,,,,,,,
YG-HO-D4-N4-R90-10-ML-G01,Yeast Glucan,H?O? oxidation,D4,N4,0.9,0.1,Low,0.1,,,,,,,
YG-HO-D4-N4-R90-10-ML-G08,Yeast Glucan,H?O? oxidation,D4,N4,0.9,0.1,Low,0.8,,,,,,,
YG-HO-D4-N4-R90-10-ML-G20,Yeast Glucan,H?O? oxidation,D4,N4,0.9,0.1,Low,2,,,,,,,
YG-HO-D4-N4-R90-10-MU-G01,Yeast Glucan,H?O? oxidation,D4,N4,0.9,0.1,Unspecified,0.1,,,,,,,
YG-HO-D4-N4-R90-10-MU-G08,Yeast Glucan,H?O? oxidation,D4,N4,0.9,0.1,Unspecified,0.8,,,,,,,
YG-HO-D4-N4-R90-10-MU-G20,Yeast Glucan,H?O? oxidation,D4,N4,0.9,0.1,Unspecified,2,,,,,,,
YG-HO-D4-N4-R70-30-MH-G01,Yeast Glucan,H?O? oxidation,D4,N4,0.7,0.3,High,0.1,,,,,,,
YG-HO-D4-N4-R70-30-MH-G08,Yeast Glucan,H?O? oxidation,D4,N4,0.7,0.3,High,0.8,,,,,,,
YG-HO-D4-N4-R70-30-MH-G20,Yeast Glucan,H?O? oxidation,D4,N4,0.7,0.3,High,2,,,,,,,
YG-HO-D4-N4-R70-30-MM-G01,Yeast Glucan,H?O? oxidation,D4,N4,0.7,0.3,Medium,0.1,,,,,,,
YG-HO-D4-N4-R70-30-MM-G08,Yeast Glucan,H?O? oxidation,D4,N4,0.7,0.3,Medium,0.8,,,,,,,
YG-HO-D4-N4-R70-30-MM-G20,Yeast Glucan,H?O? oxidation,D4,N4,0.7,0.3,Medium,2,,,,,,,
YG-HO-D4-N4-R70-30-ML-G01,Yeast Glucan,H?O? oxidation,D4,N4,0.7,0.3,Low,0.1,,,,,,,
YG-HO-D4-N4-R70-30-ML-G08,Yeast Glucan,H?O? oxidation,D4,N4,0.7,0.3,Low,0.8,,,,,,,
YG-HO-D4-N4-R70-30-ML-G20,Yeast Glucan,H?O? oxidation,D4,N4,0.7,0.3,Low,2,,,,,,,
YG-HO-D4-N4-R70-30-MU-G01,Yeast Glucan,H?O? oxidation,D4,N4,0.7,0.3,Unspecified,0.1,,,,,,,
YG-HO-D4-N4-R70-30-MU-G08,Yeast Glucan,H?O? oxidation,D4,N4,0.7,0.3,Unspecified,0.8,,,,,,,
YG-HO-D4-N4-R70-30-MU-G20,Yeast Glucan,H?O? oxidation,D4,N4,0.7,0.3,Unspecified,2,,,,,,,
YG-HO-D4-N4-R50-50-MH-G01,Yeast Glucan,H?O? oxidation,D4,N4,0.5,0.5,High,0.1,,,,,,,
YG-HO-D4-N4-R50-50-MH-G08,Yeast Glucan,H?O? oxidation,D4,N4,0.5,0.5,High,0.8,,,,,,,
YG-HO-D4-N4-R50-50-MH-G20,Yeast Glucan,H?O? oxidation,D4,N4,0.5,0.5,High,2,,,,,,,
YG-HO-D4-N4-R50-50-MM-G01,Yeast Glucan,H?O? oxidation,D4,N4,0.5,0.5,Medium,0.1,,,,,,,
YG-HO-D4-N4-R50-50-MM-G08,Yeast Glucan,H?O? oxidation,D4,N4,0.5,0.5,Medium,0.8,,,,,,,
YG-HO-D4-N4-R50-50-MM-G20,Yeast Glucan,H?O? oxidation,D4,N4,0.5,0.5,Medium,2,,,,,,,
YG-HO-D4-N4-R50-50-ML-G01,Yeast Glucan,H?O? oxidation,D4,N4,0.5,0.5,Low,0.1,,,,,,,
YG-HO-D4-N4-R50-50-ML-G08,Yeast Glucan,H?O? oxidation,D4,N4,0.5,0.5,Low,0.8,,,,,,,
YG-HO-D4-N4-R50-50-ML-G20,Yeast Glucan,H?O? oxidation,D4,N4,0.5,0.5,Low,2,,,,,,,
YG-HO-D4-N4-R50-50-MU-G01,Yeast Glucan,H?O? oxidation,D4,N4,0.5,0.5,Unspecified,0.1,,,,,,,
YG-HO-D4-N4-R50-50-MU-G08,Yeast Glucan,H?O? oxidation,D4,N4,0.5,0.5,Unspecified,0.8,,,,,,,
YG-HO-D4-N4-R50-50-MU-G20,Yeast Glucan,H?O? oxidation,D4,N4,0.5,0.5,Unspecified,2,,,,,,,
YG-HO-D4-N5-R90-10-MH-G01,Yeast Glucan,H?O? oxidation,D4,N5,0.9,0.1,High,0.1,,,,,,,
YG-HO-D4-N5-R90-10-MH-G08,Yeast Glucan,H?O? oxidation,D4,N5,0.9,0.1,High,0.8,,,,,,,
YG-HO-D4-N5-R90-10-MH-G20,Yeast Glucan,H?O? oxidation,D4,N5,0.9,0.1,High,2,,,,,,,
YG-HO-D4-N5-R90-10-MM-G01,Yeast Glucan,H?O? oxidation,D4,N5,0.9,0.1,Medium,0.1,,,,,,,
YG-HO-D4-N5-R90-10-MM-G08,Yeast Glucan,H?O? oxidation,D4,N5,0.9,0.1,Medium,0.8,,,,,,,
YG-HO-D4-N5-R90-10-MM-G20,Yeast Glucan,H?O? oxidation,D4,N5,0.9,0.1,Medium,2,,,,,,,
YG-HO-D4-N5-R90-10-ML-G01,Yeast Glucan,H?O? oxidation,D4,N5,0.9,0.1,Low,0.1,,,,,,,
YG-HO-D4-N5-R90-10-ML-G08,Yeast Glucan,H?O? oxidation,D4,N5,0.9,0.1,Low,0.8,,,,,,,
YG-HO-D4-N5-R90-10-ML-G20,Yeast Glucan,H?O? oxidation,D4,N5,0.9,0.1,Low,2,,,,,,,
YG-HO-D4-N5-R90-10-MU-G01,Yeast Glucan,H?O? oxidation,D4,N5,0.9,0.1,Unspecified,0.1,,,,,,,
YG-HO-D4-N5-R90-10-MU-G08,Yeast Glucan,H?O? oxidation,D4,N5,0.9,0.1,Unspecified,0.8,,,,,,,
YG-HO-D4-N5-R90-10-MU-G20,Yeast Glucan,H?O? oxidation,D4,N5,0.9,0.1,Unspecified,2,,,,,,,
YG-HO-D4-N5-R70-30-MH-G01,Yeast Glucan,H?O? oxidation,D4,N5,0.7,0.3,High,0.1,,,,,,,
YG-HO-D4-N5-R70-30-MH-G08,Yeast Glucan,H?O? oxidation,D4,N5,0.7,0.3,High,0.8,,,,,,,
YG-HO-D4-N5-R70-30-MH-G20,Yeast Glucan,H?O? oxidation,D4,N5,0.7,0.3,High,2,,,,,,,
YG-HO-D4-N5-R70-30-MM-G01,Yeast Glucan,H?O? oxidation,D4,N5,0.7,0.3,Medium,0.1,,,,,,,
YG-HO-D4-N5-R70-30-MM-G08,Yeast Glucan,H?O? oxidation,D4,N5,0.7,0.3,Medium,0.8,,,,,,,
YG-HO-D4-N5-R70-30-MM-G20,Yeast Glucan,H?O? oxidation,D4,N5,0.7,0.3,Medium,2,,,,,,,
YG-HO-D4-N5-R70-30-ML-G01,Yeast Glucan,H?O? oxidation,D4,N5,0.7,0.3,Low,0.1,,,,,,,
YG-HO-D4-N5-R70-30-ML-G08,Yeast Glucan,H?O? oxidation,D4,N5,0.7,0.3,Low,0.8,,,,,,,
YG-HO-D4-N5-R70-30-ML-G20,Yeast Glucan,H?O? oxidation,D4,N5,0.7,0.3,Low,2,,,,,,,
YG-HO-D4-N5-R70-30-MU-G01,Yeast Glucan,H?O? oxidation,D4,N5,0.7,0.3,Unspecified,0.1,,,,,,,
YG-HO-D4-N5-R70-30-MU-G08,Yeast Glucan,H?O? oxidation,D4,N5,0.7,0.3,Unspecified,0.8,,,,,,,
YG-HO-D4-N5-R70-30-MU-G20,Yeast Glucan,H?O? oxidation,D4,N5,0.7,0.3,Unspecified,2,,,,,,,
YG-HO-D4-N5-R50-50-MH-G01,Yeast Glucan,H?O? oxidation,D4,N5,0.5,0.5,High,0.1,,,,,,,
YG-HO-D4-N5-R50-50-MH-G08,Yeast Glucan,H?O? oxidation,D4,N5,0.5,0.5,High,0.8,,,,,,,
YG-HO-D4-N5-R50-50-MH-G20,Yeast Glucan,H?O? oxidation,D4,N5,0.5,0.5,High,2,,,,,,,
YG-HO-D4-N5-R50-50-MM-G01,Yeast Glucan,H?O? oxidation,D4,N5,0.5,0.5,Medium,0.1,,,,,,,
YG-HO-D4-N5-R50-50-MM-G08,Yeast Glucan,H?O? oxidation,D4,N5,0.5,0.5,Medium,0.8,,,,,,,
YG-HO-D4-N5-R50-50-MM-G20,Yeast Glucan,H?O? oxidation,D4,N5,0.5,0.5,Medium,2,,,,,,,
YG-HO-D4-N5-R50-50-ML-G01,Yeast Glucan,H?O? oxidation,D4,N5,0.5,0.5,Low,0.1,,,,,,,
YG-HO-D4-N5-R50-50-ML-G08,Yeast Glucan,H?O? oxidation,D4,N5,0.5,0.5,Low,0.8,,,,,,,
YG-HO-D4-N5-R50-50-ML-G20,Yeast Glucan,H?O? oxidation,D4,N5,0.5,0.5,Low,2,,,,,,,
YG-HO-D4-N5-R50-50-MU-G01,Yeast Glucan,H?O? oxidation,D4,N5,0.5,0.5,Unspecified,0.1,,,,,,,
YG-HO-D4-N5-R50-50-MU-G08,Yeast Glucan,H?O? oxidation,D4,N5,0.5,0.5,Unspecified,0.8,,,,,,,
YG-HO-D4-N5-R50-50-MU-G20,Yeast Glucan,H?O? oxidation,D4,N5,0.5,0.5,Unspecified,2,,,,,,,
YG-HO-D4-N6-R90-10-MH-G01,Yeast Glucan,H?O? oxidation,D4,N6,0.9,0.1,High,0.1,,,,,,,
YG-HO-D4-N6-R90-10-MH-G08,Yeast Glucan,H?O? oxidation,D4,N6,0.9,0.1,High,0.8,,,,,,,
YG-HO-D4-N6-R90-10-MH-G20,Yeast Glucan,H?O? oxidation,D4,N6,0.9,0.1,High,2,,,,,,,
YG-HO-D4-N6-R90-10-MM-G01,Yeast Glucan,H?O? oxidation,D4,N6,0.9,0.1,Medium,0.1,,,,,,,
YG-HO-D4-N6-R90-10-MM-G08,Yeast Glucan,H?O? oxidation,D4,N6,0.9,0.1,Medium,0.8,,,,,,,
YG-HO-D4-N6-R90-10-MM-G20,Yeast Glucan,H?O? oxidation,D4,N6,0.9,0.1,Medium,2,,,,,,,
YG-HO-D4-N6-R90-10-ML-G01,Yeast Glucan,H?O? oxidation,D4,N6,0.9,0.1,Low,0.1,,,,,,,
YG-HO-D4-N6-R90-10-ML-G08,Yeast Glucan,H?O? oxidation,D4,N6,0.9,0.1,Low,0.8,,,,,,,
YG-HO-D4-N6-R90-10-ML-G20,Yeast Glucan,H?O? oxidation,D4,N6,0.9,0.1,Low,2,,,,,,,
YG-HO-D4-N6-R90-10-MU-G01,Yeast Glucan,H?O? oxidation,D4,N6,0.9,0.1,Unspecified,0.1,,,,,,,
YG-HO-D4-N6-R90-10-MU-G08,Yeast Glucan,H?O? oxidation,D4,N6,0.9,0.1,Unspecified,0.8,,,,,,,
YG-HO-D4-N6-R90-10-MU-G20,Yeast Glucan,H?O? oxidation,D4,N6,0.9,0.1,Unspecified,2,,,,,,,
YG-HO-D4-N6-R70-30-MH-G01,Yeast Glucan,H?O? oxidation,D4,N6,0.7,0.3,High,0.1,,,,,,,
YG-HO-D4-N6-R70-30-MH-G08,Yeast Glucan,H?O? oxidation,D4,N6,0.7,0.3,High,0.8,,,,,,,
YG-HO-D4-N6-R70-30-MH-G20,Yeast Glucan,H?O? oxidation,D4,N6,0.7,0.3,High,2,,,,,,,
YG-HO-D4-N6-R70-30-MM-G01,Yeast Glucan,H?O? oxidation,D4,N6,0.7,0.3,Medium,0.1,,,,,,,
YG-HO-D4-N6-R70-30-MM-G08,Yeast Glucan,H?O? oxidation,D4,N6,0.7,0.3,Medium,0.8,,,,,,,
YG-HO-D4-N6-R70-30-MM-G20,Yeast Glucan,H?O? oxidation,D4,N6,0.7,0.3,Medium,2,,,,,,,
YG-HO-D4-N6-R70-30-ML-G01,Yeast Glucan,H?O? oxidation,D4,N6,0.7,0.3,Low,0.1,,,,,,,
YG-HO-D4-N6-R70-30-ML-G08,Yeast Glucan,H?O? oxidation,D4,N6,0.7,0.3,Low,0.8,,,,,,,
YG-HO-D4-N6-R70-30-ML-G20,Yeast Glucan,H?O? oxidation,D4,N6,0.7,0.3,Low,2,,,,,,,
YG-HO-D4-N6-R70-30-MU-G01,Yeast Glucan,H?O? oxidation,D4,N6,0.7,0.3,Unspecified,0.1,,,,,,,
YG-HO-D4-N6-R70-30-MU-G08,Yeast Glucan,H?O? oxidation,D4,N6,0.7,0.3,Unspecified,0.8,,,,,,,
YG-HO-D4-N6-R70-30-MU-G20,Yeast Glucan,H?O? oxidation,D4,N6,0.7,0.3,Unspecified,2,,,,,,,
YG-HO-D4-N6-R50-50-MH-G01,Yeast Glucan,H?O? oxidation,D4,N6,0.5,0.5,High,0.1,,,,,,,
YG-HO-D4-N6-R50-50-MH-G08,Yeast Glucan,H?O? oxidation,D4,N6,0.5,0.5,High,0.8,,,,,,,
YG-HO-D4-N6-R50-50-MH-G20,Yeast Glucan,H?O? oxidation,D4,N6,0.5,0.5,High,2,,,,,,,
YG-HO-D4-N6-R50-50-MM-G01,Yeast Glucan,H?O? oxidation,D4,N6,0.5,0.5,Medium,0.1,,,,,,,
YG-HO-D4-N6-R50-50-MM-G08,Yeast Glucan,H?O? oxidation,D4,N6,0.5,0.5,Medium,0.8,,,,,,,
YG-HO-D4-N6-R50-50-MM-G20,Yeast Glucan,H?O? oxidation,D4,N6,0.5,0.5,Medium,2,,,,,,,
YG-HO-D4-N6-R50-50-ML-G01,Yeast Glucan,H?O? oxidation,D4,N6,0.5,0.5,Low,0.1,,,,,,,
YG-HO-D4-N6-R50-50-ML-G08,Yeast Glucan,H?O? oxidation,D4,N6,0.5,0.5,Low,0.8,,,,,,,
YG-HO-D4-N6-R50-50-ML-G20,Yeast Glucan,H?O? oxidation,D4,N6,0.5,0.5,Low,2,,,,,,,
YG-HO-D4-N6-R50-50-MU-G01,Yeast Glucan,H?O? oxidation,D4,N6,0.5,0.5,Unspecified,0.1,,,,,,,
YG-HO-D4-N6-R50-50-MU-G08,Yeast Glucan,H?O? oxidation,D4,N6,0.5,0.5,Unspecified,0.8,,,,,,,
YG-HO-D4-N6-R50-50-MU-G20,Yeast Glucan,H?O? oxidation,D4,N6,0.5,0.5,Unspecified,2,,,,,,,
YG-HO-D5-N1-R90-10-MH-G01,Yeast Glucan,H?O? oxidation,D5,N1,0.9,0.1,High,0.1,,,,,,,
YG-HO-D5-N1-R90-10-MH-G08,Yeast Glucan,H?O? oxidation,D5,N1,0.9,0.1,High,0.8,,,,,,,
YG-HO-D5-N1-R90-10-MH-G20,Yeast Glucan,H?O? oxidation,D5,N1,0.9,0.1,High,2,,,,,,,
YG-HO-D5-N1-R90-10-MM-G01,Yeast Glucan,H?O? oxidation,D5,N1,0.9,0.1,Medium,0.1,,,,,,,
YG-HO-D5-N1-R90-10-MM-G08,Yeast Glucan,H?O? oxidation,D5,N1,0.9,0.1,Medium,0.8,,,,,,,
YG-HO-D5-N1-R90-10-MM-G20,Yeast Glucan,H?O? oxidation,D5,N1,0.9,0.1,Medium,2,,,,,,,
YG-HO-D5-N1-R90-10-ML-G01,Yeast Glucan,H?O? oxidation,D5,N1,0.9,0.1,Low,0.1,,,,,,,
YG-HO-D5-N1-R90-10-ML-G08,Yeast Glucan,H?O? oxidation,D5,N1,0.9,0.1,Low,0.8,,,,,,,
YG-HO-D5-N1-R90-10-ML-G20,Yeast Glucan,H?O? oxidation,D5,N1,0.9,0.1,Low,2,,,,,,,
YG-HO-D5-N1-R90-10-MU-G01,Yeast Glucan,H?O? oxidation,D5,N1,0.9,0.1,Unspecified,0.1,,,,,,,
YG-HO-D5-N1-R90-10-MU-G08,Yeast Glucan,H?O? oxidation,D5,N1,0.9,0.1,Unspecified,0.8,,,,,,,
YG-HO-D5-N1-R90-10-MU-G20,Yeast Glucan,H?O? oxidation,D5,N1,0.9,0.1,Unspecified,2,,,,,,,
YG-HO-D5-N1-R70-30-MH-G01,Yeast Glucan,H?O? oxidation,D5,N1,0.7,0.3,High,0.1,,,,,,,
YG-HO-D5-N1-R70-30-MH-G08,Yeast Glucan,H?O? oxidation,D5,N1,0.7,0.3,High,0.8,,,,,,,
YG-HO-D5-N1-R70-30-MH-G20,Yeast Glucan,H?O? oxidation,D5,N1,0.7,0.3,High,2,,,,,,,
YG-HO-D5-N1-R70-30-MM-G01,Yeast Glucan,H?O? oxidation,D5,N1,0.7,0.3,Medium,0.1,,,,,,,
YG-HO-D5-N1-R70-30-MM-G08,Yeast Glucan,H?O? oxidation,D5,N1,0.7,0.3,Medium,0.8,,,,,,,
YG-HO-D5-N1-R70-30-MM-G20,Yeast Glucan,H?O? oxidation,D5,N1,0.7,0.3,Medium,2,,,,,,,
YG-HO-D5-N1-R70-30-ML-G01,Yeast Glucan,H?O? oxidation,D5,N1,0.7,0.3,Low,0.1,,,,,,,
YG-HO-D5-N1-R70-30-ML-G08,Yeast Glucan,H?O? oxidation,D5,N1,0.7,0.3,Low,0.8,,,,,,,
YG-HO-D5-N1-R70-30-ML-G20,Yeast Glucan,H?O? oxidation,D5,N1,0.7,0.3,Low,2,,,,,,,
YG-HO-D5-N1-R70-30-MU-G01,Yeast Glucan,H?O? oxidation,D5,N1,0.7,0.3,Unspecified,0.1,,,,,,,
YG-HO-D5-N1-R70-30-MU-G08,Yeast Glucan,H?O? oxidation,D5,N1,0.7,0.3,Unspecified,0.8,,,,,,,
YG-HO-D5-N1-R70-30-MU-G20,Yeast Glucan,H?O? oxidation,D5,N1,0.7,0.3,Unspecified,2,,,,,,,
YG-HO-D5-N1-R50-50-MH-G01,Yeast Glucan,H?O? oxidation,D5,N1,0.5,0.5,High,0.1,,,,,,,
YG-HO-D5-N1-R50-50-MH-G08,Yeast Glucan,H?O? oxidation,D5,N1,0.5,0.5,High,0.8,,,,,,,
YG-HO-D5-N1-R50-50-MH-G20,Yeast Glucan,H?O? oxidation,D5,N1,0.5,0.5,High,2,,,,,,,
YG-HO-D5-N1-R50-50-MM-G01,Yeast Glucan,H?O? oxidation,D5,N1,0.5,0.5,Medium,0.1,,,,,,,
YG-HO-D5-N1-R50-50-MM-G08,Yeast Glucan,H?O? oxidation,D5,N1,0.5,0.5,Medium,0.8,,,,,,,
YG-HO-D5-N1-R50-50-MM-G20,Yeast Glucan,H?O? oxidation,D5,N1,0.5,0.5,Medium,2,,,,,,,
YG-HO-D5-N1-R50-50-ML-G01,Yeast Glucan,H?O? oxidation,D5,N1,0.5,0.5,Low,0.1,,,,,,,
YG-HO-D5-N1-R50-50-ML-G08,Yeast Glucan,H?O? oxidation,D5,N1,0.5,0.5,Low,0.8,,,,,,,
YG-HO-D5-N1-R50-50-ML-G20,Yeast Glucan,H?O? oxidation,D5,N1,0.5,0.5,Low,2,,,,,,,
YG-HO-D5-N1-R50-50-MU-G01,Yeast Glucan,H?O? oxidation,D5,N1,0.5,0.5,Unspecified,0.1,,,,,,,
YG-HO-D5-N1-R50-50-MU-G08,Yeast Glucan,H?O? oxidation,D5,N1,0.5,0.5,Unspecified,0.8,,,,,,,
YG-HO-D5-N1-R50-50-MU-G20,Yeast Glucan,H?O? oxidation,D5,N1,0.5,0.5,Unspecified,2,,,,,,,
YG-HO-D5-N2-R90-10-MH-G01,Yeast Glucan,H?O? oxidation,D5,N2,0.9,0.1,High,0.1,,,,,,,
YG-HO-D5-N2-R90-10-MH-G08,Yeast Glucan,H?O? oxidation,D5,N2,0.9,0.1,High,0.8,,,,,,,
YG-HO-D5-N2-R90-10-MH-G20,Yeast Glucan,H?O? oxidation,D5,N2,0.9,0.1,High,2,,,,,,,
YG-HO-D5-N2-R90-10-MM-G01,Yeast Glucan,H?O? oxidation,D5,N2,0.9,0.1,Medium,0.1,,,,,,,
YG-HO-D5-N2-R90-10-MM-G08,Yeast Glucan,H?O? oxidation,D5,N2,0.9,0.1,Medium,0.8,,,,,,,
YG-HO-D5-N2-R90-10-MM-G20,Yeast Glucan,H?O? oxidation,D5,N2,0.9,0.1,Medium,2,,,,,,,
YG-HO-D5-N2-R90-10-ML-G01,Yeast Glucan,H?O? oxidation,D5,N2,0.9,0.1,Low,0.1,,,,,,,
YG-HO-D5-N2-R90-10-ML-G08,Yeast Glucan,H?O? oxidation,D5,N2,0.9,0.1,Low,0.8,,,,,,,
YG-HO-D5-N2-R90-10-ML-G20,Yeast Glucan,H?O? oxidation,D5,N2,0.9,0.1,Low,2,,,,,,,
YG-HO-D5-N2-R90-10-MU-G01,Yeast Glucan,H?O? oxidation,D5,N2,0.9,0.1,Unspecified,0.1,,,,,,,
YG-HO-D5-N2-R90-10-MU-G08,Yeast Glucan,H?O? oxidation,D5,N2,0.9,0.1,Unspecified,0.8,,,,,,,
YG-HO-D5-N2-R90-10-MU-G20,Yeast Glucan,H?O? oxidation,D5,N2,0.9,0.1,Unspecified,2,,,,,,,
YG-HO-D5-N2-R70-30-MH-G01,Yeast Glucan,H?O? oxidation,D5,N2,0.7,0.3,High,0.1,,,,,,,
YG-HO-D5-N2-R70-30-MH-G08,Yeast Glucan,H?O? oxidation,D5,N2,0.7,0.3,High,0.8,,,,,,,
YG-HO-D5-N2-R70-30-MH-G20,Yeast Glucan,H?O? oxidation,D5,N2,0.7,0.3,High,2,,,,,,,
YG-HO-D5-N2-R70-30-MM-G01,Yeast Glucan,H?O? oxidation,D5,N2,0.7,0.3,Medium,0.1,,,,,,,
YG-HO-D5-N2-R70-30-MM-G08,Yeast Glucan,H?O? oxidation,D5,N2,0.7,0.3,Medium,0.8,,,,,,,
YG-HO-D5-N2-R70-30-MM-G20,Yeast Glucan,H?O? oxidation,D5,N2,0.7,0.3,Medium,2,,,,,,,
YG-HO-D5-N2-R70-30-ML-G01,Yeast Glucan,H?O? oxidation,D5,N2,0.7,0.3,Low,0.1,,,,,,,
YG-HO-D5-N2-R70-30-ML-G08,Yeast Glucan,H?O? oxidation,D5,N2,0.7,0.3,Low,0.8,,,,,,,
YG-HO-D5-N2-R70-30-ML-G20,Yeast Glucan,H?O? oxidation,D5,N2,0.7,0.3,Low,2,,,,,,,
YG-HO-D5-N2-R70-30-MU-G01,Yeast Glucan,H?O? oxidation,D5,N2,0.7,0.3,Unspecified,0.1,,,,,,,
YG-HO-D5-N2-R70-30-MU-G08,Yeast Glucan,H?O? oxidation,D5,N2,0.7,0.3,Unspecified,0.8,,,,,,,
YG-HO-D5-N2-R70-30-MU-G20,Yeast Glucan,H?O? oxidation,D5,N2,0.7,0.3,Unspecified,2,,,,,,,
YG-HO-D5-N2-R50-50-MH-G01,Yeast Glucan,H?O? oxidation,D5,N2,0.5,0.5,High,0.1,,,,,,,
YG-HO-D5-N2-R50-50-MH-G08,Yeast Glucan,H?O? oxidation,D5,N2,0.5,0.5,High,0.8,,,,,,,
YG-HO-D5-N2-R50-50-MH-G20,Yeast Glucan,H?O? oxidation,D5,N2,0.5,0.5,High,2,,,,,,,
YG-HO-D5-N2-R50-50-MM-G01,Yeast Glucan,H?O? oxidation,D5,N2,0.5,0.5,Medium,0.1,,,,,,,
YG-HO-D5-N2-R50-50-MM-G08,Yeast Glucan,H?O? oxidation,D5,N2,0.5,0.5,Medium,0.8,,,,,,,
YG-HO-D5-N2-R50-50-MM-G20,Yeast Glucan,H?O? oxidation,D5,N2,0.5,0.5,Medium,2,,,,,,,
YG-HO-D5-N2-R50-50-ML-G01,Yeast Glucan,H?O? oxidation,D5,N2,0.5,0.5,Low,0.1,,,,,,,
YG-HO-D5-N2-R50-50-ML-G08,Yeast Glucan,H?O? oxidation,D5,N2,0.5,0.5,Low,0.8,,,,,,,
YG-HO-D5-N2-R50-50-ML-G20,Yeast Glucan,H?O? oxidation,D5,N2,0.5,0.5,Low,2,,,,,,,
YG-HO-D5-N2-R50-50-MU-G01,Yeast Glucan,H?O? oxidation,D5,N2,0.5,0.5,Unspecified,0.1,,,,,,,
YG-HO-D5-N2-R50-50-MU-G08,Yeast Glucan,H?O? oxidation,D5,N2,0.5,0.5,Unspecified,0.8,,,,,,,
YG-HO-D5-N2-R50-50-MU-G20,Yeast Glucan,H?O? oxidation,D5,N2,0.5,0.5,Unspecified,2,,,,,,,
YG-HO-D5-N3-R90-10-MH-G01,Yeast Glucan,H?O? oxidation,D5,N3,0.9,0.1,High,0.1,,,,,,,
YG-HO-D5-N3-R90-10-MH-G08,Yeast Glucan,H?O? oxidation,D5,N3,0.9,0.1,High,0.8,,,,,,,
YG-HO-D5-N3-R90-10-MH-G20,Yeast Glucan,H?O? oxidation,D5,N3,0.9,0.1,High,2,,,,,,,
YG-HO-D5-N3-R90-10-MM-G01,Yeast Glucan,H?O? oxidation,D5,N3,0.9,0.1,Medium,0.1,,,,,,,
YG-HO-D5-N3-R90-10-MM-G08,Yeast Glucan,H?O? oxidation,D5,N3,0.9,0.1,Medium,0.8,,,,,,,
YG-HO-D5-N3-R90-10-MM-G20,Yeast Glucan,H?O? oxidation,D5,N3,0.9,0.1,Medium,2,,,,,,,
YG-HO-D5-N3-R90-10-ML-G01,Yeast Glucan,H?O? oxidation,D5,N3,0.9,0.1,Low,0.1,,,,,,,
YG-HO-D5-N3-R90-10-ML-G08,Yeast Glucan,H?O? oxidation,D5,N3,0.9,0.1,Low,0.8,,,,,,,
YG-HO-D5-N3-R90-10-ML-G20,Yeast Glucan,H?O? oxidation,D5,N3,0.9,0.1,Low,2,,,,,,,
YG-HO-D5-N3-R90-10-MU-G01,Yeast Glucan,H?O? oxidation,D5,N3,0.9,0.1,Unspecified,0.1,,,,,,,
YG-HO-D5-N3-R90-10-MU-G08,Yeast Glucan,H?O? oxidation,D5,N3,0.9,0.1,Unspecified,0.8,,,,,,,
YG-HO-D5-N3-R90-10-MU-G20,Yeast Glucan,H?O? oxidation,D5,N3,0.9,0.1,Unspecified,2,,,,,,,
YG-HO-D5-N3-R70-30-MH-G01,Yeast Glucan,H?O? oxidation,D5,N3,0.7,0.3,High,0.1,,,,,,,
YG-HO-D5-N3-R70-30-MH-G08,Yeast Glucan,H?O? oxidation,D5,N3,0.7,0.3,High,0.8,,,,,,,
YG-HO-D5-N3-R70-30-MH-G20,Yeast Glucan,H?O? oxidation,D5,N3,0.7,0.3,High,2,,,,,,,
YG-HO-D5-N3-R70-30-MM-G01,Yeast Glucan,H?O? oxidation,D5,N3,0.7,0.3,Medium,0.1,,,,,,,
YG-HO-D5-N3-R70-30-MM-G08,Yeast Glucan,H?O? oxidation,D5,N3,0.7,0.3,Medium,0.8,,,,,,,
YG-HO-D5-N3-R70-30-MM-G20,Yeast Glucan,H?O? oxidation,D5,N3,0.7,0.3,Medium,2,,,,,,,
YG-HO-D5-N3-R70-30-ML-G01,Yeast Glucan,H?O? oxidation,D5,N3,0.7,0.3,Low,0.1,,,,,,,
YG-HO-D5-N3-R70-30-ML-G08,Yeast Glucan,H?O? oxidation,D5,N3,0.7,0.3,Low,0.8,,,,,,,
YG-HO-D5-N3-R70-30-ML-G20,Yeast Glucan,H?O? oxidation,D5,N3,0.7,0.3,Low,2,,,,,,,
YG-HO-D5-N3-R70-30-MU-G01,Yeast Glucan,H?O? oxidation,D5,N3,0.7,0.3,Unspecified,0.1,,,,,,,
YG-HO-D5-N3-R70-30-MU-G08,Yeast Glucan,H?O? oxidation,D5,N3,0.7,0.3,Unspecified,0.8,,,,,,,
YG-HO-D5-N3-R70-30-MU-G20,Yeast Glucan,H?O? oxidation,D5,N3,0.7,0.3,Unspecified,2,,,,,,,
YG-HO-D5-N3-R50-50-MH-G01,Yeast Glucan,H?O? oxidation,D5,N3,0.5,0.5,High,0.1,,,,,,,
YG-HO-D5-N3-R50-50-MH-G08,Yeast Glucan,H?O? oxidation,D5,N3,0.5,0.5,High,0.8,,,,,,,
YG-HO-D5-N3-R50-50-MH-G20,Yeast Glucan,H?O? oxidation,D5,N3,0.5,0.5,High,2,,,,,,,
YG-HO-D5-N3-R50-50-MM-G01,Yeast Glucan,H?O? oxidation,D5,N3,0.5,0.5,Medium,0.1,,,,,,,
YG-HO-D5-N3-R50-50-MM-G08,Yeast Glucan,H?O? oxidation,D5,N3,0.5,0.5,Medium,0.8,,,,,,,
YG-HO-D5-N3-R50-50-MM-G20,Yeast Glucan,H?O? oxidation,D5,N3,0.5,0.5,Medium,2,,,,,,,
YG-HO-D5-N3-R50-50-ML-G01,Yeast Glucan,H?O? oxidation,D5,N3,0.5,0.5,Low,0.1,,,,,,,
YG-HO-D5-N3-R50-50-ML-G08,Yeast Glucan,H?O? oxidation,D5,N3,0.5,0.5,Low,0.8,,,,,,,
YG-HO-D5-N3-R50-50-ML-G20,Yeast Glucan,H?O? oxidation,D5,N3,0.5,0.5,Low,2,,,,,,,
YG-HO-D5-N3-R50-50-MU-G01,Yeast Glucan,H?O? oxidation,D5,N3,0.5,0.5,Unspecified,0.1,,,,,,,
YG-HO-D5-N3-R50-50-MU-G08,Yeast Glucan,H?O? oxidation,D5,N3,0.5,0.5,Unspecified,0.8,,,,,,,
YG-HO-D5-N3-R50-50-MU-G20,Yeast Glucan,H?O? oxidation,D5,N3,0.5,0.5,Unspecified,2,,,,,,,
YG-HO-D5-N4-R90-10-MH-G01,Yeast Glucan,H?O? oxidation,D5,N4,0.9,0.1,High,0.1,,,,,,,
YG-HO-D5-N4-R90-10-MH-G08,Yeast Glucan,H?O? oxidation,D5,N4,0.9,0.1,High,0.8,,,,,,,
YG-HO-D5-N4-R90-10-MH-G20,Yeast Glucan,H?O? oxidation,D5,N4,0.9,0.1,High,2,,,,,,,
YG-HO-D5-N4-R90-10-MM-G01,Yeast Glucan,H?O? oxidation,D5,N4,0.9,0.1,Medium,0.1,,,,,,,
YG-HO-D5-N4-R90-10-MM-G08,Yeast Glucan,H?O? oxidation,D5,N4,0.9,0.1,Medium,0.8,,,,,,,
YG-HO-D5-N4-R90-10-MM-G20,Yeast Glucan,H?O? oxidation,D5,N4,0.9,0.1,Medium,2,,,,,,,
YG-HO-D5-N4-R90-10-ML-G01,Yeast Glucan,H?O? oxidation,D5,N4,0.9,0.1,Low,0.1,,,,,,,
YG-HO-D5-N4-R90-10-ML-G08,Yeast Glucan,H?O? oxidation,D5,N4,0.9,0.1,Low,0.8,,,,,,,
YG-HO-D5-N4-R90-10-ML-G20,Yeast Glucan,H?O? oxidation,D5,N4,0.9,0.1,Low,2,,,,,,,
YG-HO-D5-N4-R90-10-MU-G01,Yeast Glucan,H?O? oxidation,D5,N4,0.9,0.1,Unspecified,0.1,,,,,,,
YG-HO-D5-N4-R90-10-MU-G08,Yeast Glucan,H?O? oxidation,D5,N4,0.9,0.1,Unspecified,0.8,,,,,,,
YG-HO-D5-N4-R90-10-MU-G20,Yeast Glucan,H?O? oxidation,D5,N4,0.9,0.1,Unspecified,2,,,,,,,
YG-HO-D5-N4-R70-30-MH-G01,Yeast Glucan,H?O? oxidation,D5,N4,0.7,0.3,High,0.1,,,,,,,
YG-HO-D5-N4-R70-30-MH-G08,Yeast Glucan,H?O? oxidation,D5,N4,0.7,0.3,High,0.8,,,,,,,
YG-HO-D5-N4-R70-30-MH-G20,Yeast Glucan,H?O? oxidation,D5,N4,0.7,0.3,High,2,,,,,,,
YG-HO-D5-N4-R70-30-MM-G01,Yeast Glucan,H?O? oxidation,D5,N4,0.7,0.3,Medium,0.1,,,,,,,
YG-HO-D5-N4-R70-30-MM-G08,Yeast Glucan,H?O? oxidation,D5,N4,0.7,0.3,Medium,0.8,,,,,,,
YG-HO-D5-N4-R70-30-MM-G20,Yeast Glucan,H?O? oxidation,D5,N4,0.7,0.3,Medium,2,,,,,,,
YG-HO-D5-N4-R70-30-ML-G01,Yeast Glucan,H?O? oxidation,D5,N4,0.7,0.3,Low,0.1,,,,,,,
YG-HO-D5-N4-R70-30-ML-G08,Yeast Glucan,H?O? oxidation,D5,N4,0.7,0.3,Low,0.8,,,,,,,
YG-HO-D5-N4-R70-30-ML-G20,Yeast Glucan,H?O? oxidation,D5,N4,0.7,0.3,Low,2,,,,,,,
YG-HO-D5-N4-R70-30-MU-G01,Yeast Glucan,H?O? oxidation,D5,N4,0.7,0.3,Unspecified,0.1,,,,,,,
YG-HO-D5-N4-R70-30-MU-G08,Yeast Glucan,H?O? oxidation,D5,N4,0.7,0.3,Unspecified,0.8,,,,,,,
YG-HO-D5-N4-R70-30-MU-G20,Yeast Glucan,H?O? oxidation,D5,N4,0.7,0.3,Unspecified,2,,,,,,,
YG-HO-D5-N4-R50-50-MH-G01,Yeast Glucan,H?O? oxidation,D5,N4,0.5,0.5,High,0.1,,,,,,,
YG-HO-D5-N4-R50-50-MH-G08,Yeast Glucan,H?O? oxidation,D5,N4,0.5,0.5,High,0.8,,,,,,,
YG-HO-D5-N4-R50-50-MH-G20,Yeast Glucan,H?O? oxidation,D5,N4,0.5,0.5,High,2,,,,,,,
YG-HO-D5-N4-R50-50-MM-G01,Yeast Glucan,H?O? oxidation,D5,N4,0.5,0.5,Medium,0.1,,,,,,,
YG-HO-D5-N4-R50-50-MM-G08,Yeast Glucan,H?O? oxidation,D5,N4,0.5,0.5,Medium,0.8,,,,,,,
YG-HO-D5-N4-R50-50-MM-G20,Yeast Glucan,H?O? oxidation,D5,N4,0.5,0.5,Medium,2,,,,,,,
YG-HO-D5-N4-R50-50-ML-G01,Yeast Glucan,H?O? oxidation,D5,N4,0.5,0.5,Low,0.1,,,,,,,
YG-HO-D5-N4-R50-50-ML-G08,Yeast Glucan,H?O? oxidation,D5,N4,0.5,0.5,Low,0.8,,,,,,,
YG-HO-D5-N4-R50-50-ML-G20,Yeast Glucan,H?O? oxidation,D5,N4,0.5,0.5,Low,2,,,,,,,
YG-HO-D5-N4-R50-50-MU-G01,Yeast Glucan,H?O? oxidation,D5,N4,0.5,0.5,Unspecified,0.1,,,,,,,
YG-HO-D5-N4-R50-50-MU-G08,Yeast Glucan,H?O? oxidation,D5,N4,0.5,0.5,Unspecified,0.8,,,,,,,
YG-HO-D5-N4-R50-50-MU-G20,Yeast Glucan,H?O? oxidation,D5,N4,0.5,0.5,Unspecified,2,,,,,,,
YG-HO-D5-N5-R90-10-MH-G01,Yeast Glucan,H?O? oxidation,D5,N5,0.9,0.1,High,0.1,,,,,,,
YG-HO-D5-N5-R90-10-MH-G08,Yeast Glucan,H?O? oxidation,D5,N5,0.9,0.1,High,0.8,,,,,,,
YG-HO-D5-N5-R90-10-MH-G20,Yeast Glucan,H?O? oxidation,D5,N5,0.9,0.1,High,2,,,,,,,
YG-HO-D5-N5-R90-10-MM-G01,Yeast Glucan,H?O? oxidation,D5,N5,0.9,0.1,Medium,0.1,,,,,,,
YG-HO-D5-N5-R90-10-MM-G08,Yeast Glucan,H?O? oxidation,D5,N5,0.9,0.1,Medium,0.8,,,,,,,
YG-HO-D5-N5-R90-10-MM-G20,Yeast Glucan,H?O? oxidation,D5,N5,0.9,0.1,Medium,2,,,,,,,
YG-HO-D5-N5-R90-10-ML-G01,Yeast Glucan,H?O? oxidation,D5,N5,0.9,0.1,Low,0.1,,,,,,,
YG-HO-D5-N5-R90-10-ML-G08,Yeast Glucan,H?O? oxidation,D5,N5,0.9,0.1,Low,0.8,,,,,,,
YG-HO-D5-N5-R90-10-ML-G20,Yeast Glucan,H?O? oxidation,D5,N5,0.9,0.1,Low,2,,,,,,,
YG-HO-D5-N5-R90-10-MU-G01,Yeast Glucan,H?O? oxidation,D5,N5,0.9,0.1,Unspecified,0.1,,,,,,,
YG-HO-D5-N5-R90-10-MU-G08,Yeast Glucan,H?O? oxidation,D5,N5,0.9,0.1,Unspecified,0.8,,,,,,,
YG-HO-D5-N5-R90-10-MU-G20,Yeast Glucan,H?O? oxidation,D5,N5,0.9,0.1,Unspecified,2,,,,,,,
YG-HO-D5-N5-R70-30-MH-G01,Yeast Glucan,H?O? oxidation,D5,N5,0.7,0.3,High,0.1,,,,,,,
YG-HO-D5-N5-R70-30-MH-G08,Yeast Glucan,H?O? oxidation,D5,N5,0.7,0.3,High,0.8,,,,,,,
YG-HO-D5-N5-R70-30-MH-G20,Yeast Glucan,H?O? oxidation,D5,N5,0.7,0.3,High,2,,,,,,,
YG-HO-D5-N5-R70-30-MM-G01,Yeast Glucan,H?O? oxidation,D5,N5,0.7,0.3,Medium,0.1,,,,,,,
YG-HO-D5-N5-R70-30-MM-G08,Yeast Glucan,H?O? oxidation,D5,N5,0.7,0.3,Medium,0.8,,,,,,,
YG-HO-D5-N5-R70-30-MM-G20,Yeast Glucan,H?O? oxidation,D5,N5,0.7,0.3,Medium,2,,,,,,,
YG-HO-D5-N5-R70-30-ML-G01,Yeast Glucan,H?O? oxidation,D5,N5,0.7,0.3,Low,0.1,,,,,,,
YG-HO-D5-N5-R70-30-ML-G08,Yeast Glucan,H?O? oxidation,D5,N5,0.7,0.3,Low,0.8,,,,,,,
YG-HO-D5-N5-R70-30-ML-G20,Yeast Glucan,H?O? oxidation,D5,N5,0.7,0.3,Low,2,,,,,,,
YG-HO-D5-N5-R70-30-MU-G01,Yeast Glucan,H?O? oxidation,D5,N5,0.7,0.3,Unspecified,0.1,,,,,,,
YG-HO-D5-N5-R70-30-MU-G08,Yeast Glucan,H?O? oxidation,D5,N5,0.7,0.3,Unspecified,0.8,,,,,,,
YG-HO-D5-N5-R70-30-MU-G20,Yeast Glucan,H?O? oxidation,D5,N5,0.7,0.3,Unspecified,2,,,,,,,
YG-HO-D5-N5-R50-50-MH-G01,Yeast Glucan,H?O? oxidation,D5,N5,0.5,0.5,High,0.1,,,,,,,
YG-HO-D5-N5-R50-50-MH-G08,Yeast Glucan,H?O? oxidation,D5,N5,0.5,0.5,High,0.8,,,,,,,
YG-HO-D5-N5-R50-50-MH-G20,Yeast Glucan,H?O? oxidation,D5,N5,0.5,0.5,High,2,,,,,,,
YG-HO-D5-N5-R50-50-MM-G01,Yeast Glucan,H?O? oxidation,D5,N5,0.5,0.5,Medium,0.1,,,,,,,
YG-HO-D5-N5-R50-50-MM-G08,Yeast Glucan,H?O? oxidation,D5,N5,0.5,0.5,Medium,0.8,,,,,,,
YG-HO-D5-N5-R50-50-MM-G20,Yeast Glucan,H?O? oxidation,D5,N5,0.5,0.5,Medium,2,,,,,,,
YG-HO-D5-N5-R50-50-ML-G01,Yeast Glucan,H?O? oxidation,D5,N5,0.5,0.5,Low,0.1,,,,,,,
YG-HO-D5-N5-R50-50-ML-G08,Yeast Glucan,H?O? oxidation,D5,N5,0.5,0.5,Low,0.8,,,,,,,
YG-HO-D5-N5-R50-50-ML-G20,Yeast Glucan,H?O? oxidation,D5,N5,0.5,0.5,Low,2,,,,,,,
YG-HO-D5-N5-R50-50-MU-G01,Yeast Glucan,H?O? oxidation,D5,N5,0.5,0.5,Unspecified,0.1,,,,,,,
YG-HO-D5-N5-R50-50-MU-G08,Yeast Glucan,H?O? oxidation,D5,N5,0.5,0.5,Unspecified,0.8,,,,,,,
YG-HO-D5-N5-R50-50-MU-G20,Yeast Glucan,H?O? oxidation,D5,N5,0.5,0.5,Unspecified,2,,,,,,,
YG-HO-D5-N6-R90-10-MH-G01,Yeast Glucan,H?O? oxidation,D5,N6,0.9,0.1,High,0.1,,,,,,,
YG-HO-D5-N6-R90-10-MH-G08,Yeast Glucan,H?O? oxidation,D5,N6,0.9,0.1,High,0.8,,,,,,,
YG-HO-D5-N6-R90-10-MH-G20,Yeast Glucan,H?O? oxidation,D5,N6,0.9,0.1,High,2,,,,,,,
YG-HO-D5-N6-R90-10-MM-G01,Yeast Glucan,H?O? oxidation,D5,N6,0.9,0.1,Medium,0.1,,,,,,,
YG-HO-D5-N6-R90-10-MM-G08,Yeast Glucan,H?O? oxidation,D5,N6,0.9,0.1,Medium,0.8,,,,,,,
YG-HO-D5-N6-R90-10-MM-G20,Yeast Glucan,H?O? oxidation,D5,N6,0.9,0.1,Medium,2,,,,,,,
YG-HO-D5-N6-R90-10-ML-G01,Yeast Glucan,H?O? oxidation,D5,N6,0.9,0.1,Low,0.1,,,,,,,
YG-HO-D5-N6-R90-10-ML-G08,Yeast Glucan,H?O? oxidation,D5,N6,0.9,0.1,Low,0.8,,,,,,,
YG-HO-D5-N6-R90-10-ML-G20,Yeast Glucan,H?O? oxidation,D5,N6,0.9,0.1,Low,2,,,,,,,
YG-HO-D5-N6-R90-10-MU-G01,Yeast Glucan,H?O? oxidation,D5,N6,0.9,0.1,Unspecified,0.1,,,,,,,
YG-HO-D5-N6-R90-10-MU-G08,Yeast Glucan,H?O? oxidation,D5,N6,0.9,0.1,Unspecified,0.8,,,,,,,
YG-HO-D5-N6-R90-10-MU-G20,Yeast Glucan,H?O? oxidation,D5,N6,0.9,0.1,Unspecified,2,,,,,,,
YG-HO-D5-N6-R70-30-MH-G01,Yeast Glucan,H?O? oxidation,D5,N6,0.7,0.3,High,0.1,,,,,,,
YG-HO-D5-N6-R70-30-MH-G08,Yeast Glucan,H?O? oxidation,D5,N6,0.7,0.3,High,0.8,,,,,,,
YG-HO-D5-N6-R70-30-MH-G20,Yeast Glucan,H?O? oxidation,D5,N6,0.7,0.3,High,2,,,,,,,
YG-HO-D5-N6-R70-30-MM-G01,Yeast Glucan,H?O? oxidation,D5,N6,0.7,0.3,Medium,0.1,,,,,,,
YG-HO-D5-N6-R70-30-MM-G08,Yeast Glucan,H?O? oxidation,D5,N6,0.7,0.3,Medium,0.8,,,,,,,
YG-HO-D5-N6-R70-30-MM-G20,Yeast Glucan,H?O? oxidation,D5,N6,0.7,0.3,Medium,2,,,,,,,
YG-HO-D5-N6-R70-30-ML-G01,Yeast Glucan,H?O? oxidation,D5,N6,0.7,0.3,Low,0.1,,,,,,,
YG-HO-D5-N6-R70-30-ML-G08,Yeast Glucan,H?O? oxidation,D5,N6,0.7,0.3,Low,0.8,,,,,,,
YG-HO-D5-N6-R70-30-ML-G20,Yeast Glucan,H?O? oxidation,D5,N6,0.7,0.3,Low,2,,,,,,,
YG-HO-D5-N6-R70-30-MU-G01,Yeast Glucan,H?O? oxidation,D5,N6,0.7,0.3,Unspecified,0.1,,,,,,,
YG-HO-D5-N6-R70-30-MU-G08,Yeast Glucan,H?O? oxidation,D5,N6,0.7,0.3,Unspecified,0.8,,,,,,,
YG-HO-D5-N6-R70-30-MU-G20,Yeast Glucan,H?O? oxidation,D5,N6,0.7,0.3,Unspecified,2,,,,,,,
YG-HO-D5-N6-R50-50-MH-G01,Yeast Glucan,H?O? oxidation,D5,N6,0.5,0.5,High,0.1,,,,,,,
YG-HO-D5-N6-R50-50-MH-G08,Yeast Glucan,H?O? oxidation,D5,N6,0.5,0.5,High,0.8,,,,,,,
YG-HO-D5-N6-R50-50-MH-G20,Yeast Glucan,H?O? oxidation,D5,N6,0.5,0.5,High,2,,,,,,,
YG-HO-D5-N6-R50-50-MM-G01,Yeast Glucan,H?O? oxidation,D5,N6,0.5,0.5,Medium,0.1,,,,,,,
YG-HO-D5-N6-R50-50-MM-G08,Yeast Glucan,H?O? oxidation,D5,N6,0.5,0.5,Medium,0.8,,,,,,,
YG-HO-D5-N6-R50-50-MM-G20,Yeast Glucan,H?O? oxidation,D5,N6,0.5,0.5,Medium,2,,,,,,,
YG-HO-D5-N6-R50-50-ML-G01,Yeast Glucan,H?O? oxidation,D5,N6,0.5,0.5,Low,0.1,,,,,,,
YG-HO-D5-N6-R50-50-ML-G08,Yeast Glucan,H?O? oxidation,D5,N6,0.5,0.5,Low,0.8,,,,,,,
YG-HO-D5-N6-R50-50-ML-G20,Yeast Glucan,H?O? oxidation,D5,N6,0.5,0.5,Low,2,,,,,,,
YG-HO-D5-N6-R50-50-MU-G01,Yeast Glucan,H?O? oxidation,D5,N6,0.5,0.5,Unspecified,0.1,,,,,,,
YG-HO-D5-N6-R50-50-MU-G08,Yeast Glucan,H?O? oxidation,D5,N6,0.5,0.5,Unspecified,0.8,,,,,,,
YG-HO-D5-N6-R50-50-MU-G20,Yeast Glucan,H?O? oxidation,D5,N6,0.5,0.5,Unspecified,2,,,,,,,
BG-SA-D1-N1-R90-10-MH-G01,Barley Glucan,Succinic anhydride modification,D1,N1,0.9,0.1,High,0.1,,,,,,,
BG-SA-D1-N1-R90-10-MH-G08,Barley Glucan,Succinic anhydride modification,D1,N1,0.9,0.1,High,0.8,,,,,,,
BG-SA-D1-N1-R90-10-MH-G20,Barley Glucan,Succinic anhydride modification,D1,N1,0.9,0.1,High,2,,,,,,,
BG-SA-D1-N1-R90-10-MM-G01,Barley Glucan,Succinic anhydride modification,D1,N1,0.9,0.1,Medium,0.1,,,,,,,
BG-SA-D1-N1-R90-10-MM-G08,Barley Glucan,Succinic anhydride modification,D1,N1,0.9,0.1,Medium,0.8,,,,,,,
BG-SA-D1-N1-R90-10-MM-G20,Barley Glucan,Succinic anhydride modification,D1,N1,0.9,0.1,Medium,2,,,,,,,
BG-SA-D1-N1-R90-10-ML-G01,Barley Glucan,Succinic anhydride modification,D1,N1,0.9,0.1,Low,0.1,,,,,,,
BG-SA-D1-N1-R90-10-ML-G08,Barley Glucan,Succinic anhydride modification,D1,N1,0.9,0.1,Low,0.8,,,,,,,
BG-SA-D1-N1-R90-10-ML-G20,Barley Glucan,Succinic anhydride modification,D1,N1,0.9,0.1,Low,2,,,,,,,
BG-SA-D1-N1-R90-10-MU-G01,Barley Glucan,Succinic anhydride modification,D1,N1,0.9,0.1,Unspecified,0.1,,,,,,,
BG-SA-D1-N1-R90-10-MU-G08,Barley Glucan,Succinic anhydride modification,D1,N1,0.9,0.1,Unspecified,0.8,,,,,,,
BG-SA-D1-N1-R90-10-MU-G20,Barley Glucan,Succinic anhydride modification,D1,N1,0.9,0.1,Unspecified,2,,,,,,,
BG-SA-D1-N1-R70-30-MH-G01,Barley Glucan,Succinic anhydride modification,D1,N1,0.7,0.3,High,0.1,,,,,,,
BG-SA-D1-N1-R70-30-MH-G08,Barley Glucan,Succinic anhydride modification,D1,N1,0.7,0.3,High,0.8,,,,,,,
BG-SA-D1-N1-R70-30-MH-G20,Barley Glucan,Succinic anhydride modification,D1,N1,0.7,0.3,High,2,,,,,,,
BG-SA-D1-N1-R70-30-MM-G01,Barley Glucan,Succinic anhydride modification,D1,N1,0.7,0.3,Medium,0.1,,,,,,,
BG-SA-D1-N1-R70-30-MM-G08,Barley Glucan,Succinic anhydride modification,D1,N1,0.7,0.3,Medium,0.8,,,,,,,
BG-SA-D1-N1-R70-30-MM-G20,Barley Glucan,Succinic anhydride modification,D1,N1,0.7,0.3,Medium,2,,,,,,,
BG-SA-D1-N1-R70-30-ML-G01,Barley Glucan,Succinic anhydride modification,D1,N1,0.7,0.3,Low,0.1,,,,,,,
BG-SA-D1-N1-R70-30-ML-G08,Barley Glucan,Succinic anhydride modification,D1,N1,0.7,0.3,Low,0.8,,,,,,,
BG-SA-D1-N1-R70-30-ML-G20,Barley Glucan,Succinic anhydride modification,D1,N1,0.7,0.3,Low,2,,,,,,,
BG-SA-D1-N1-R70-30-MU-G01,Barley Glucan,Succinic anhydride modification,D1,N1,0.7,0.3,Unspecified,0.1,,,,,,,
BG-SA-D1-N1-R70-30-MU-G08,Barley Glucan,Succinic anhydride modification,D1,N1,0.7,0.3,Unspecified,0.8,,,,,,,
BG-SA-D1-N1-R70-30-MU-G20,Barley Glucan,Succinic anhydride modification,D1,N1,0.7,0.3,Unspecified,2,,,,,,,
BG-SA-D1-N1-R50-50-MH-G01,Barley Glucan,Succinic anhydride modification,D1,N1,0.5,0.5,High,0.1,,,,,,,
BG-SA-D1-N1-R50-50-MH-G08,Barley Glucan,Succinic anhydride modification,D1,N1,0.5,0.5,High,0.8,,,,,,,
BG-SA-D1-N1-R50-50-MH-G20,Barley Glucan,Succinic anhydride modification,D1,N1,0.5,0.5,High,2,,,,,,,
BG-SA-D1-N1-R50-50-MM-G01,Barley Glucan,Succinic anhydride modification,D1,N1,0.5,0.5,Medium,0.1,,,,,,,
BG-SA-D1-N1-R50-50-MM-G08,Barley Glucan,Succinic anhydride modification,D1,N1,0.5,0.5,Medium,0.8,,,,,,,
BG-SA-D1-N1-R50-50-MM-G20,Barley Glucan,Succinic anhydride modification,D1,N1,0.5,0.5,Medium,2,,,,,,,
BG-SA-D1-N1-R50-50-ML-G01,Barley Glucan,Succinic anhydride modification,D1,N1,0.5,0.5,Low,0.1,,,,,,,
BG-SA-D1-N1-R50-50-ML-G08,Barley Glucan,Succinic anhydride modification,D1,N1,0.5,0.5,Low,0.8,,,,,,,
BG-SA-D1-N1-R50-50-ML-G20,Barley Glucan,Succinic anhydride modification,D1,N1,0.5,0.5,Low,2,,,,,,,
BG-SA-D1-N1-R50-50-MU-G01,Barley Glucan,Succinic anhydride modification,D1,N1,0.5,0.5,Unspecified,0.1,,,,,,,
BG-SA-D1-N1-R50-50-MU-G08,Barley Glucan,Succinic anhydride modification,D1,N1,0.5,0.5,Unspecified,0.8,,,,,,,
BG-SA-D1-N1-R50-50-MU-G20,Barley Glucan,Succinic anhydride modification,D1,N1,0.5,0.5,Unspecified,2,,,,,,,
BG-SA-D1-N2-R90-10-MH-G01,Barley Glucan,Succinic anhydride modification,D1,N2,0.9,0.1,High,0.1,,,,,,,
BG-SA-D1-N2-R90-10-MH-G08,Barley Glucan,Succinic anhydride modification,D1,N2,0.9,0.1,High,0.8,,,,,,,
BG-SA-D1-N2-R90-10-MH-G20,Barley Glucan,Succinic anhydride modification,D1,N2,0.9,0.1,High,2,,,,,,,
BG-SA-D1-N2-R90-10-MM-G01,Barley Glucan,Succinic anhydride modification,D1,N2,0.9,0.1,Medium,0.1,,,,,,,
BG-SA-D1-N2-R90-10-MM-G08,Barley Glucan,Succinic anhydride modification,D1,N2,0.9,0.1,Medium,0.8,,,,,,,
BG-SA-D1-N2-R90-10-MM-G20,Barley Glucan,Succinic anhydride modification,D1,N2,0.9,0.1,Medium,2,,,,,,,
BG-SA-D1-N2-R90-10-ML-G01,Barley Glucan,Succinic anhydride modification,D1,N2,0.9,0.1,Low,0.1,,,,,,,
BG-SA-D1-N2-R90-10-ML-G08,Barley Glucan,Succinic anhydride modification,D1,N2,0.9,0.1,Low,0.8,,,,,,,
BG-SA-D1-N2-R90-10-ML-G20,Barley Glucan,Succinic anhydride modification,D1,N2,0.9,0.1,Low,2,,,,,,,
BG-SA-D1-N2-R90-10-MU-G01,Barley Glucan,Succinic anhydride modification,D1,N2,0.9,0.1,Unspecified,0.1,,,,,,,
BG-SA-D1-N2-R90-10-MU-G08,Barley Glucan,Succinic anhydride modification,D1,N2,0.9,0.1,Unspecified,0.8,,,,,,,
BG-SA-D1-N2-R90-10-MU-G20,Barley Glucan,Succinic anhydride modification,D1,N2,0.9,0.1,Unspecified,2,,,,,,,
BG-SA-D1-N2-R70-30-MH-G01,Barley Glucan,Succinic anhydride modification,D1,N2,0.7,0.3,High,0.1,,,,,,,
BG-SA-D1-N2-R70-30-MH-G08,Barley Glucan,Succinic anhydride modification,D1,N2,0.7,0.3,High,0.8,,,,,,,
BG-SA-D1-N2-R70-30-MH-G20,Barley Glucan,Succinic anhydride modification,D1,N2,0.7,0.3,High,2,,,,,,,
BG-SA-D1-N2-R70-30-MM-G01,Barley Glucan,Succinic anhydride modification,D1,N2,0.7,0.3,Medium,0.1,,,,,,,
BG-SA-D1-N2-R70-30-MM-G08,Barley Glucan,Succinic anhydride modification,D1,N2,0.7,0.3,Medium,0.8,,,,,,,
BG-SA-D1-N2-R70-30-MM-G20,Barley Glucan,Succinic anhydride modification,D1,N2,0.7,0.3,Medium,2,,,,,,,
BG-SA-D1-N2-R70-30-ML-G01,Barley Glucan,Succinic anhydride modification,D1,N2,0.7,0.3,Low,0.1,,,,,,,
BG-SA-D1-N2-R70-30-ML-G08,Barley Glucan,Succinic anhydride modification,D1,N2,0.7,0.3,Low,0.8,,,,,,,
BG-SA-D1-N2-R70-30-ML-G20,Barley Glucan,Succinic anhydride modification,D1,N2,0.7,0.3,Low,2,,,,,,,
BG-SA-D1-N2-R70-30-MU-G01,Barley Glucan,Succinic anhydride modification,D1,N2,0.7,0.3,Unspecified,0.1,,,,,,,
BG-SA-D1-N2-R70-30-MU-G08,Barley Glucan,Succinic anhydride modification,D1,N2,0.7,0.3,Unspecified,0.8,,,,,,,
BG-SA-D1-N2-R70-30-MU-G20,Barley Glucan,Succinic anhydride modification,D1,N2,0.7,0.3,Unspecified,2,,,,,,,
BG-SA-D1-N2-R50-50-MH-G01,Barley Glucan,Succinic anhydride modification,D1,N2,0.5,0.5,High,0.1,,,,,,,
BG-SA-D1-N2-R50-50-MH-G08,Barley Glucan,Succinic anhydride modification,D1,N2,0.5,0.5,High,0.8,,,,,,,
BG-SA-D1-N2-R50-50-MH-G20,Barley Glucan,Succinic anhydride modification,D1,N2,0.5,0.5,High,2,,,,,,,
BG-SA-D1-N2-R50-50-MM-G01,Barley Glucan,Succinic anhydride modification,D1,N2,0.5,0.5,Medium,0.1,,,,,,,
BG-SA-D1-N2-R50-50-MM-G08,Barley Glucan,Succinic anhydride modification,D1,N2,0.5,0.5,Medium,0.8,,,,,,,
BG-SA-D1-N2-R50-50-MM-G20,Barley Glucan,Succinic anhydride modification,D1,N2,0.5,0.5,Medium,2,,,,,,,
BG-SA-D1-N2-R50-50-ML-G01,Barley Glucan,Succinic anhydride modification,D1,N2,0.5,0.5,Low,0.1,,,,,,,
BG-SA-D1-N2-R50-50-ML-G08,Barley Glucan,Succinic anhydride modification,D1,N2,0.5,0.5,Low,0.8,,,,,,,
BG-SA-D1-N2-R50-50-ML-G20,Barley Glucan,Succinic anhydride modification,D1,N2,0.5,0.5,Low,2,,,,,,,
BG-SA-D1-N2-R50-50-MU-G01,Barley Glucan,Succinic anhydride modification,D1,N2,0.5,0.5,Unspecified,0.1,,,,,,,
BG-SA-D1-N2-R50-50-MU-G08,Barley Glucan,Succinic anhydride modification,D1,N2,0.5,0.5,Unspecified,0.8,,,,,,,
BG-SA-D1-N2-R50-50-MU-G20,Barley Glucan,Succinic anhydride modification,D1,N2,0.5,0.5,Unspecified,2,,,,,,,
BG-SA-D1-N3-R90-10-MH-G01,Barley Glucan,Succinic anhydride modification,D1,N3,0.9,0.1,High,0.1,,,,,,,
BG-SA-D1-N3-R90-10-MH-G08,Barley Glucan,Succinic anhydride modification,D1,N3,0.9,0.1,High,0.8,,,,,,,
BG-SA-D1-N3-R90-10-MH-G20,Barley Glucan,Succinic anhydride modification,D1,N3,0.9,0.1,High,2,,,,,,,
BG-SA-D1-N3-R90-10-MM-G01,Barley Glucan,Succinic anhydride modification,D1,N3,0.9,0.1,Medium,0.1,,,,,,,
BG-SA-D1-N3-R90-10-MM-G08,Barley Glucan,Succinic anhydride modification,D1,N3,0.9,0.1,Medium,0.8,,,,,,,
BG-SA-D1-N3-R90-10-MM-G20,Barley Glucan,Succinic anhydride modification,D1,N3,0.9,0.1,Medium,2,,,,,,,
BG-SA-D1-N3-R90-10-ML-G01,Barley Glucan,Succinic anhydride modification,D1,N3,0.9,0.1,Low,0.1,,,,,,,
BG-SA-D1-N3-R90-10-ML-G08,Barley Glucan,Succinic anhydride modification,D1,N3,0.9,0.1,Low,0.8,,,,,,,
BG-SA-D1-N3-R90-10-ML-G20,Barley Glucan,Succinic anhydride modification,D1,N3,0.9,0.1,Low,2,,,,,,,
BG-SA-D1-N3-R90-10-MU-G01,Barley Glucan,Succinic anhydride modification,D1,N3,0.9,0.1,Unspecified,0.1,,,,,,,
BG-SA-D1-N3-R90-10-MU-G08,Barley Glucan,Succinic anhydride modification,D1,N3,0.9,0.1,Unspecified,0.8,,,,,,,
BG-SA-D1-N3-R90-10-MU-G20,Barley Glucan,Succinic anhydride modification,D1,N3,0.9,0.1,Unspecified,2,,,,,,,
BG-SA-D1-N3-R70-30-MH-G01,Barley Glucan,Succinic anhydride modification,D1,N3,0.7,0.3,High,0.1,,,,,,,
BG-SA-D1-N3-R70-30-MH-G08,Barley Glucan,Succinic anhydride modification,D1,N3,0.7,0.3,High,0.8,,,,,,,
BG-SA-D1-N3-R70-30-MH-G20,Barley Glucan,Succinic anhydride modification,D1,N3,0.7,0.3,High,2,,,,,,,
BG-SA-D1-N3-R70-30-MM-G01,Barley Glucan,Succinic anhydride modification,D1,N3,0.7,0.3,Medium,0.1,,,,,,,
BG-SA-D1-N3-R70-30-MM-G08,Barley Glucan,Succinic anhydride modification,D1,N3,0.7,0.3,Medium,0.8,,,,,,,
BG-SA-D1-N3-R70-30-MM-G20,Barley Glucan,Succinic anhydride modification,D1,N3,0.7,0.3,Medium,2,,,,,,,
BG-SA-D1-N3-R70-30-ML-G01,Barley Glucan,Succinic anhydride modification,D1,N3,0.7,0.3,Low,0.1,,,,,,,
BG-SA-D1-N3-R70-30-ML-G08,Barley Glucan,Succinic anhydride modification,D1,N3,0.7,0.3,Low,0.8,,,,,,,
BG-SA-D1-N3-R70-30-ML-G20,Barley Glucan,Succinic anhydride modification,D1,N3,0.7,0.3,Low,2,,,,,,,
BG-SA-D1-N3-R70-30-MU-G01,Barley Glucan,Succinic anhydride modification,D1,N3,0.7,0.3,Unspecified,0.1,,,,,,,
BG-SA-D1-N3-R70-30-MU-G08,Barley Glucan,Succinic anhydride modification,D1,N3,0.7,0.3,Unspecified,0.8,,,,,,,
BG-SA-D1-N3-R70-30-MU-G20,Barley Glucan,Succinic anhydride modification,D1,N3,0.7,0.3,Unspecified,2,,,,,,,
BG-SA-D1-N3-R50-50-MH-G01,Barley Glucan,Succinic anhydride modification,D1,N3,0.5,0.5,High,0.1,,,,,,,
BG-SA-D1-N3-R50-50-MH-G08,Barley Glucan,Succinic anhydride modification,D1,N3,0.5,0.5,High,0.8,,,,,,,
BG-SA-D1-N3-R50-50-MH-G20,Barley Glucan,Succinic anhydride modification,D1,N3,0.5,0.5,High,2,,,,,,,
BG-SA-D1-N3-R50-50-MM-G01,Barley Glucan,Succinic anhydride modification,D1,N3,0.5,0.5,Medium,0.1,,,,,,,
BG-SA-D1-N3-R50-50-MM-G08,Barley Glucan,Succinic anhydride modification,D1,N3,0.5,0.5,Medium,0.8,,,,,,,
BG-SA-D1-N3-R50-50-MM-G20,Barley Glucan,Succinic anhydride modification,D1,N3,0.5,0.5,Medium,2,,,,,,,
BG-SA-D1-N3-R50-50-ML-G01,Barley Glucan,Succinic anhydride modification,D1,N3,0.5,0.5,Low,0.1,,,,,,,
BG-SA-D1-N3-R50-50-ML-G08,Barley Glucan,Succinic anhydride modification,D1,N3,0.5,0.5,Low,0.8,,,,,,,
BG-SA-D1-N3-R50-50-ML-G20,Barley Glucan,Succinic anhydride modification,D1,N3,0.5,0.5,Low,2,,,,,,,
BG-SA-D1-N3-R50-50-MU-G01,Barley Glucan,Succinic anhydride modification,D1,N3,0.5,0.5,Unspecified,0.1,,,,,,,
BG-SA-D1-N3-R50-50-MU-G08,Barley Glucan,Succinic anhydride modification,D1,N3,0.5,0.5,Unspecified,0.8,,,,,,,
BG-SA-D1-N3-R50-50-MU-G20,Barley Glucan,Succinic anhydride modification,D1,N3,0.5,0.5,Unspecified,2,,,,,,,
BG-SA-D1-N4-R90-10-MH-G01,Barley Glucan,Succinic anhydride modification,D1,N4,0.9,0.1,High,0.1,,,,,,,
BG-SA-D1-N4-R90-10-MH-G08,Barley Glucan,Succinic anhydride modification,D1,N4,0.9,0.1,High,0.8,,,,,,,
BG-SA-D1-N4-R90-10-MH-G20,Barley Glucan,Succinic anhydride modification,D1,N4,0.9,0.1,High,2,,,,,,,
BG-SA-D1-N4-R90-10-MM-G01,Barley Glucan,Succinic anhydride modification,D1,N4,0.9,0.1,Medium,0.1,,,,,,,
BG-SA-D1-N4-R90-10-MM-G08,Barley Glucan,Succinic anhydride modification,D1,N4,0.9,0.1,Medium,0.8,,,,,,,
BG-SA-D1-N4-R90-10-MM-G20,Barley Glucan,Succinic anhydride modification,D1,N4,0.9,0.1,Medium,2,,,,,,,
BG-SA-D1-N4-R90-10-ML-G01,Barley Glucan,Succinic anhydride modification,D1,N4,0.9,0.1,Low,0.1,,,,,,,
BG-SA-D1-N4-R90-10-ML-G08,Barley Glucan,Succinic anhydride modification,D1,N4,0.9,0.1,Low,0.8,,,,,,,
BG-SA-D1-N4-R90-10-ML-G20,Barley Glucan,Succinic anhydride modification,D1,N4,0.9,0.1,Low,2,,,,,,,
BG-SA-D1-N4-R90-10-MU-G01,Barley Glucan,Succinic anhydride modification,D1,N4,0.9,0.1,Unspecified,0.1,,,,,,,
BG-SA-D1-N4-R90-10-MU-G08,Barley Glucan,Succinic anhydride modification,D1,N4,0.9,0.1,Unspecified,0.8,,,,,,,
BG-SA-D1-N4-R90-10-MU-G20,Barley Glucan,Succinic anhydride modification,D1,N4,0.9,0.1,Unspecified,2,,,,,,,
BG-SA-D1-N4-R70-30-MH-G01,Barley Glucan,Succinic anhydride modification,D1,N4,0.7,0.3,High,0.1,,,,,,,
BG-SA-D1-N4-R70-30-MH-G08,Barley Glucan,Succinic anhydride modification,D1,N4,0.7,0.3,High,0.8,,,,,,,
BG-SA-D1-N4-R70-30-MH-G20,Barley Glucan,Succinic anhydride modification,D1,N4,0.7,0.3,High,2,,,,,,,
BG-SA-D1-N4-R70-30-MM-G01,Barley Glucan,Succinic anhydride modification,D1,N4,0.7,0.3,Medium,0.1,,,,,,,
BG-SA-D1-N4-R70-30-MM-G08,Barley Glucan,Succinic anhydride modification,D1,N4,0.7,0.3,Medium,0.8,,,,,,,
BG-SA-D1-N4-R70-30-MM-G20,Barley Glucan,Succinic anhydride modification,D1,N4,0.7,0.3,Medium,2,,,,,,,
BG-SA-D1-N4-R70-30-ML-G01,Barley Glucan,Succinic anhydride modification,D1,N4,0.7,0.3,Low,0.1,,,,,,,
BG-SA-D1-N4-R70-30-ML-G08,Barley Glucan,Succinic anhydride modification,D1,N4,0.7,0.3,Low,0.8,,,,,,,
BG-SA-D1-N4-R70-30-ML-G20,Barley Glucan,Succinic anhydride modification,D1,N4,0.7,0.3,Low,2,,,,,,,
BG-SA-D1-N4-R70-30-MU-G01,Barley Glucan,Succinic anhydride modification,D1,N4,0.7,0.3,Unspecified,0.1,,,,,,,
BG-SA-D1-N4-R70-30-MU-G08,Barley Glucan,Succinic anhydride modification,D1,N4,0.7,0.3,Unspecified,0.8,,,,,,,
BG-SA-D1-N4-R70-30-MU-G20,Barley Glucan,Succinic anhydride modification,D1,N4,0.7,0.3,Unspecified,2,,,,,,,
BG-SA-D1-N4-R50-50-MH-G01,Barley Glucan,Succinic anhydride modification,D1,N4,0.5,0.5,High,0.1,,,,,,,
BG-SA-D1-N4-R50-50-MH-G08,Barley Glucan,Succinic anhydride modification,D1,N4,0.5,0.5,High,0.8,,,,,,,
BG-SA-D1-N4-R50-50-MH-G20,Barley Glucan,Succinic anhydride modification,D1,N4,0.5,0.5,High,2,,,,,,,
BG-SA-D1-N4-R50-50-MM-G01,Barley Glucan,Succinic anhydride modification,D1,N4,0.5,0.5,Medium,0.1,,,,,,,
BG-SA-D1-N4-R50-50-MM-G08,Barley Glucan,Succinic anhydride modification,D1,N4,0.5,0.5,Medium,0.8,,,,,,,
BG-SA-D1-N4-R50-50-MM-G20,Barley Glucan,Succinic anhydride modification,D1,N4,0.5,0.5,Medium,2,,,,,,,
BG-SA-D1-N4-R50-50-ML-G01,Barley Glucan,Succinic anhydride modification,D1,N4,0.5,0.5,Low,0.1,,,,,,,
BG-SA-D1-N4-R50-50-ML-G08,Barley Glucan,Succinic anhydride modification,D1,N4,0.5,0.5,Low,0.8,,,,,,,
BG-SA-D1-N4-R50-50-ML-G20,Barley Glucan,Succinic anhydride modification,D1,N4,0.5,0.5,Low,2,,,,,,,
BG-SA-D1-N4-R50-50-MU-G01,Barley Glucan,Succinic anhydride modification,D1,N4,0.5,0.5,Unspecified,0.1,,,,,,,
BG-SA-D1-N4-R50-50-MU-G08,Barley Glucan,Succinic anhydride modification,D1,N4,0.5,0.5,Unspecified,0.8,,,,,,,
BG-SA-D1-N4-R50-50-MU-G20,Barley Glucan,Succinic anhydride modification,D1,N4,0.5,0.5,Unspecified,2,,,,,,,
BG-SA-D1-N5-R90-10-MH-G01,Barley Glucan,Succinic anhydride modification,D1,N5,0.9,0.1,High,0.1,,,,,,,
BG-SA-D1-N5-R90-10-MH-G08,Barley Glucan,Succinic anhydride modification,D1,N5,0.9,0.1,High,0.8,,,,,,,
BG-SA-D1-N5-R90-10-MH-G20,Barley Glucan,Succinic anhydride modification,D1,N5,0.9,0.1,High,2,,,,,,,
BG-SA-D1-N5-R90-10-MM-G01,Barley Glucan,Succinic anhydride modification,D1,N5,0.9,0.1,Medium,0.1,,,,,,,
BG-SA-D1-N5-R90-10-MM-G08,Barley Glucan,Succinic anhydride modification,D1,N5,0.9,0.1,Medium,0.8,,,,,,,
BG-SA-D1-N5-R90-10-MM-G20,Barley Glucan,Succinic anhydride modification,D1,N5,0.9,0.1,Medium,2,,,,,,,
BG-SA-D1-N5-R90-10-ML-G01,Barley Glucan,Succinic anhydride modification,D1,N5,0.9,0.1,Low,0.1,,,,,,,
BG-SA-D1-N5-R90-10-ML-G08,Barley Glucan,Succinic anhydride modification,D1,N5,0.9,0.1,Low,0.8,,,,,,,
BG-SA-D1-N5-R90-10-ML-G20,Barley Glucan,Succinic anhydride modification,D1,N5,0.9,0.1,Low,2,,,,,,,
BG-SA-D1-N5-R90-10-MU-G01,Barley Glucan,Succinic anhydride modification,D1,N5,0.9,0.1,Unspecified,0.1,,,,,,,
BG-SA-D1-N5-R90-10-MU-G08,Barley Glucan,Succinic anhydride modification,D1,N5,0.9,0.1,Unspecified,0.8,,,,,,,
BG-SA-D1-N5-R90-10-MU-G20,Barley Glucan,Succinic anhydride modification,D1,N5,0.9,0.1,Unspecified,2,,,,,,,
BG-SA-D1-N5-R70-30-MH-G01,Barley Glucan,Succinic anhydride modification,D1,N5,0.7,0.3,High,0.1,,,,,,,
BG-SA-D1-N5-R70-30-MH-G08,Barley Glucan,Succinic anhydride modification,D1,N5,0.7,0.3,High,0.8,,,,,,,
BG-SA-D1-N5-R70-30-MH-G20,Barley Glucan,Succinic anhydride modification,D1,N5,0.7,0.3,High,2,,,,,,,
BG-SA-D1-N5-R70-30-MM-G01,Barley Glucan,Succinic anhydride modification,D1,N5,0.7,0.3,Medium,0.1,,,,,,,
BG-SA-D1-N5-R70-30-MM-G08,Barley Glucan,Succinic anhydride modification,D1,N5,0.7,0.3,Medium,0.8,,,,,,,
BG-SA-D1-N5-R70-30-MM-G20,Barley Glucan,Succinic anhydride modification,D1,N5,0.7,0.3,Medium,2,,,,,,,
BG-SA-D1-N5-R70-30-ML-G01,Barley Glucan,Succinic anhydride modification,D1,N5,0.7,0.3,Low,0.1,,,,,,,
BG-SA-D1-N5-R70-30-ML-G08,Barley Glucan,Succinic anhydride modification,D1,N5,0.7,0.3,Low,0.8,,,,,,,
BG-SA-D1-N5-R70-30-ML-G20,Barley Glucan,Succinic anhydride modification,D1,N5,0.7,0.3,Low,2,,,,,,,
BG-SA-D1-N5-R70-30-MU-G01,Barley Glucan,Succinic anhydride modification,D1,N5,0.7,0.3,Unspecified,0.1,,,,,,,
BG-SA-D1-N5-R70-30-MU-G08,Barley Glucan,Succinic anhydride modification,D1,N5,0.7,0.3,Unspecified,0.8,,,,,,,
BG-SA-D1-N5-R70-30-MU-G20,Barley Glucan,Succinic anhydride modification,D1,N5,0.7,0.3,Unspecified,2,,,,,,,
BG-SA-D1-N5-R50-50-MH-G01,Barley Glucan,Succinic anhydride modification,D1,N5,0.5,0.5,High,0.1,,,,,,,
BG-SA-D1-N5-R50-50-MH-G08,Barley Glucan,Succinic anhydride modification,D1,N5,0.5,0.5,High,0.8,,,,,,,
BG-SA-D1-N5-R50-50-MH-G20,Barley Glucan,Succinic anhydride modification,D1,N5,0.5,0.5,High,2,,,,,,,
BG-SA-D1-N5-R50-50-MM-G01,Barley Glucan,Succinic anhydride modification,D1,N5,0.5,0.5,Medium,0.1,,,,,,,
BG-SA-D1-N5-R50-50-MM-G08,Barley Glucan,Succinic anhydride modification,D1,N5,0.5,0.5,Medium,0.8,,,,,,,
BG-SA-D1-N5-R50-50-MM-G20,Barley Glucan,Succinic anhydride modification,D1,N5,0.5,0.5,Medium,2,,,,,,,
BG-SA-D1-N5-R50-50-ML-G01,Barley Glucan,Succinic anhydride modification,D1,N5,0.5,0.5,Low,0.1,,,,,,,
BG-SA-D1-N5-R50-50-ML-G08,Barley Glucan,Succinic anhydride modification,D1,N5,0.5,0.5,Low,0.8,,,,,,,
BG-SA-D1-N5-R50-50-ML-G20,Barley Glucan,Succinic anhydride modification,D1,N5,0.5,0.5,Low,2,,,,,,,
BG-SA-D1-N5-R50-50-MU-G01,Barley Glucan,Succinic anhydride modification,D1,N5,0.5,0.5,Unspecified,0.1,,,,,,,
BG-SA-D1-N5-R50-50-MU-G08,Barley Glucan,Succinic anhydride modification,D1,N5,0.5,0.5,Unspecified,0.8,,,,,,,
BG-SA-D1-N5-R50-50-MU-G20,Barley Glucan,Succinic anhydride modification,D1,N5,0.5,0.5,Unspecified,2,,,,,,,
BG-SA-D1-N6-R90-10-MH-G01,Barley Glucan,Succinic anhydride modification,D1,N6,0.9,0.1,High,0.1,,,,,,,
BG-SA-D1-N6-R90-10-MH-G08,Barley Glucan,Succinic anhydride modification,D1,N6,0.9,0.1,High,0.8,,,,,,,
BG-SA-D1-N6-R90-10-MH-G20,Barley Glucan,Succinic anhydride modification,D1,N6,0.9,0.1,High,2,,,,,,,
BG-SA-D1-N6-R90-10-MM-G01,Barley Glucan,Succinic anhydride modification,D1,N6,0.9,0.1,Medium,0.1,,,,,,,
BG-SA-D1-N6-R90-10-MM-G08,Barley Glucan,Succinic anhydride modification,D1,N6,0.9,0.1,Medium,0.8,,,,,,,
BG-SA-D1-N6-R90-10-MM-G20,Barley Glucan,Succinic anhydride modification,D1,N6,0.9,0.1,Medium,2,,,,,,,
BG-SA-D1-N6-R90-10-ML-G01,Barley Glucan,Succinic anhydride modification,D1,N6,0.9,0.1,Low,0.1,,,,,,,
BG-SA-D1-N6-R90-10-ML-G08,Barley Glucan,Succinic anhydride modification,D1,N6,0.9,0.1,Low,0.8,,,,,,,
BG-SA-D1-N6-R90-10-ML-G20,Barley Glucan,Succinic anhydride modification,D1,N6,0.9,0.1,Low,2,,,,,,,
BG-SA-D1-N6-R90-10-MU-G01,Barley Glucan,Succinic anhydride modification,D1,N6,0.9,0.1,Unspecified,0.1,,,,,,,
BG-SA-D1-N6-R90-10-MU-G08,Barley Glucan,Succinic anhydride modification,D1,N6,0.9,0.1,Unspecified,0.8,,,,,,,
BG-SA-D1-N6-R90-10-MU-G20,Barley Glucan,Succinic anhydride modification,D1,N6,0.9,0.1,Unspecified,2,,,,,,,
BG-SA-D1-N6-R70-30-MH-G01,Barley Glucan,Succinic anhydride modification,D1,N6,0.7,0.3,High,0.1,,,,,,,
BG-SA-D1-N6-R70-30-MH-G08,Barley Glucan,Succinic anhydride modification,D1,N6,0.7,0.3,High,0.8,,,,,,,
BG-SA-D1-N6-R70-30-MH-G20,Barley Glucan,Succinic anhydride modification,D1,N6,0.7,0.3,High,2,,,,,,,
BG-SA-D1-N6-R70-30-MM-G01,Barley Glucan,Succinic anhydride modification,D1,N6,0.7,0.3,Medium,0.1,,,,,,,
BG-SA-D1-N6-R70-30-MM-G08,Barley Glucan,Succinic anhydride modification,D1,N6,0.7,0.3,Medium,0.8,,,,,,,
BG-SA-D1-N6-R70-30-MM-G20,Barley Glucan,Succinic anhydride modification,D1,N6,0.7,0.3,Medium,2,,,,,,,
BG-SA-D1-N6-R70-30-ML-G01,Barley Glucan,Succinic anhydride modification,D1,N6,0.7,0.3,Low,0.1,,,,,,,
BG-SA-D1-N6-R70-30-ML-G08,Barley Glucan,Succinic anhydride modification,D1,N6,0.7,0.3,Low,0.8,,,,,,,
BG-SA-D1-N6-R70-30-ML-G20,Barley Glucan,Succinic anhydride modification,D1,N6,0.7,0.3,Low,2,,,,,,,
BG-SA-D1-N6-R70-30-MU-G01,Barley Glucan,Succinic anhydride modification,D1,N6,0.7,0.3,Unspecified,0.1,,,,,,,
BG-SA-D1-N6-R70-30-MU-G08,Barley Glucan,Succinic anhydride modification,D1,N6,0.7,0.3,Unspecified,0.8,,,,,,,
BG-SA-D1-N6-R70-30-MU-G20,Barley Glucan,Succinic anhydride modification,D1,N6,0.7,0.3,Unspecified,2,,,,,,,
BG-SA-D1-N6-R50-50-MH-G01,Barley Glucan,Succinic anhydride modification,D1,N6,0.5,0.5,High,0.1,,,,,,,
BG-SA-D1-N6-R50-50-MH-G08,Barley Glucan,Succinic anhydride modification,D1,N6,0.5,0.5,High,0.8,,,,,,,
BG-SA-D1-N6-R50-50-MH-G20,Barley Glucan,Succinic anhydride modification,D1,N6,0.5,0.5,High,2,,,,,,,
BG-SA-D1-N6-R50-50-MM-G01,Barley Glucan,Succinic anhydride modification,D1,N6,0.5,0.5,Medium,0.1,,,,,,,
BG-SA-D1-N6-R50-50-MM-G08,Barley Glucan,Succinic anhydride modification,D1,N6,0.5,0.5,Medium,0.8,,,,,,,
BG-SA-D1-N6-R50-50-MM-G20,Barley Glucan,Succinic anhydride modification,D1,N6,0.5,0.5,Medium,2,,,,,,,
BG-SA-D1-N6-R50-50-ML-G01,Barley Glucan,Succinic anhydride modification,D1,N6,0.5,0.5,Low,0.1,,,,,,,
BG-SA-D1-N6-R50-50-ML-G08,Barley Glucan,Succinic anhydride modification,D1,N6,0.5,0.5,Low,0.8,,,,,,,
BG-SA-D1-N6-R50-50-ML-G20,Barley Glucan,Succinic anhydride modification,D1,N6,0.5,0.5,Low,2,,,,,,,
BG-SA-D1-N6-R50-50-MU-G01,Barley Glucan,Succinic anhydride modification,D1,N6,0.5,0.5,Unspecified,0.1,,,,,,,
BG-SA-D1-N6-R50-50-MU-G08,Barley Glucan,Succinic anhydride modification,D1,N6,0.5,0.5,Unspecified,0.8,,,,,,,
BG-SA-D1-N6-R50-50-MU-G20,Barley Glucan,Succinic anhydride modification,D1,N6,0.5,0.5,Unspecified,2,,,,,,,
BG-SA-D2-N1-R90-10-MH-G01,Barley Glucan,Succinic anhydride modification,D2,N1,0.9,0.1,High,0.1,,,,,,,
BG-SA-D2-N1-R90-10-MH-G08,Barley Glucan,Succinic anhydride modification,D2,N1,0.9,0.1,High,0.8,,,,,,,
BG-SA-D2-N1-R90-10-MH-G20,Barley Glucan,Succinic anhydride modification,D2,N1,0.9,0.1,High,2,,,,,,,
BG-SA-D2-N1-R90-10-MM-G01,Barley Glucan,Succinic anhydride modification,D2,N1,0.9,0.1,Medium,0.1,,,,,,,
BG-SA-D2-N1-R90-10-MM-G08,Barley Glucan,Succinic anhydride modification,D2,N1,0.9,0.1,Medium,0.8,,,,,,,
BG-SA-D2-N1-R90-10-MM-G20,Barley Glucan,Succinic anhydride modification,D2,N1,0.9,0.1,Medium,2,,,,,,,
BG-SA-D2-N1-R90-10-ML-G01,Barley Glucan,Succinic anhydride modification,D2,N1,0.9,0.1,Low,0.1,,,,,,,
BG-SA-D2-N1-R90-10-ML-G08,Barley Glucan,Succinic anhydride modification,D2,N1,0.9,0.1,Low,0.8,,,,,,,
BG-SA-D2-N1-R90-10-ML-G20,Barley Glucan,Succinic anhydride modification,D2,N1,0.9,0.1,Low,2,,,,,,,
BG-SA-D2-N1-R90-10-MU-G01,Barley Glucan,Succinic anhydride modification,D2,N1,0.9,0.1,Unspecified,0.1,,,,,,,
BG-SA-D2-N1-R90-10-MU-G08,Barley Glucan,Succinic anhydride modification,D2,N1,0.9,0.1,Unspecified,0.8,,,,,,,
BG-SA-D2-N1-R90-10-MU-G20,Barley Glucan,Succinic anhydride modification,D2,N1,0.9,0.1,Unspecified,2,,,,,,,
BG-SA-D2-N1-R70-30-MH-G01,Barley Glucan,Succinic anhydride modification,D2,N1,0.7,0.3,High,0.1,,,,,,,
BG-SA-D2-N1-R70-30-MH-G08,Barley Glucan,Succinic anhydride modification,D2,N1,0.7,0.3,High,0.8,,,,,,,
BG-SA-D2-N1-R70-30-MH-G20,Barley Glucan,Succinic anhydride modification,D2,N1,0.7,0.3,High,2,,,,,,,
BG-SA-D2-N1-R70-30-MM-G01,Barley Glucan,Succinic anhydride modification,D2,N1,0.7,0.3,Medium,0.1,,,,,,,
BG-SA-D2-N1-R70-30-MM-G08,Barley Glucan,Succinic anhydride modification,D2,N1,0.7,0.3,Medium,0.8,,,,,,,
BG-SA-D2-N1-R70-30-MM-G20,Barley Glucan,Succinic anhydride modification,D2,N1,0.7,0.3,Medium,2,,,,,,,
BG-SA-D2-N1-R70-30-ML-G01,Barley Glucan,Succinic anhydride modification,D2,N1,0.7,0.3,Low,0.1,,,,,,,
BG-SA-D2-N1-R70-30-ML-G08,Barley Glucan,Succinic anhydride modification,D2,N1,0.7,0.3,Low,0.8,,,,,,,
BG-SA-D2-N1-R70-30-ML-G20,Barley Glucan,Succinic anhydride modification,D2,N1,0.7,0.3,Low,2,,,,,,,
BG-SA-D2-N1-R70-30-MU-G01,Barley Glucan,Succinic anhydride modification,D2,N1,0.7,0.3,Unspecified,0.1,,,,,,,
BG-SA-D2-N1-R70-30-MU-G08,Barley Glucan,Succinic anhydride modification,D2,N1,0.7,0.3,Unspecified,0.8,,,,,,,
BG-SA-D2-N1-R70-30-MU-G20,Barley Glucan,Succinic anhydride modification,D2,N1,0.7,0.3,Unspecified,2,,,,,,,
BG-SA-D2-N1-R50-50-MH-G01,Barley Glucan,Succinic anhydride modification,D2,N1,0.5,0.5,High,0.1,,,,,,,
BG-SA-D2-N1-R50-50-MH-G08,Barley Glucan,Succinic anhydride modification,D2,N1,0.5,0.5,High,0.8,,,,,,,
BG-SA-D2-N1-R50-50-MH-G20,Barley Glucan,Succinic anhydride modification,D2,N1,0.5,0.5,High,2,,,,,,,
BG-SA-D2-N1-R50-50-MM-G01,Barley Glucan,Succinic anhydride modification,D2,N1,0.5,0.5,Medium,0.1,,,,,,,
BG-SA-D2-N1-R50-50-MM-G08,Barley Glucan,Succinic anhydride modification,D2,N1,0.5,0.5,Medium,0.8,,,,,,,
BG-SA-D2-N1-R50-50-MM-G20,Barley Glucan,Succinic anhydride modification,D2,N1,0.5,0.5,Medium,2,,,,,,,
BG-SA-D2-N1-R50-50-ML-G01,Barley Glucan,Succinic anhydride modification,D2,N1,0.5,0.5,Low,0.1,,,,,,,
BG-SA-D2-N1-R50-50-ML-G08,Barley Glucan,Succinic anhydride modification,D2,N1,0.5,0.5,Low,0.8,,,,,,,
BG-SA-D2-N1-R50-50-ML-G20,Barley Glucan,Succinic anhydride modification,D2,N1,0.5,0.5,Low,2,,,,,,,
BG-SA-D2-N1-R50-50-MU-G01,Barley Glucan,Succinic anhydride modification,D2,N1,0.5,0.5,Unspecified,0.1,,,,,,,
BG-SA-D2-N1-R50-50-MU-G08,Barley Glucan,Succinic anhydride modification,D2,N1,0.5,0.5,Unspecified,0.8,,,,,,,
BG-SA-D2-N1-R50-50-MU-G20,Barley Glucan,Succinic anhydride modification,D2,N1,0.5,0.5,Unspecified,2,,,,,,,
BG-SA-D2-N2-R90-10-MH-G01,Barley Glucan,Succinic anhydride modification,D2,N2,0.9,0.1,High,0.1,,,,,,,
BG-SA-D2-N2-R90-10-MH-G08,Barley Glucan,Succinic anhydride modification,D2,N2,0.9,0.1,High,0.8,,,,,,,
BG-SA-D2-N2-R90-10-MH-G20,Barley Glucan,Succinic anhydride modification,D2,N2,0.9,0.1,High,2,,,,,,,
BG-SA-D2-N2-R90-10-MM-G01,Barley Glucan,Succinic anhydride modification,D2,N2,0.9,0.1,Medium,0.1,,,,,,,
BG-SA-D2-N2-R90-10-MM-G08,Barley Glucan,Succinic anhydride modification,D2,N2,0.9,0.1,Medium,0.8,,,,,,,
BG-SA-D2-N2-R90-10-MM-G20,Barley Glucan,Succinic anhydride modification,D2,N2,0.9,0.1,Medium,2,,,,,,,
BG-SA-D2-N2-R90-10-ML-G01,Barley Glucan,Succinic anhydride modification,D2,N2,0.9,0.1,Low,0.1,,,,,,,
BG-SA-D2-N2-R90-10-ML-G08,Barley Glucan,Succinic anhydride modification,D2,N2,0.9,0.1,Low,0.8,,,,,,,
BG-SA-D2-N2-R90-10-ML-G20,Barley Glucan,Succinic anhydride modification,D2,N2,0.9,0.1,Low,2,,,,,,,
BG-SA-D2-N2-R90-10-MU-G01,Barley Glucan,Succinic anhydride modification,D2,N2,0.9,0.1,Unspecified,0.1,,,,,,,
BG-SA-D2-N2-R90-10-MU-G08,Barley Glucan,Succinic anhydride modification,D2,N2,0.9,0.1,Unspecified,0.8,,,,,,,
BG-SA-D2-N2-R90-10-MU-G20,Barley Glucan,Succinic anhydride modification,D2,N2,0.9,0.1,Unspecified,2,,,,,,,
BG-SA-D2-N2-R70-30-MH-G01,Barley Glucan,Succinic anhydride modification,D2,N2,0.7,0.3,High,0.1,,,,,,,
BG-SA-D2-N2-R70-30-MH-G08,Barley Glucan,Succinic anhydride modification,D2,N2,0.7,0.3,High,0.8,,,,,,,
BG-SA-D2-N2-R70-30-MH-G20,Barley Glucan,Succinic anhydride modification,D2,N2,0.7,0.3,High,2,,,,,,,
BG-SA-D2-N2-R70-30-MM-G01,Barley Glucan,Succinic anhydride modification,D2,N2,0.7,0.3,Medium,0.1,,,,,,,
BG-SA-D2-N2-R70-30-MM-G08,Barley Glucan,Succinic anhydride modification,D2,N2,0.7,0.3,Medium,0.8,,,,,,,
BG-SA-D2-N2-R70-30-MM-G20,Barley Glucan,Succinic anhydride modification,D2,N2,0.7,0.3,Medium,2,,,,,,,
BG-SA-D2-N2-R70-30-ML-G01,Barley Glucan,Succinic anhydride modification,D2,N2,0.7,0.3,Low,0.1,,,,,,,
BG-SA-D2-N2-R70-30-ML-G08,Barley Glucan,Succinic anhydride modification,D2,N2,0.7,0.3,Low,0.8,,,,,,,
BG-SA-D2-N2-R70-30-ML-G20,Barley Glucan,Succinic anhydride modification,D2,N2,0.7,0.3,Low,2,,,,,,,
BG-SA-D2-N2-R70-30-MU-G01,Barley Glucan,Succinic anhydride modification,D2,N2,0.7,0.3,Unspecified,0.1,,,,,,,
BG-SA-D2-N2-R70-30-MU-G08,Barley Glucan,Succinic anhydride modification,D2,N2,0.7,0.3,Unspecified,0.8,,,,,,,
BG-SA-D2-N2-R70-30-MU-G20,Barley Glucan,Succinic anhydride modification,D2,N2,0.7,0.3,Unspecified,2,,,,,,,
BG-SA-D2-N2-R50-50-MH-G01,Barley Glucan,Succinic anhydride modification,D2,N2,0.5,0.5,High,0.1,,,,,,,
BG-SA-D2-N2-R50-50-MH-G08,Barley Glucan,Succinic anhydride modification,D2,N2,0.5,0.5,High,0.8,,,,,,,
BG-SA-D2-N2-R50-50-MH-G20,Barley Glucan,Succinic anhydride modification,D2,N2,0.5,0.5,High,2,,,,,,,
BG-SA-D2-N2-R50-50-MM-G01,Barley Glucan,Succinic anhydride modification,D2,N2,0.5,0.5,Medium,0.1,,,,,,,
BG-SA-D2-N2-R50-50-MM-G08,Barley Glucan,Succinic anhydride modification,D2,N2,0.5,0.5,Medium,0.8,,,,,,,
BG-SA-D2-N2-R50-50-MM-G20,Barley Glucan,Succinic anhydride modification,D2,N2,0.5,0.5,Medium,2,,,,,,,
BG-SA-D2-N2-R50-50-ML-G01,Barley Glucan,Succinic anhydride modification,D2,N2,0.5,0.5,Low,0.1,,,,,,,
BG-SA-D2-N2-R50-50-ML-G08,Barley Glucan,Succinic anhydride modification,D2,N2,0.5,0.5,Low,0.8,,,,,,,
BG-SA-D2-N2-R50-50-ML-G20,Barley Glucan,Succinic anhydride modification,D2,N2,0.5,0.5,Low,2,,,,,,,
BG-SA-D2-N2-R50-50-MU-G01,Barley Glucan,Succinic anhydride modification,D2,N2,0.5,0.5,Unspecified,0.1,,,,,,,
BG-SA-D2-N2-R50-50-MU-G08,Barley Glucan,Succinic anhydride modification,D2,N2,0.5,0.5,Unspecified,0.8,,,,,,,
BG-SA-D2-N2-R50-50-MU-G20,Barley Glucan,Succinic anhydride modification,D2,N2,0.5,0.5,Unspecified,2,,,,,,,
BG-SA-D2-N3-R90-10-MH-G01,Barley Glucan,Succinic anhydride modification,D2,N3,0.9,0.1,High,0.1,,,,,,,
BG-SA-D2-N3-R90-10-MH-G08,Barley Glucan,Succinic anhydride modification,D2,N3,0.9,0.1,High,0.8,,,,,,,
BG-SA-D2-N3-R90-10-MH-G20,Barley Glucan,Succinic anhydride modification,D2,N3,0.9,0.1,High,2,,,,,,,
BG-SA-D2-N3-R90-10-MM-G01,Barley Glucan,Succinic anhydride modification,D2,N3,0.9,0.1,Medium,0.1,,,,,,,
BG-SA-D2-N3-R90-10-MM-G08,Barley Glucan,Succinic anhydride modification,D2,N3,0.9,0.1,Medium,0.8,,,,,,,
BG-SA-D2-N3-R90-10-MM-G20,Barley Glucan,Succinic anhydride modification,D2,N3,0.9,0.1,Medium,2,,,,,,,
BG-SA-D2-N3-R90-10-ML-G01,Barley Glucan,Succinic anhydride modification,D2,N3,0.9,0.1,Low,0.1,,,,,,,
BG-SA-D2-N3-R90-10-ML-G08,Barley Glucan,Succinic anhydride modification,D2,N3,0.9,0.1,Low,0.8,,,,,,,
BG-SA-D2-N3-R90-10-ML-G20,Barley Glucan,Succinic anhydride modification,D2,N3,0.9,0.1,Low,2,,,,,,,
BG-SA-D2-N3-R90-10-MU-G01,Barley Glucan,Succinic anhydride modification,D2,N3,0.9,0.1,Unspecified,0.1,,,,,,,
BG-SA-D2-N3-R90-10-MU-G08,Barley Glucan,Succinic anhydride modification,D2,N3,0.9,0.1,Unspecified,0.8,,,,,,,
BG-SA-D2-N3-R90-10-MU-G20,Barley Glucan,Succinic anhydride modification,D2,N3,0.9,0.1,Unspecified,2,,,,,,,
BG-SA-D2-N3-R70-30-MH-G01,Barley Glucan,Succinic anhydride modification,D2,N3,0.7,0.3,High,0.1,,,,,,,
BG-SA-D2-N3-R70-30-MH-G08,Barley Glucan,Succinic anhydride modification,D2,N3,0.7,0.3,High,0.8,,,,,,,
BG-SA-D2-N3-R70-30-MH-G20,Barley Glucan,Succinic anhydride modification,D2,N3,0.7,0.3,High,2,,,,,,,
BG-SA-D2-N3-R70-30-MM-G01,Barley Glucan,Succinic anhydride modification,D2,N3,0.7,0.3,Medium,0.1,,,,,,,
BG-SA-D2-N3-R70-30-MM-G08,Barley Glucan,Succinic anhydride modification,D2,N3,0.7,0.3,Medium,0.8,,,,,,,
BG-SA-D2-N3-R70-30-MM-G20,Barley Glucan,Succinic anhydride modification,D2,N3,0.7,0.3,Medium,2,,,,,,,
BG-SA-D2-N3-R70-30-ML-G01,Barley Glucan,Succinic anhydride modification,D2,N3,0.7,0.3,Low,0.1,,,,,,,
BG-SA-D2-N3-R70-30-ML-G08,Barley Glucan,Succinic anhydride modification,D2,N3,0.7,0.3,Low,0.8,,,,,,,
BG-SA-D2-N3-R70-30-ML-G20,Barley Glucan,Succinic anhydride modification,D2,N3,0.7,0.3,Low,2,,,,,,,
BG-SA-D2-N3-R70-30-MU-G01,Barley Glucan,Succinic anhydride modification,D2,N3,0.7,0.3,Unspecified,0.1,,,,,,,
BG-SA-D2-N3-R70-30-MU-G08,Barley Glucan,Succinic anhydride modification,D2,N3,0.7,0.3,Unspecified,0.8,,,,,,,
BG-SA-D2-N3-R70-30-MU-G20,Barley Glucan,Succinic anhydride modification,D2,N3,0.7,0.3,Unspecified,2,,,,,,,
BG-SA-D2-N3-R50-50-MH-G01,Barley Glucan,Succinic anhydride modification,D2,N3,0.5,0.5,High,0.1,,,,,,,
BG-SA-D2-N3-R50-50-MH-G08,Barley Glucan,Succinic anhydride modification,D2,N3,0.5,0.5,High,0.8,,,,,,,
BG-SA-D2-N3-R50-50-MH-G20,Barley Glucan,Succinic anhydride modification,D2,N3,0.5,0.5,High,2,,,,,,,
BG-SA-D2-N3-R50-50-MM-G01,Barley Glucan,Succinic anhydride modification,D2,N3,0.5,0.5,Medium,0.1,,,,,,,
BG-SA-D2-N3-R50-50-MM-G08,Barley Glucan,Succinic anhydride modification,D2,N3,0.5,0.5,Medium,0.8,,,,,,,
BG-SA-D2-N3-R50-50-MM-G20,Barley Glucan,Succinic anhydride modification,D2,N3,0.5,0.5,Medium,2,,,,,,,
BG-SA-D2-N3-R50-50-ML-G01,Barley Glucan,Succinic anhydride modification,D2,N3,0.5,0.5,Low,0.1,,,,,,,
BG-SA-D2-N3-R50-50-ML-G08,Barley Glucan,Succinic anhydride modification,D2,N3,0.5,0.5,Low,0.8,,,,,,,
BG-SA-D2-N3-R50-50-ML-G20,Barley Glucan,Succinic anhydride modification,D2,N3,0.5,0.5,Low,2,,,,,,,
BG-SA-D2-N3-R50-50-MU-G01,Barley Glucan,Succinic anhydride modification,D2,N3,0.5,0.5,Unspecified,0.1,,,,,,,
BG-SA-D2-N3-R50-50-MU-G08,Barley Glucan,Succinic anhydride modification,D2,N3,0.5,0.5,Unspecified,0.8,,,,,,,
BG-SA-D2-N3-R50-50-MU-G20,Barley Glucan,Succinic anhydride modification,D2,N3,0.5,0.5,Unspecified,2,,,,,,,
BG-SA-D2-N4-R90-10-MH-G01,Barley Glucan,Succinic anhydride modification,D2,N4,0.9,0.1,High,0.1,,,,,,,
BG-SA-D2-N4-R90-10-MH-G08,Barley Glucan,Succinic anhydride modification,D2,N4,0.9,0.1,High,0.8,,,,,,,
BG-SA-D2-N4-R90-10-MH-G20,Barley Glucan,Succinic anhydride modification,D2,N4,0.9,0.1,High,2,,,,,,,
BG-SA-D2-N4-R90-10-MM-G01,Barley Glucan,Succinic anhydride modification,D2,N4,0.9,0.1,Medium,0.1,,,,,,,
BG-SA-D2-N4-R90-10-MM-G08,Barley Glucan,Succinic anhydride modification,D2,N4,0.9,0.1,Medium,0.8,,,,,,,
BG-SA-D2-N4-R90-10-MM-G20,Barley Glucan,Succinic anhydride modification,D2,N4,0.9,0.1,Medium,2,,,,,,,
BG-SA-D2-N4-R90-10-ML-G01,Barley Glucan,Succinic anhydride modification,D2,N4,0.9,0.1,Low,0.1,,,,,,,
BG-SA-D2-N4-R90-10-ML-G08,Barley Glucan,Succinic anhydride modification,D2,N4,0.9,0.1,Low,0.8,,,,,,,
BG-SA-D2-N4-R90-10-ML-G20,Barley Glucan,Succinic anhydride modification,D2,N4,0.9,0.1,Low,2,,,,,,,
BG-SA-D2-N4-R90-10-MU-G01,Barley Glucan,Succinic anhydride modification,D2,N4,0.9,0.1,Unspecified,0.1,,,,,,,
BG-SA-D2-N4-R90-10-MU-G08,Barley Glucan,Succinic anhydride modification,D2,N4,0.9,0.1,Unspecified,0.8,,,,,,,
BG-SA-D2-N4-R90-10-MU-G20,Barley Glucan,Succinic anhydride modification,D2,N4,0.9,0.1,Unspecified,2,,,,,,,
BG-SA-D2-N4-R70-30-MH-G01,Barley Glucan,Succinic anhydride modification,D2,N4,0.7,0.3,High,0.1,,,,,,,
BG-SA-D2-N4-R70-30-MH-G08,Barley Glucan,Succinic anhydride modification,D2,N4,0.7,0.3,High,0.8,,,,,,,
BG-SA-D2-N4-R70-30-MH-G20,Barley Glucan,Succinic anhydride modification,D2,N4,0.7,0.3,High,2,,,,,,,
BG-SA-D2-N4-R70-30-MM-G01,Barley Glucan,Succinic anhydride modification,D2,N4,0.7,0.3,Medium,0.1,,,,,,,
BG-SA-D2-N4-R70-30-MM-G08,Barley Glucan,Succinic anhydride modification,D2,N4,0.7,0.3,Medium,0.8,,,,,,,
BG-SA-D2-N4-R70-30-MM-G20,Barley Glucan,Succinic anhydride modification,D2,N4,0.7,0.3,Medium,2,,,,,,,
BG-SA-D2-N4-R70-30-ML-G01,Barley Glucan,Succinic anhydride modification,D2,N4,0.7,0.3,Low,0.1,,,,,,,
BG-SA-D2-N4-R70-30-ML-G08,Barley Glucan,Succinic anhydride modification,D2,N4,0.7,0.3,Low,0.8,,,,,,,
BG-SA-D2-N4-R70-30-ML-G20,Barley Glucan,Succinic anhydride modification,D2,N4,0.7,0.3,Low,2,,,,,,,
BG-SA-D2-N4-R70-30-MU-G01,Barley Glucan,Succinic anhydride modification,D2,N4,0.7,0.3,Unspecified,0.1,,,,,,,
BG-SA-D2-N4-R70-30-MU-G08,Barley Glucan,Succinic anhydride modification,D2,N4,0.7,0.3,Unspecified,0.8,,,,,,,
BG-SA-D2-N4-R70-30-MU-G20,Barley Glucan,Succinic anhydride modification,D2,N4,0.7,0.3,Unspecified,2,,,,,,,
BG-SA-D2-N4-R50-50-MH-G01,Barley Glucan,Succinic anhydride modification,D2,N4,0.5,0.5,High,0.1,,,,,,,
BG-SA-D2-N4-R50-50-MH-G08,Barley Glucan,Succinic anhydride modification,D2,N4,0.5,0.5,High,0.8,,,,,,,
BG-SA-D2-N4-R50-50-MH-G20,Barley Glucan,Succinic anhydride modification,D2,N4,0.5,0.5,High,2,,,,,,,
BG-SA-D2-N4-R50-50-MM-G01,Barley Glucan,Succinic anhydride modification,D2,N4,0.5,0.5,Medium,0.1,,,,,,,
BG-SA-D2-N4-R50-50-MM-G08,Barley Glucan,Succinic anhydride modification,D2,N4,0.5,0.5,Medium,0.8,,,,,,,
BG-SA-D2-N4-R50-50-MM-G20,Barley Glucan,Succinic anhydride modification,D2,N4,0.5,0.5,Medium,2,,,,,,,
BG-SA-D2-N4-R50-50-ML-G01,Barley Glucan,Succinic anhydride modification,D2,N4,0.5,0.5,Low,0.1,,,,,,,
BG-SA-D2-N4-R50-50-ML-G08,Barley Glucan,Succinic anhydride modification,D2,N4,0.5,0.5,Low,0.8,,,,,,,
BG-SA-D2-N4-R50-50-ML-G20,Barley Glucan,Succinic anhydride modification,D2,N4,0.5,0.5,Low,2,,,,,,,
BG-SA-D2-N4-R50-50-MU-G01,Barley Glucan,Succinic anhydride modification,D2,N4,0.5,0.5,Unspecified,0.1,,,,,,,
BG-SA-D2-N4-R50-50-MU-G08,Barley Glucan,Succinic anhydride modification,D2,N4,0.5,0.5,Unspecified,0.8,,,,,,,
BG-SA-D2-N4-R50-50-MU-G20,Barley Glucan,Succinic anhydride modification,D2,N4,0.5,0.5,Unspecified,2,,,,,,,
BG-SA-D2-N5-R90-10-MH-G01,Barley Glucan,Succinic anhydride modification,D2,N5,0.9,0.1,High,0.1,,,,,,,
BG-SA-D2-N5-R90-10-MH-G08,Barley Glucan,Succinic anhydride modification,D2,N5,0.9,0.1,High,0.8,,,,,,,
BG-SA-D2-N5-R90-10-MH-G20,Barley Glucan,Succinic anhydride modification,D2,N5,0.9,0.1,High,2,,,,,,,
BG-SA-D2-N5-R90-10-MM-G01,Barley Glucan,Succinic anhydride modification,D2,N5,0.9,0.1,Medium,0.1,,,,,,,
BG-SA-D2-N5-R90-10-MM-G08,Barley Glucan,Succinic anhydride modification,D2,N5,0.9,0.1,Medium,0.8,,,,,,,
BG-SA-D2-N5-R90-10-MM-G20,Barley Glucan,Succinic anhydride modification,D2,N5,0.9,0.1,Medium,2,,,,,,,
BG-SA-D2-N5-R90-10-ML-G01,Barley Glucan,Succinic anhydride modification,D2,N5,0.9,0.1,Low,0.1,,,,,,,
BG-SA-D2-N5-R90-10-ML-G08,Barley Glucan,Succinic anhydride modification,D2,N5,0.9,0.1,Low,0.8,,,,,,,
BG-SA-D2-N5-R90-10-ML-G20,Barley Glucan,Succinic anhydride modification,D2,N5,0.9,0.1,Low,2,,,,,,,
BG-SA-D2-N5-R90-10-MU-G01,Barley Glucan,Succinic anhydride modification,D2,N5,0.9,0.1,Unspecified,0.1,,,,,,,
BG-SA-D2-N5-R90-10-MU-G08,Barley Glucan,Succinic anhydride modification,D2,N5,0.9,0.1,Unspecified,0.8,,,,,,,
BG-SA-D2-N5-R90-10-MU-G20,Barley Glucan,Succinic anhydride modification,D2,N5,0.9,0.1,Unspecified,2,,,,,,,
BG-SA-D2-N5-R70-30-MH-G01,Barley Glucan,Succinic anhydride modification,D2,N5,0.7,0.3,High,0.1,,,,,,,
BG-SA-D2-N5-R70-30-MH-G08,Barley Glucan,Succinic anhydride modification,D2,N5,0.7,0.3,High,0.8,,,,,,,
BG-SA-D2-N5-R70-30-MH-G20,Barley Glucan,Succinic anhydride modification,D2,N5,0.7,0.3,High,2,,,,,,,
BG-SA-D2-N5-R70-30-MM-G01,Barley Glucan,Succinic anhydride modification,D2,N5,0.7,0.3,Medium,0.1,,,,,,,
BG-SA-D2-N5-R70-30-MM-G08,Barley Glucan,Succinic anhydride modification,D2,N5,0.7,0.3,Medium,0.8,,,,,,,
BG-SA-D2-N5-R70-30-MM-G20,Barley Glucan,Succinic anhydride modification,D2,N5,0.7,0.3,Medium,2,,,,,,,
BG-SA-D2-N5-R70-30-ML-G01,Barley Glucan,Succinic anhydride modification,D2,N5,0.7,0.3,Low,0.1,,,,,,,
BG-SA-D2-N5-R70-30-ML-G08,Barley Glucan,Succinic anhydride modification,D2,N5,0.7,0.3,Low,0.8,,,,,,,
BG-SA-D2-N5-R70-30-ML-G20,Barley Glucan,Succinic anhydride modification,D2,N5,0.7,0.3,Low,2,,,,,,,
BG-SA-D2-N5-R70-30-MU-G01,Barley Glucan,Succinic anhydride modification,D2,N5,0.7,0.3,Unspecified,0.1,,,,,,,
BG-SA-D2-N5-R70-30-MU-G08,Barley Glucan,Succinic anhydride modification,D2,N5,0.7,0.3,Unspecified,0.8,,,,,,,
BG-SA-D2-N5-R70-30-MU-G20,Barley Glucan,Succinic anhydride modification,D2,N5,0.7,0.3,Unspecified,2,,,,,,,
BG-SA-D2-N5-R50-50-MH-G01,Barley Glucan,Succinic anhydride modification,D2,N5,0.5,0.5,High,0.1,,,,,,,
BG-SA-D2-N5-R50-50-MH-G08,Barley Glucan,Succinic anhydride modification,D2,N5,0.5,0.5,High,0.8,,,,,,,
BG-SA-D2-N5-R50-50-MH-G20,Barley Glucan,Succinic anhydride modification,D2,N5,0.5,0.5,High,2,,,,,,,
BG-SA-D2-N5-R50-50-MM-G01,Barley Glucan,Succinic anhydride modification,D2,N5,0.5,0.5,Medium,0.1,,,,,,,
BG-SA-D2-N5-R50-50-MM-G08,Barley Glucan,Succinic anhydride modification,D2,N5,0.5,0.5,Medium,0.8,,,,,,,
BG-SA-D2-N5-R50-50-MM-G20,Barley Glucan,Succinic anhydride modification,D2,N5,0.5,0.5,Medium,2,,,,,,,
BG-SA-D2-N5-R50-50-ML-G01,Barley Glucan,Succinic anhydride modification,D2,N5,0.5,0.5,Low,0.1,,,,,,,
BG-SA-D2-N5-R50-50-ML-G08,Barley Glucan,Succinic anhydride modification,D2,N5,0.5,0.5,Low,0.8,,,,,,,
BG-SA-D2-N5-R50-50-ML-G20,Barley Glucan,Succinic anhydride modification,D2,N5,0.5,0.5,Low,2,,,,,,,
BG-SA-D2-N5-R50-50-MU-G01,Barley Glucan,Succinic anhydride modification,D2,N5,0.5,0.5,Unspecified,0.1,,,,,,,
BG-SA-D2-N5-R50-50-MU-G08,Barley Glucan,Succinic anhydride modification,D2,N5,0.5,0.5,Unspecified,0.8,,,,,,,
BG-SA-D2-N5-R50-50-MU-G20,Barley Glucan,Succinic anhydride modification,D2,N5,0.5,0.5,Unspecified,2,,,,,,,
BG-SA-D2-N6-R90-10-MH-G01,Barley Glucan,Succinic anhydride modification,D2,N6,0.9,0.1,High,0.1,,,,,,,
BG-SA-D2-N6-R90-10-MH-G08,Barley Glucan,Succinic anhydride modification,D2,N6,0.9,0.1,High,0.8,,,,,,,
BG-SA-D2-N6-R90-10-MH-G20,Barley Glucan,Succinic anhydride modification,D2,N6,0.9,0.1,High,2,,,,,,,
BG-SA-D2-N6-R90-10-MM-G01,Barley Glucan,Succinic anhydride modification,D2,N6,0.9,0.1,Medium,0.1,,,,,,,
BG-SA-D2-N6-R90-10-MM-G08,Barley Glucan,Succinic anhydride modification,D2,N6,0.9,0.1,Medium,0.8,,,,,,,
BG-SA-D2-N6-R90-10-MM-G20,Barley Glucan,Succinic anhydride modification,D2,N6,0.9,0.1,Medium,2,,,,,,,
BG-SA-D2-N6-R90-10-ML-G01,Barley Glucan,Succinic anhydride modification,D2,N6,0.9,0.1,Low,0.1,,,,,,,
BG-SA-D2-N6-R90-10-ML-G08,Barley Glucan,Succinic anhydride modification,D2,N6,0.9,0.1,Low,0.8,,,,,,,
BG-SA-D2-N6-R90-10-ML-G20,Barley Glucan,Succinic anhydride modification,D2,N6,0.9,0.1,Low,2,,,,,,,
BG-SA-D2-N6-R90-10-MU-G01,Barley Glucan,Succinic anhydride modification,D2,N6,0.9,0.1,Unspecified,0.1,,,,,,,
BG-SA-D2-N6-R90-10-MU-G08,Barley Glucan,Succinic anhydride modification,D2,N6,0.9,0.1,Unspecified,0.8,,,,,,,
BG-SA-D2-N6-R90-10-MU-G20,Barley Glucan,Succinic anhydride modification,D2,N6,0.9,0.1,Unspecified,2,,,,,,,
BG-SA-D2-N6-R70-30-MH-G01,Barley Glucan,Succinic anhydride modification,D2,N6,0.7,0.3,High,0.1,,,,,,,
BG-SA-D2-N6-R70-30-MH-G08,Barley Glucan,Succinic anhydride modification,D2,N6,0.7,0.3,High,0.8,,,,,,,
BG-SA-D2-N6-R70-30-MH-G20,Barley Glucan,Succinic anhydride modification,D2,N6,0.7,0.3,High,2,,,,,,,
BG-SA-D2-N6-R70-30-MM-G01,Barley Glucan,Succinic anhydride modification,D2,N6,0.7,0.3,Medium,0.1,,,,,,,
BG-SA-D2-N6-R70-30-MM-G08,Barley Glucan,Succinic anhydride modification,D2,N6,0.7,0.3,Medium,0.8,,,,,,,
BG-SA-D2-N6-R70-30-MM-G20,Barley Glucan,Succinic anhydride modification,D2,N6,0.7,0.3,Medium,2,,,,,,,
BG-SA-D2-N6-R70-30-ML-G01,Barley Glucan,Succinic anhydride modification,D2,N6,0.7,0.3,Low,0.1,,,,,,,
BG-SA-D2-N6-R70-30-ML-G08,Barley Glucan,Succinic anhydride modification,D2,N6,0.7,0.3,Low,0.8,,,,,,,
BG-SA-D2-N6-R70-30-ML-G20,Barley Glucan,Succinic anhydride modification,D2,N6,0.7,0.3,Low,2,,,,,,,
BG-SA-D2-N6-R70-30-MU-G01,Barley Glucan,Succinic anhydride modification,D2,N6,0.7,0.3,Unspecified,0.1,,,,,,,
BG-SA-D2-N6-R70-30-MU-G08,Barley Glucan,Succinic anhydride modification,D2,N6,0.7,0.3,Unspecified,0.8,,,,,,,
BG-SA-D2-N6-R70-30-MU-G20,Barley Glucan,Succinic anhydride modification,D2,N6,0.7,0.3,Unspecified,2,,,,,,,
BG-SA-D2-N6-R50-50-MH-G01,Barley Glucan,Succinic anhydride modification,D2,N6,0.5,0.5,High,0.1,,,,,,,
BG-SA-D2-N6-R50-50-MH-G08,Barley Glucan,Succinic anhydride modification,D2,N6,0.5,0.5,High,0.8,,,,,,,
BG-SA-D2-N6-R50-50-MH-G20,Barley Glucan,Succinic anhydride modification,D2,N6,0.5,0.5,High,2,,,,,,,
BG-SA-D2-N6-R50-50-MM-G01,Barley Glucan,Succinic anhydride modification,D2,N6,0.5,0.5,Medium,0.1,,,,,,,
BG-SA-D2-N6-R50-50-MM-G08,Barley Glucan,Succinic anhydride modification,D2,N6,0.5,0.5,Medium,0.8,,,,,,,
BG-SA-D2-N6-R50-50-MM-G20,Barley Glucan,Succinic anhydride modification,D2,N6,0.5,0.5,Medium,2,,,,,,,
BG-SA-D2-N6-R50-50-ML-G01,Barley Glucan,Succinic anhydride modification,D2,N6,0.5,0.5,Low,0.1,,,,,,,
BG-SA-D2-N6-R50-50-ML-G08,Barley Glucan,Succinic anhydride modification,D2,N6,0.5,0.5,Low,0.8,,,,,,,
BG-SA-D2-N6-R50-50-ML-G20,Barley Glucan,Succinic anhydride modification,D2,N6,0.5,0.5,Low,2,,,,,,,
BG-SA-D2-N6-R50-50-MU-G01,Barley Glucan,Succinic anhydride modification,D2,N6,0.5,0.5,Unspecified,0.1,,,,,,,
BG-SA-D2-N6-R50-50-MU-G08,Barley Glucan,Succinic anhydride modification,D2,N6,0.5,0.5,Unspecified,0.8,,,,,,,
BG-SA-D2-N6-R50-50-MU-G20,Barley Glucan,Succinic anhydride modification,D2,N6,0.5,0.5,Unspecified,2,,,,,,,
BG-SA-D3-N1-R90-10-MH-G01,Barley Glucan,Succinic anhydride modification,D3,N1,0.9,0.1,High,0.1,,,,,,,
BG-SA-D3-N1-R90-10-MH-G08,Barley Glucan,Succinic anhydride modification,D3,N1,0.9,0.1,High,0.8,,,,,,,
BG-SA-D3-N1-R90-10-MH-G20,Barley Glucan,Succinic anhydride modification,D3,N1,0.9,0.1,High,2,,,,,,,
BG-SA-D3-N1-R90-10-MM-G01,Barley Glucan,Succinic anhydride modification,D3,N1,0.9,0.1,Medium,0.1,,,,,,,
BG-SA-D3-N1-R90-10-MM-G08,Barley Glucan,Succinic anhydride modification,D3,N1,0.9,0.1,Medium,0.8,,,,,,,
BG-SA-D3-N1-R90-10-MM-G20,Barley Glucan,Succinic anhydride modification,D3,N1,0.9,0.1,Medium,2,,,,,,,
BG-SA-D3-N1-R90-10-ML-G01,Barley Glucan,Succinic anhydride modification,D3,N1,0.9,0.1,Low,0.1,,,,,,,
BG-SA-D3-N1-R90-10-ML-G08,Barley Glucan,Succinic anhydride modification,D3,N1,0.9,0.1,Low,0.8,,,,,,,
BG-SA-D3-N1-R90-10-ML-G20,Barley Glucan,Succinic anhydride modification,D3,N1,0.9,0.1,Low,2,,,,,,,
BG-SA-D3-N1-R90-10-MU-G01,Barley Glucan,Succinic anhydride modification,D3,N1,0.9,0.1,Unspecified,0.1,,,,,,,
BG-SA-D3-N1-R90-10-MU-G08,Barley Glucan,Succinic anhydride modification,D3,N1,0.9,0.1,Unspecified,0.8,,,,,,,
BG-SA-D3-N1-R90-10-MU-G20,Barley Glucan,Succinic anhydride modification,D3,N1,0.9,0.1,Unspecified,2,,,,,,,
BG-SA-D3-N1-R70-30-MH-G01,Barley Glucan,Succinic anhydride modification,D3,N1,0.7,0.3,High,0.1,,,,,,,
BG-SA-D3-N1-R70-30-MH-G08,Barley Glucan,Succinic anhydride modification,D3,N1,0.7,0.3,High,0.8,,,,,,,
BG-SA-D3-N1-R70-30-MH-G20,Barley Glucan,Succinic anhydride modification,D3,N1,0.7,0.3,High,2,,,,,,,
BG-SA-D3-N1-R70-30-MM-G01,Barley Glucan,Succinic anhydride modification,D3,N1,0.7,0.3,Medium,0.1,,,,,,,
BG-SA-D3-N1-R70-30-MM-G08,Barley Glucan,Succinic anhydride modification,D3,N1,0.7,0.3,Medium,0.8,,,,,,,
BG-SA-D3-N1-R70-30-MM-G20,Barley Glucan,Succinic anhydride modification,D3,N1,0.7,0.3,Medium,2,,,,,,,
BG-SA-D3-N1-R70-30-ML-G01,Barley Glucan,Succinic anhydride modification,D3,N1,0.7,0.3,Low,0.1,,,,,,,
BG-SA-D3-N1-R70-30-ML-G08,Barley Glucan,Succinic anhydride modification,D3,N1,0.7,0.3,Low,0.8,,,,,,,
BG-SA-D3-N1-R70-30-ML-G20,Barley Glucan,Succinic anhydride modification,D3,N1,0.7,0.3,Low,2,,,,,,,
BG-SA-D3-N1-R70-30-MU-G01,Barley Glucan,Succinic anhydride modification,D3,N1,0.7,0.3,Unspecified,0.1,,,,,,,
BG-SA-D3-N1-R70-30-MU-G08,Barley Glucan,Succinic anhydride modification,D3,N1,0.7,0.3,Unspecified,0.8,,,,,,,
BG-SA-D3-N1-R70-30-MU-G20,Barley Glucan,Succinic anhydride modification,D3,N1,0.7,0.3,Unspecified,2,,,,,,,
BG-SA-D3-N1-R50-50-MH-G01,Barley Glucan,Succinic anhydride modification,D3,N1,0.5,0.5,High,0.1,,,,,,,
BG-SA-D3-N1-R50-50-MH-G08,Barley Glucan,Succinic anhydride modification,D3,N1,0.5,0.5,High,0.8,,,,,,,
BG-SA-D3-N1-R50-50-MH-G20,Barley Glucan,Succinic anhydride modification,D3,N1,0.5,0.5,High,2,,,,,,,
BG-SA-D3-N1-R50-50-MM-G01,Barley Glucan,Succinic anhydride modification,D3,N1,0.5,0.5,Medium,0.1,,,,,,,
BG-SA-D3-N1-R50-50-MM-G08,Barley Glucan,Succinic anhydride modification,D3,N1,0.5,0.5,Medium,0.8,,,,,,,
BG-SA-D3-N1-R50-50-MM-G20,Barley Glucan,Succinic anhydride modification,D3,N1,0.5,0.5,Medium,2,,,,,,,
BG-SA-D3-N1-R50-50-ML-G01,Barley Glucan,Succinic anhydride modification,D3,N1,0.5,0.5,Low,0.1,,,,,,,
BG-SA-D3-N1-R50-50-ML-G08,Barley Glucan,Succinic anhydride modification,D3,N1,0.5,0.5,Low,0.8,,,,,,,
BG-SA-D3-N1-R50-50-ML-G20,Barley Glucan,Succinic anhydride modification,D3,N1,0.5,0.5,Low,2,,,,,,,
BG-SA-D3-N1-R50-50-MU-G01,Barley Glucan,Succinic anhydride modification,D3,N1,0.5,0.5,Unspecified,0.1,,,,,,,
BG-SA-D3-N1-R50-50-MU-G08,Barley Glucan,Succinic anhydride modification,D3,N1,0.5,0.5,Unspecified,0.8,,,,,,,
BG-SA-D3-N1-R50-50-MU-G20,Barley Glucan,Succinic anhydride modification,D3,N1,0.5,0.5,Unspecified,2,,,,,,,
BG-SA-D3-N2-R90-10-MH-G01,Barley Glucan,Succinic anhydride modification,D3,N2,0.9,0.1,High,0.1,,,,,,,
BG-SA-D3-N2-R90-10-MH-G08,Barley Glucan,Succinic anhydride modification,D3,N2,0.9,0.1,High,0.8,,,,,,,
BG-SA-D3-N2-R90-10-MH-G20,Barley Glucan,Succinic anhydride modification,D3,N2,0.9,0.1,High,2,,,,,,,
BG-SA-D3-N2-R90-10-MM-G01,Barley Glucan,Succinic anhydride modification,D3,N2,0.9,0.1,Medium,0.1,,,,,,,
BG-SA-D3-N2-R90-10-MM-G08,Barley Glucan,Succinic anhydride modification,D3,N2,0.9,0.1,Medium,0.8,,,,,,,
BG-SA-D3-N2-R90-10-MM-G20,Barley Glucan,Succinic anhydride modification,D3,N2,0.9,0.1,Medium,2,,,,,,,
BG-SA-D3-N2-R90-10-ML-G01,Barley Glucan,Succinic anhydride modification,D3,N2,0.9,0.1,Low,0.1,,,,,,,
BG-SA-D3-N2-R90-10-ML-G08,Barley Glucan,Succinic anhydride modification,D3,N2,0.9,0.1,Low,0.8,,,,,,,
BG-SA-D3-N2-R90-10-ML-G20,Barley Glucan,Succinic anhydride modification,D3,N2,0.9,0.1,Low,2,,,,,,,
BG-SA-D3-N2-R90-10-MU-G01,Barley Glucan,Succinic anhydride modification,D3,N2,0.9,0.1,Unspecified,0.1,,,,,,,
BG-SA-D3-N2-R90-10-MU-G08,Barley Glucan,Succinic anhydride modification,D3,N2,0.9,0.1,Unspecified,0.8,,,,,,,
BG-SA-D3-N2-R90-10-MU-G20,Barley Glucan,Succinic anhydride modification,D3,N2,0.9,0.1,Unspecified,2,,,,,,,
BG-SA-D3-N2-R70-30-MH-G01,Barley Glucan,Succinic anhydride modification,D3,N2,0.7,0.3,High,0.1,,,,,,,
BG-SA-D3-N2-R70-30-MH-G08,Barley Glucan,Succinic anhydride modification,D3,N2,0.7,0.3,High,0.8,,,,,,,
BG-SA-D3-N2-R70-30-MH-G20,Barley Glucan,Succinic anhydride modification,D3,N2,0.7,0.3,High,2,,,,,,,
BG-SA-D3-N2-R70-30-MM-G01,Barley Glucan,Succinic anhydride modification,D3,N2,0.7,0.3,Medium,0.1,,,,,,,
BG-SA-D3-N2-R70-30-MM-G08,Barley Glucan,Succinic anhydride modification,D3,N2,0.7,0.3,Medium,0.8,,,,,,,
BG-SA-D3-N2-R70-30-MM-G20,Barley Glucan,Succinic anhydride modification,D3,N2,0.7,0.3,Medium,2,,,,,,,
BG-SA-D3-N2-R70-30-ML-G01,Barley Glucan,Succinic anhydride modification,D3,N2,0.7,0.3,Low,0.1,,,,,,,
BG-SA-D3-N2-R70-30-ML-G08,Barley Glucan,Succinic anhydride modification,D3,N2,0.7,0.3,Low,0.8,,,,,,,
BG-SA-D3-N2-R70-30-ML-G20,Barley Glucan,Succinic anhydride modification,D3,N2,0.7,0.3,Low,2,,,,,,,
BG-SA-D3-N2-R70-30-MU-G01,Barley Glucan,Succinic anhydride modification,D3,N2,0.7,0.3,Unspecified,0.1,,,,,,,
BG-SA-D3-N2-R70-30-MU-G08,Barley Glucan,Succinic anhydride modification,D3,N2,0.7,0.3,Unspecified,0.8,,,,,,,
BG-SA-D3-N2-R70-30-MU-G20,Barley Glucan,Succinic anhydride modification,D3,N2,0.7,0.3,Unspecified,2,,,,,,,
BG-SA-D3-N2-R50-50-MH-G01,Barley Glucan,Succinic anhydride modification,D3,N2,0.5,0.5,High,0.1,,,,,,,
BG-SA-D3-N2-R50-50-MH-G08,Barley Glucan,Succinic anhydride modification,D3,N2,0.5,0.5,High,0.8,,,,,,,
BG-SA-D3-N2-R50-50-MH-G20,Barley Glucan,Succinic anhydride modification,D3,N2,0.5,0.5,High,2,,,,,,,
BG-SA-D3-N2-R50-50-MM-G01,Barley Glucan,Succinic anhydride modification,D3,N2,0.5,0.5,Medium,0.1,,,,,,,
BG-SA-D3-N2-R50-50-MM-G08,Barley Glucan,Succinic anhydride modification,D3,N2,0.5,0.5,Medium,0.8,,,,,,,
BG-SA-D3-N2-R50-50-MM-G20,Barley Glucan,Succinic anhydride modification,D3,N2,0.5,0.5,Medium,2,,,,,,,
BG-SA-D3-N2-R50-50-ML-G01,Barley Glucan,Succinic anhydride modification,D3,N2,0.5,0.5,Low,0.1,,,,,,,
BG-SA-D3-N2-R50-50-ML-G08,Barley Glucan,Succinic anhydride modification,D3,N2,0.5,0.5,Low,0.8,,,,,,,
BG-SA-D3-N2-R50-50-ML-G20,Barley Glucan,Succinic anhydride modification,D3,N2,0.5,0.5,Low,2,,,,,,,
BG-SA-D3-N2-R50-50-MU-G01,Barley Glucan,Succinic anhydride modification,D3,N2,0.5,0.5,Unspecified,0.1,,,,,,,
BG-SA-D3-N2-R50-50-MU-G08,Barley Glucan,Succinic anhydride modification,D3,N2,0.5,0.5,Unspecified,0.8,,,,,,,
BG-SA-D3-N2-R50-50-MU-G20,Barley Glucan,Succinic anhydride modification,D3,N2,0.5,0.5,Unspecified,2,,,,,,,
BG-SA-D3-N3-R90-10-MH-G01,Barley Glucan,Succinic anhydride modification,D3,N3,0.9,0.1,High,0.1,,,,,,,
BG-SA-D3-N3-R90-10-MH-G08,Barley Glucan,Succinic anhydride modification,D3,N3,0.9,0.1,High,0.8,,,,,,,
BG-SA-D3-N3-R90-10-MH-G20,Barley Glucan,Succinic anhydride modification,D3,N3,0.9,0.1,High,2,,,,,,,
BG-SA-D3-N3-R90-10-MM-G01,Barley Glucan,Succinic anhydride modification,D3,N3,0.9,0.1,Medium,0.1,,,,,,,
BG-SA-D3-N3-R90-10-MM-G08,Barley Glucan,Succinic anhydride modification,D3,N3,0.9,0.1,Medium,0.8,,,,,,,
BG-SA-D3-N3-R90-10-MM-G20,Barley Glucan,Succinic anhydride modification,D3,N3,0.9,0.1,Medium,2,,,,,,,
BG-SA-D3-N3-R90-10-ML-G01,Barley Glucan,Succinic anhydride modification,D3,N3,0.9,0.1,Low,0.1,,,,,,,
BG-SA-D3-N3-R90-10-ML-G08,Barley Glucan,Succinic anhydride modification,D3,N3,0.9,0.1,Low,0.8,,,,,,,
BG-SA-D3-N3-R90-10-ML-G20,Barley Glucan,Succinic anhydride modification,D3,N3,0.9,0.1,Low,2,,,,,,,
BG-SA-D3-N3-R90-10-MU-G01,Barley Glucan,Succinic anhydride modification,D3,N3,0.9,0.1,Unspecified,0.1,,,,,,,
BG-SA-D3-N3-R90-10-MU-G08,Barley Glucan,Succinic anhydride modification,D3,N3,0.9,0.1,Unspecified,0.8,,,,,,,
BG-SA-D3-N3-R90-10-MU-G20,Barley Glucan,Succinic anhydride modification,D3,N3,0.9,0.1,Unspecified,2,,,,,,,
BG-SA-D3-N3-R70-30-MH-G01,Barley Glucan,Succinic anhydride modification,D3,N3,0.7,0.3,High,0.1,,,,,,,
BG-SA-D3-N3-R70-30-MH-G08,Barley Glucan,Succinic anhydride modification,D3,N3,0.7,0.3,High,0.8,,,,,,,
BG-SA-D3-N3-R70-30-MH-G20,Barley Glucan,Succinic anhydride modification,D3,N3,0.7,0.3,High,2,,,,,,,
BG-SA-D3-N3-R70-30-MM-G01,Barley Glucan,Succinic anhydride modification,D3,N3,0.7,0.3,Medium,0.1,,,,,,,
BG-SA-D3-N3-R70-30-MM-G08,Barley Glucan,Succinic anhydride modification,D3,N3,0.7,0.3,Medium,0.8,,,,,,,
BG-SA-D3-N3-R70-30-MM-G20,Barley Glucan,Succinic anhydride modification,D3,N3,0.7,0.3,Medium,2,,,,,,,
BG-SA-D3-N3-R70-30-ML-G01,Barley Glucan,Succinic anhydride modification,D3,N3,0.7,0.3,Low,0.1,,,,,,,
BG-SA-D3-N3-R70-30-ML-G08,Barley Glucan,Succinic anhydride modification,D3,N3,0.7,0.3,Low,0.8,,,,,,,
BG-SA-D3-N3-R70-30-ML-G20,Barley Glucan,Succinic anhydride modification,D3,N3,0.7,0.3,Low,2,,,,,,,
BG-SA-D3-N3-R70-30-MU-G01,Barley Glucan,Succinic anhydride modification,D3,N3,0.7,0.3,Unspecified,0.1,,,,,,,
BG-SA-D3-N3-R70-30-MU-G08,Barley Glucan,Succinic anhydride modification,D3,N3,0.7,0.3,Unspecified,0.8,,,,,,,
BG-SA-D3-N3-R70-30-MU-G20,Barley Glucan,Succinic anhydride modification,D3,N3,0.7,0.3,Unspecified,2,,,,,,,
BG-SA-D3-N3-R50-50-MH-G01,Barley Glucan,Succinic anhydride modification,D3,N3,0.5,0.5,High,0.1,,,,,,,
BG-SA-D3-N3-R50-50-MH-G08,Barley Glucan,Succinic anhydride modification,D3,N3,0.5,0.5,High,0.8,,,,,,,
BG-SA-D3-N3-R50-50-MH-G20,Barley Glucan,Succinic anhydride modification,D3,N3,0.5,0.5,High,2,,,,,,,
BG-SA-D3-N3-R50-50-MM-G01,Barley Glucan,Succinic anhydride modification,D3,N3,0.5,0.5,Medium,0.1,,,,,,,
BG-SA-D3-N3-R50-50-MM-G08,Barley Glucan,Succinic anhydride modification,D3,N3,0.5,0.5,Medium,0.8,,,,,,,
BG-SA-D3-N3-R50-50-MM-G20,Barley Glucan,Succinic anhydride modification,D3,N3,0.5,0.5,Medium,2,,,,,,,
BG-SA-D3-N3-R50-50-ML-G01,Barley Glucan,Succinic anhydride modification,D3,N3,0.5,0.5,Low,0.1,,,,,,,
BG-SA-D3-N3-R50-50-ML-G08,Barley Glucan,Succinic anhydride modification,D3,N3,0.5,0.5,Low,0.8,,,,,,,
BG-SA-D3-N3-R50-50-ML-G20,Barley Glucan,Succinic anhydride modification,D3,N3,0.5,0.5,Low,2,,,,,,,
BG-SA-D3-N3-R50-50-MU-G01,Barley Glucan,Succinic anhydride modification,D3,N3,0.5,0.5,Unspecified,0.1,,,,,,,
BG-SA-D3-N3-R50-50-MU-G08,Barley Glucan,Succinic anhydride modification,D3,N3,0.5,0.5,Unspecified,0.8,,,,,,,
BG-SA-D3-N3-R50-50-MU-G20,Barley Glucan,Succinic anhydride modification,D3,N3,0.5,0.5,Unspecified,2,,,,,,,
BG-SA-D3-N4-R90-10-MH-G01,Barley Glucan,Succinic anhydride modification,D3,N4,0.9,0.1,High,0.1,,,,,,,
BG-SA-D3-N4-R90-10-MH-G08,Barley Glucan,Succinic anhydride modification,D3,N4,0.9,0.1,High,0.8,,,,,,,
BG-SA-D3-N4-R90-10-MH-G20,Barley Glucan,Succinic anhydride modification,D3,N4,0.9,0.1,High,2,,,,,,,
BG-SA-D3-N4-R90-10-MM-G01,Barley Glucan,Succinic anhydride modification,D3,N4,0.9,0.1,Medium,0.1,,,,,,,
BG-SA-D3-N4-R90-10-MM-G08,Barley Glucan,Succinic anhydride modification,D3,N4,0.9,0.1,Medium,0.8,,,,,,,
BG-SA-D3-N4-R90-10-MM-G20,Barley Glucan,Succinic anhydride modification,D3,N4,0.9,0.1,Medium,2,,,,,,,
BG-SA-D3-N4-R90-10-ML-G01,Barley Glucan,Succinic anhydride modification,D3,N4,0.9,0.1,Low,0.1,,,,,,,
BG-SA-D3-N4-R90-10-ML-G08,Barley Glucan,Succinic anhydride modification,D3,N4,0.9,0.1,Low,0.8,,,,,,,
BG-SA-D3-N4-R90-10-ML-G20,Barley Glucan,Succinic anhydride modification,D3,N4,0.9,0.1,Low,2,,,,,,,
BG-SA-D3-N4-R90-10-MU-G01,Barley Glucan,Succinic anhydride modification,D3,N4,0.9,0.1,Unspecified,0.1,,,,,,,
BG-SA-D3-N4-R90-10-MU-G08,Barley Glucan,Succinic anhydride modification,D3,N4,0.9,0.1,Unspecified,0.8,,,,,,,
BG-SA-D3-N4-R90-10-MU-G20,Barley Glucan,Succinic anhydride modification,D3,N4,0.9,0.1,Unspecified,2,,,,,,,
BG-SA-D3-N4-R70-30-MH-G01,Barley Glucan,Succinic anhydride modification,D3,N4,0.7,0.3,High,0.1,,,,,,,
BG-SA-D3-N4-R70-30-MH-G08,Barley Glucan,Succinic anhydride modification,D3,N4,0.7,0.3,High,0.8,,,,,,,
BG-SA-D3-N4-R70-30-MH-G20,Barley Glucan,Succinic anhydride modification,D3,N4,0.7,0.3,High,2,,,,,,,
BG-SA-D3-N4-R70-30-MM-G01,Barley Glucan,Succinic anhydride modification,D3,N4,0.7,0.3,Medium,0.1,,,,,,,
BG-SA-D3-N4-R70-30-MM-G08,Barley Glucan,Succinic anhydride modification,D3,N4,0.7,0.3,Medium,0.8,,,,,,,
BG-SA-D3-N4-R70-30-MM-G20,Barley Glucan,Succinic anhydride modification,D3,N4,0.7,0.3,Medium,2,,,,,,,
BG-SA-D3-N4-R70-30-ML-G01,Barley Glucan,Succinic anhydride modification,D3,N4,0.7,0.3,Low,0.1,,,,,,,
BG-SA-D3-N4-R70-30-ML-G08,Barley Glucan,Succinic anhydride modification,D3,N4,0.7,0.3,Low,0.8,,,,,,,
BG-SA-D3-N4-R70-30-ML-G20,Barley Glucan,Succinic anhydride modification,D3,N4,0.7,0.3,Low,2,,,,,,,
BG-SA-D3-N4-R70-30-MU-G01,Barley Glucan,Succinic anhydride modification,D3,N4,0.7,0.3,Unspecified,0.1,,,,,,,
BG-SA-D3-N4-R70-30-MU-G08,Barley Glucan,Succinic anhydride modification,D3,N4,0.7,0.3,Unspecified,0.8,,,,,,,
BG-SA-D3-N4-R70-30-MU-G20,Barley Glucan,Succinic anhydride modification,D3,N4,0.7,0.3,Unspecified,2,,,,,,,
BG-SA-D3-N4-R50-50-MH-G01,Barley Glucan,Succinic anhydride modification,D3,N4,0.5,0.5,High,0.1,,,,,,,
BG-SA-D3-N4-R50-50-MH-G08,Barley Glucan,Succinic anhydride modification,D3,N4,0.5,0.5,High,0.8,,,,,,,
BG-SA-D3-N4-R50-50-MH-G20,Barley Glucan,Succinic anhydride modification,D3,N4,0.5,0.5,High,2,,,,,,,
BG-SA-D3-N4-R50-50-MM-G01,Barley Glucan,Succinic anhydride modification,D3,N4,0.5,0.5,Medium,0.1,,,,,,,
BG-SA-D3-N4-R50-50-MM-G08,Barley Glucan,Succinic anhydride modification,D3,N4,0.5,0.5,Medium,0.8,,,,,,,
BG-SA-D3-N4-R50-50-MM-G20,Barley Glucan,Succinic anhydride modification,D3,N4,0.5,0.5,Medium,2,,,,,,,
BG-SA-D3-N4-R50-50-ML-G01,Barley Glucan,Succinic anhydride modification,D3,N4,0.5,0.5,Low,0.1,,,,,,,
BG-SA-D3-N4-R50-50-ML-G08,Barley Glucan,Succinic anhydride modification,D3,N4,0.5,0.5,Low,0.8,,,,,,,
BG-SA-D3-N4-R50-50-ML-G20,Barley Glucan,Succinic anhydride modification,D3,N4,0.5,0.5,Low,2,,,,,,,
BG-SA-D3-N4-R50-50-MU-G01,Barley Glucan,Succinic anhydride modification,D3,N4,0.5,0.5,Unspecified,0.1,,,,,,,
BG-SA-D3-N4-R50-50-MU-G08,Barley Glucan,Succinic anhydride modification,D3,N4,0.5,0.5,Unspecified,0.8,,,,,,,
BG-SA-D3-N4-R50-50-MU-G20,Barley Glucan,Succinic anhydride modification,D3,N4,0.5,0.5,Unspecified,2,,,,,,,
BG-SA-D3-N5-R90-10-MH-G01,Barley Glucan,Succinic anhydride modification,D3,N5,0.9,0.1,High,0.1,,,,,,,
BG-SA-D3-N5-R90-10-MH-G08,Barley Glucan,Succinic anhydride modification,D3,N5,0.9,0.1,High,0.8,,,,,,,
BG-SA-D3-N5-R90-10-MH-G20,Barley Glucan,Succinic anhydride modification,D3,N5,0.9,0.1,High,2,,,,,,,
BG-SA-D3-N5-R90-10-MM-G01,Barley Glucan,Succinic anhydride modification,D3,N5,0.9,0.1,Medium,0.1,,,,,,,
BG-SA-D3-N5-R90-10-MM-G08,Barley Glucan,Succinic anhydride modification,D3,N5,0.9,0.1,Medium,0.8,,,,,,,
BG-SA-D3-N5-R90-10-MM-G20,Barley Glucan,Succinic anhydride modification,D3,N5,0.9,0.1,Medium,2,,,,,,,
BG-SA-D3-N5-R90-10-ML-G01,Barley Glucan,Succinic anhydride modification,D3,N5,0.9,0.1,Low,0.1,,,,,,,
BG-SA-D3-N5-R90-10-ML-G08,Barley Glucan,Succinic anhydride modification,D3,N5,0.9,0.1,Low,0.8,,,,,,,
BG-SA-D3-N5-R90-10-ML-G20,Barley Glucan,Succinic anhydride modification,D3,N5,0.9,0.1,Low,2,,,,,,,
BG-SA-D3-N5-R90-10-MU-G01,Barley Glucan,Succinic anhydride modification,D3,N5,0.9,0.1,Unspecified,0.1,,,,,,,
BG-SA-D3-N5-R90-10-MU-G08,Barley Glucan,Succinic anhydride modification,D3,N5,0.9,0.1,Unspecified,0.8,,,,,,,
BG-SA-D3-N5-R90-10-MU-G20,Barley Glucan,Succinic anhydride modification,D3,N5,0.9,0.1,Unspecified,2,,,,,,,
BG-SA-D3-N5-R70-30-MH-G01,Barley Glucan,Succinic anhydride modification,D3,N5,0.7,0.3,High,0.1,,,,,,,
BG-SA-D3-N5-R70-30-MH-G08,Barley Glucan,Succinic anhydride modification,D3,N5,0.7,0.3,High,0.8,,,,,,,
BG-SA-D3-N5-R70-30-MH-G20,Barley Glucan,Succinic anhydride modification,D3,N5,0.7,0.3,High,2,,,,,,,
BG-SA-D3-N5-R70-30-MM-G01,Barley Glucan,Succinic anhydride modification,D3,N5,0.7,0.3,Medium,0.1,,,,,,,
BG-SA-D3-N5-R70-30-MM-G08,Barley Glucan,Succinic anhydride modification,D3,N5,0.7,0.3,Medium,0.8,,,,,,,
BG-SA-D3-N5-R70-30-MM-G20,Barley Glucan,Succinic anhydride modification,D3,N5,0.7,0.3,Medium,2,,,,,,,
BG-SA-D3-N5-R70-30-ML-G01,Barley Glucan,Succinic anhydride modification,D3,N5,0.7,0.3,Low,0.1,,,,,,,
BG-SA-D3-N5-R70-30-ML-G08,Barley Glucan,Succinic anhydride modification,D3,N5,0.7,0.3,Low,0.8,,,,,,,
BG-SA-D3-N5-R70-30-ML-G20,Barley Glucan,Succinic anhydride modification,D3,N5,0.7,0.3,Low,2,,,,,,,
BG-SA-D3-N5-R70-30-MU-G01,Barley Glucan,Succinic anhydride modification,D3,N5,0.7,0.3,Unspecified,0.1,,,,,,,
BG-SA-D3-N5-R70-30-MU-G08,Barley Glucan,Succinic anhydride modification,D3,N5,0.7,0.3,Unspecified,0.8,,,,,,,
BG-SA-D3-N5-R70-30-MU-G20,Barley Glucan,Succinic anhydride modification,D3,N5,0.7,0.3,Unspecified,2,,,,,,,
BG-SA-D3-N5-R50-50-MH-G01,Barley Glucan,Succinic anhydride modification,D3,N5,0.5,0.5,High,0.1,,,,,,,
BG-SA-D3-N5-R50-50-MH-G08,Barley Glucan,Succinic anhydride modification,D3,N5,0.5,0.5,High,0.8,,,,,,,
BG-SA-D3-N5-R50-50-MH-G20,Barley Glucan,Succinic anhydride modification,D3,N5,0.5,0.5,High,2,,,,,,,
BG-SA-D3-N5-R50-50-MM-G01,Barley Glucan,Succinic anhydride modification,D3,N5,0.5,0.5,Medium,0.1,,,,,,,
BG-SA-D3-N5-R50-50-MM-G08,Barley Glucan,Succinic anhydride modification,D3,N5,0.5,0.5,Medium,0.8,,,,,,,
BG-SA-D3-N5-R50-50-MM-G20,Barley Glucan,Succinic anhydride modification,D3,N5,0.5,0.5,Medium,2,,,,,,,
BG-SA-D3-N5-R50-50-ML-G01,Barley Glucan,Succinic anhydride modification,D3,N5,0.5,0.5,Low,0.1,,,,,,,
BG-SA-D3-N5-R50-50-ML-G08,Barley Glucan,Succinic anhydride modification,D3,N5,0.5,0.5,Low,0.8,,,,,,,
BG-SA-D3-N5-R50-50-ML-G20,Barley Glucan,Succinic anhydride modification,D3,N5,0.5,0.5,Low,2,,,,,,,
BG-SA-D3-N5-R50-50-MU-G01,Barley Glucan,Succinic anhydride modification,D3,N5,0.5,0.5,Unspecified,0.1,,,,,,,
BG-SA-D3-N5-R50-50-MU-G08,Barley Glucan,Succinic anhydride modification,D3,N5,0.5,0.5,Unspecified,0.8,,,,,,,
BG-SA-D3-N5-R50-50-MU-G20,Barley Glucan,Succinic anhydride modification,D3,N5,0.5,0.5,Unspecified,2,,,,,,,
BG-SA-D3-N6-R90-10-MH-G01,Barley Glucan,Succinic anhydride modification,D3,N6,0.9,0.1,High,0.1,,,,,,,
BG-SA-D3-N6-R90-10-MH-G08,Barley Glucan,Succinic anhydride modification,D3,N6,0.9,0.1,High,0.8,,,,,,,
BG-SA-D3-N6-R90-10-MH-G20,Barley Glucan,Succinic anhydride modification,D3,N6,0.9,0.1,High,2,,,,,,,
BG-SA-D3-N6-R90-10-MM-G01,Barley Glucan,Succinic anhydride modification,D3,N6,0.9,0.1,Medium,0.1,,,,,,,
BG-SA-D3-N6-R90-10-MM-G08,Barley Glucan,Succinic anhydride modification,D3,N6,0.9,0.1,Medium,0.8,,,,,,,
BG-SA-D3-N6-R90-10-MM-G20,Barley Glucan,Succinic anhydride modification,D3,N6,0.9,0.1,Medium,2,,,,,,,
BG-SA-D3-N6-R90-10-ML-G01,Barley Glucan,Succinic anhydride modification,D3,N6,0.9,0.1,Low,0.1,,,,,,,
BG-SA-D3-N6-R90-10-ML-G08,Barley Glucan,Succinic anhydride modification,D3,N6,0.9,0.1,Low,0.8,,,,,,,
BG-SA-D3-N6-R90-10-ML-G20,Barley Glucan,Succinic anhydride modification,D3,N6,0.9,0.1,Low,2,,,,,,,
BG-SA-D3-N6-R90-10-MU-G01,Barley Glucan,Succinic anhydride modification,D3,N6,0.9,0.1,Unspecified,0.1,,,,,,,
BG-SA-D3-N6-R90-10-MU-G08,Barley Glucan,Succinic anhydride modification,D3,N6,0.9,0.1,Unspecified,0.8,,,,,,,
BG-SA-D3-N6-R90-10-MU-G20,Barley Glucan,Succinic anhydride modification,D3,N6,0.9,0.1,Unspecified,2,,,,,,,
BG-SA-D3-N6-R70-30-MH-G01,Barley Glucan,Succinic anhydride modification,D3,N6,0.7,0.3,High,0.1,,,,,,,
BG-SA-D3-N6-R70-30-MH-G08,Barley Glucan,Succinic anhydride modification,D3,N6,0.7,0.3,High,0.8,,,,,,,
BG-SA-D3-N6-R70-30-MH-G20,Barley Glucan,Succinic anhydride modification,D3,N6,0.7,0.3,High,2,,,,,,,
BG-SA-D3-N6-R70-30-MM-G01,Barley Glucan,Succinic anhydride modification,D3,N6,0.7,0.3,Medium,0.1,,,,,,,
BG-SA-D3-N6-R70-30-MM-G08,Barley Glucan,Succinic anhydride modification,D3,N6,0.7,0.3,Medium,0.8,,,,,,,
BG-SA-D3-N6-R70-30-MM-G20,Barley Glucan,Succinic anhydride modification,D3,N6,0.7,0.3,Medium,2,,,,,,,
BG-SA-D3-N6-R70-30-ML-G01,Barley Glucan,Succinic anhydride modification,D3,N6,0.7,0.3,Low,0.1,,,,,,,
BG-SA-D3-N6-R70-30-ML-G08,Barley Glucan,Succinic anhydride modification,D3,N6,0.7,0.3,Low,0.8,,,,,,,
BG-SA-D3-N6-R70-30-ML-G20,Barley Glucan,Succinic anhydride modification,D3,N6,0.7,0.3,Low,2,,,,,,,
BG-SA-D3-N6-R70-30-MU-G01,Barley Glucan,Succinic anhydride modification,D3,N6,0.7,0.3,Unspecified,0.1,,,,,,,
BG-SA-D3-N6-R70-30-MU-G08,Barley Glucan,Succinic anhydride modification,D3,N6,0.7,0.3,Unspecified,0.8,,,,,,,
BG-SA-D3-N6-R70-30-MU-G20,Barley Glucan,Succinic anhydride modification,D3,N6,0.7,0.3,Unspecified,2,,,,,,,
BG-SA-D3-N6-R50-50-MH-G01,Barley Glucan,Succinic anhydride modification,D3,N6,0.5,0.5,High,0.1,,,,,,,
BG-SA-D3-N6-R50-50-MH-G08,Barley Glucan,Succinic anhydride modification,D3,N6,0.5,0.5,High,0.8,,,,,,,
BG-SA-D3-N6-R50-50-MH-G20,Barley Glucan,Succinic anhydride modification,D3,N6,0.5,0.5,High,2,,,,,,,
BG-SA-D3-N6-R50-50-MM-G01,Barley Glucan,Succinic anhydride modification,D3,N6,0.5,0.5,Medium,0.1,,,,,,,
BG-SA-D3-N6-R50-50-MM-G08,Barley Glucan,Succinic anhydride modification,D3,N6,0.5,0.5,Medium,0.8,,,,,,,
BG-SA-D3-N6-R50-50-MM-G20,Barley Glucan,Succinic anhydride modification,D3,N6,0.5,0.5,Medium,2,,,,,,,
BG-SA-D3-N6-R50-50-ML-G01,Barley Glucan,Succinic anhydride modification,D3,N6,0.5,0.5,Low,0.1,,,,,,,
BG-SA-D3-N6-R50-50-ML-G08,Barley Glucan,Succinic anhydride modification,D3,N6,0.5,0.5,Low,0.8,,,,,,,
BG-SA-D3-N6-R50-50-ML-G20,Barley Glucan,Succinic anhydride modification,D3,N6,0.5,0.5,Low,2,,,,,,,
BG-SA-D3-N6-R50-50-MU-G01,Barley Glucan,Succinic anhydride modification,D3,N6,0.5,0.5,Unspecified,0.1,,,,,,,
BG-SA-D3-N6-R50-50-MU-G08,Barley Glucan,Succinic anhydride modification,D3,N6,0.5,0.5,Unspecified,0.8,,,,,,,
BG-SA-D3-N6-R50-50-MU-G20,Barley Glucan,Succinic anhydride modification,D3,N6,0.5,0.5,Unspecified,2,,,,,,,
BG-SA-D4-N1-R90-10-MH-G01,Barley Glucan,Succinic anhydride modification,D4,N1,0.9,0.1,High,0.1,,,,,,,
BG-SA-D4-N1-R90-10-MH-G08,Barley Glucan,Succinic anhydride modification,D4,N1,0.9,0.1,High,0.8,,,,,,,
BG-SA-D4-N1-R90-10-MH-G20,Barley Glucan,Succinic anhydride modification,D4,N1,0.9,0.1,High,2,,,,,,,
BG-SA-D4-N1-R90-10-MM-G01,Barley Glucan,Succinic anhydride modification,D4,N1,0.9,0.1,Medium,0.1,,,,,,,
BG-SA-D4-N1-R90-10-MM-G08,Barley Glucan,Succinic anhydride modification,D4,N1,0.9,0.1,Medium,0.8,,,,,,,
BG-SA-D4-N1-R90-10-MM-G20,Barley Glucan,Succinic anhydride modification,D4,N1,0.9,0.1,Medium,2,,,,,,,
BG-SA-D4-N1-R90-10-ML-G01,Barley Glucan,Succinic anhydride modification,D4,N1,0.9,0.1,Low,0.1,,,,,,,
BG-SA-D4-N1-R90-10-ML-G08,Barley Glucan,Succinic anhydride modification,D4,N1,0.9,0.1,Low,0.8,,,,,,,
BG-SA-D4-N1-R90-10-ML-G20,Barley Glucan,Succinic anhydride modification,D4,N1,0.9,0.1,Low,2,,,,,,,
BG-SA-D4-N1-R90-10-MU-G01,Barley Glucan,Succinic anhydride modification,D4,N1,0.9,0.1,Unspecified,0.1,,,,,,,
BG-SA-D4-N1-R90-10-MU-G08,Barley Glucan,Succinic anhydride modification,D4,N1,0.9,0.1,Unspecified,0.8,,,,,,,
BG-SA-D4-N1-R90-10-MU-G20,Barley Glucan,Succinic anhydride modification,D4,N1,0.9,0.1,Unspecified,2,,,,,,,
BG-SA-D4-N1-R70-30-MH-G01,Barley Glucan,Succinic anhydride modification,D4,N1,0.7,0.3,High,0.1,,,,,,,
BG-SA-D4-N1-R70-30-MH-G08,Barley Glucan,Succinic anhydride modification,D4,N1,0.7,0.3,High,0.8,,,,,,,
BG-SA-D4-N1-R70-30-MH-G20,Barley Glucan,Succinic anhydride modification,D4,N1,0.7,0.3,High,2,,,,,,,
BG-SA-D4-N1-R70-30-MM-G01,Barley Glucan,Succinic anhydride modification,D4,N1,0.7,0.3,Medium,0.1,,,,,,,
BG-SA-D4-N1-R70-30-MM-G08,Barley Glucan,Succinic anhydride modification,D4,N1,0.7,0.3,Medium,0.8,,,,,,,
BG-SA-D4-N1-R70-30-MM-G20,Barley Glucan,Succinic anhydride modification,D4,N1,0.7,0.3,Medium,2,,,,,,,
BG-SA-D4-N1-R70-30-ML-G01,Barley Glucan,Succinic anhydride modification,D4,N1,0.7,0.3,Low,0.1,,,,,,,
BG-SA-D4-N1-R70-30-ML-G08,Barley Glucan,Succinic anhydride modification,D4,N1,0.7,0.3,Low,0.8,,,,,,,
BG-SA-D4-N1-R70-30-ML-G20,Barley Glucan,Succinic anhydride modification,D4,N1,0.7,0.3,Low,2,,,,,,,
BG-SA-D4-N1-R70-30-MU-G01,Barley Glucan,Succinic anhydride modification,D4,N1,0.7,0.3,Unspecified,0.1,,,,,,,
BG-SA-D4-N1-R70-30-MU-G08,Barley Glucan,Succinic anhydride modification,D4,N1,0.7,0.3,Unspecified,0.8,,,,,,,
BG-SA-D4-N1-R70-30-MU-G20,Barley Glucan,Succinic anhydride modification,D4,N1,0.7,0.3,Unspecified,2,,,,,,,
BG-SA-D4-N1-R50-50-MH-G01,Barley Glucan,Succinic anhydride modification,D4,N1,0.5,0.5,High,0.1,,,,,,,
BG-SA-D4-N1-R50-50-MH-G08,Barley Glucan,Succinic anhydride modification,D4,N1,0.5,0.5,High,0.8,,,,,,,
BG-SA-D4-N1-R50-50-MH-G20,Barley Glucan,Succinic anhydride modification,D4,N1,0.5,0.5,High,2,,,,,,,
BG-SA-D4-N1-R50-50-MM-G01,Barley Glucan,Succinic anhydride modification,D4,N1,0.5,0.5,Medium,0.1,,,,,,,
BG-SA-D4-N1-R50-50-MM-G08,Barley Glucan,Succinic anhydride modification,D4,N1,0.5,0.5,Medium,0.8,,,,,,,
BG-SA-D4-N1-R50-50-MM-G20,Barley Glucan,Succinic anhydride modification,D4,N1,0.5,0.5,Medium,2,,,,,,,
BG-SA-D4-N1-R50-50-ML-G01,Barley Glucan,Succinic anhydride modification,D4,N1,0.5,0.5,Low,0.1,,,,,,,
BG-SA-D4-N1-R50-50-ML-G08,Barley Glucan,Succinic anhydride modification,D4,N1,0.5,0.5,Low,0.8,,,,,,,
BG-SA-D4-N1-R50-50-ML-G20,Barley Glucan,Succinic anhydride modification,D4,N1,0.5,0.5,Low,2,,,,,,,
BG-SA-D4-N1-R50-50-MU-G01,Barley Glucan,Succinic anhydride modification,D4,N1,0.5,0.5,Unspecified,0.1,,,,,,,
BG-SA-D4-N1-R50-50-MU-G08,Barley Glucan,Succinic anhydride modification,D4,N1,0.5,0.5,Unspecified,0.8,,,,,,,
BG-SA-D4-N1-R50-50-MU-G20,Barley Glucan,Succinic anhydride modification,D4,N1,0.5,0.5,Unspecified,2,,,,,,,
BG-SA-D4-N2-R90-10-MH-G01,Barley Glucan,Succinic anhydride modification,D4,N2,0.9,0.1,High,0.1,,,,,,,
BG-SA-D4-N2-R90-10-MH-G08,Barley Glucan,Succinic anhydride modification,D4,N2,0.9,0.1,High,0.8,,,,,,,
BG-SA-D4-N2-R90-10-MH-G20,Barley Glucan,Succinic anhydride modification,D4,N2,0.9,0.1,High,2,,,,,,,
BG-SA-D4-N2-R90-10-MM-G01,Barley Glucan,Succinic anhydride modification,D4,N2,0.9,0.1,Medium,0.1,,,,,,,
BG-SA-D4-N2-R90-10-MM-G08,Barley Glucan,Succinic anhydride modification,D4,N2,0.9,0.1,Medium,0.8,,,,,,,
BG-SA-D4-N2-R90-10-MM-G20,Barley Glucan,Succinic anhydride modification,D4,N2,0.9,0.1,Medium,2,,,,,,,
BG-SA-D4-N2-R90-10-ML-G01,Barley Glucan,Succinic anhydride modification,D4,N2,0.9,0.1,Low,0.1,,,,,,,
BG-SA-D4-N2-R90-10-ML-G08,Barley Glucan,Succinic anhydride modification,D4,N2,0.9,0.1,Low,0.8,,,,,,,
BG-SA-D4-N2-R90-10-ML-G20,Barley Glucan,Succinic anhydride modification,D4,N2,0.9,0.1,Low,2,,,,,,,
BG-SA-D4-N2-R90-10-MU-G01,Barley Glucan,Succinic anhydride modification,D4,N2,0.9,0.1,Unspecified,0.1,,,,,,,
BG-SA-D4-N2-R90-10-MU-G08,Barley Glucan,Succinic anhydride modification,D4,N2,0.9,0.1,Unspecified,0.8,,,,,,,
BG-SA-D4-N2-R90-10-MU-G20,Barley Glucan,Succinic anhydride modification,D4,N2,0.9,0.1,Unspecified,2,,,,,,,
BG-SA-D4-N2-R70-30-MH-G01,Barley Glucan,Succinic anhydride modification,D4,N2,0.7,0.3,High,0.1,,,,,,,
BG-SA-D4-N2-R70-30-MH-G08,Barley Glucan,Succinic anhydride modification,D4,N2,0.7,0.3,High,0.8,,,,,,,
BG-SA-D4-N2-R70-30-MH-G20,Barley Glucan,Succinic anhydride modification,D4,N2,0.7,0.3,High,2,,,,,,,
BG-SA-D4-N2-R70-30-MM-G01,Barley Glucan,Succinic anhydride modification,D4,N2,0.7,0.3,Medium,0.1,,,,,,,
BG-SA-D4-N2-R70-30-MM-G08,Barley Glucan,Succinic anhydride modification,D4,N2,0.7,0.3,Medium,0.8,,,,,,,
BG-SA-D4-N2-R70-30-MM-G20,Barley Glucan,Succinic anhydride modification,D4,N2,0.7,0.3,Medium,2,,,,,,,
BG-SA-D4-N2-R70-30-ML-G01,Barley Glucan,Succinic anhydride modification,D4,N2,0.7,0.3,Low,0.1,,,,,,,
BG-SA-D4-N2-R70-30-ML-G08,Barley Glucan,Succinic anhydride modification,D4,N2,0.7,0.3,Low,0.8,,,,,,,
BG-SA-D4-N2-R70-30-ML-G20,Barley Glucan,Succinic anhydride modification,D4,N2,0.7,0.3,Low,2,,,,,,,
BG-SA-D4-N2-R70-30-MU-G01,Barley Glucan,Succinic anhydride modification,D4,N2,0.7,0.3,Unspecified,0.1,,,,,,,
BG-SA-D4-N2-R70-30-MU-G08,Barley Glucan,Succinic anhydride modification,D4,N2,0.7,0.3,Unspecified,0.8,,,,,,,
BG-SA-D4-N2-R70-30-MU-G20,Barley Glucan,Succinic anhydride modification,D4,N2,0.7,0.3,Unspecified,2,,,,,,,
BG-SA-D4-N2-R50-50-MH-G01,Barley Glucan,Succinic anhydride modification,D4,N2,0.5,0.5,High,0.1,,,,,,,
BG-SA-D4-N2-R50-50-MH-G08,Barley Glucan,Succinic anhydride modification,D4,N2,0.5,0.5,High,0.8,,,,,,,
BG-SA-D4-N2-R50-50-MH-G20,Barley Glucan,Succinic anhydride modification,D4,N2,0.5,0.5,High,2,,,,,,,
BG-SA-D4-N2-R50-50-MM-G01,Barley Glucan,Succinic anhydride modification,D4,N2,0.5,0.5,Medium,0.1,,,,,,,
BG-SA-D4-N2-R50-50-MM-G08,Barley Glucan,Succinic anhydride modification,D4,N2,0.5,0.5,Medium,0.8,,,,,,,
BG-SA-D4-N2-R50-50-MM-G20,Barley Glucan,Succinic anhydride modification,D4,N2,0.5,0.5,Medium,2,,,,,,,
BG-SA-D4-N2-R50-50-ML-G01,Barley Glucan,Succinic anhydride modification,D4,N2,0.5,0.5,Low,0.1,,,,,,,
BG-SA-D4-N2-R50-50-ML-G08,Barley Glucan,Succinic anhydride modification,D4,N2,0.5,0.5,Low,0.8,,,,,,,
BG-SA-D4-N2-R50-50-ML-G20,Barley Glucan,Succinic anhydride modification,D4,N2,0.5,0.5,Low,2,,,,,,,
BG-SA-D4-N2-R50-50-MU-G01,Barley Glucan,Succinic anhydride modification,D4,N2,0.5,0.5,Unspecified,0.1,,,,,,,
BG-SA-D4-N2-R50-50-MU-G08,Barley Glucan,Succinic anhydride modification,D4,N2,0.5,0.5,Unspecified,0.8,,,,,,,
BG-SA-D4-N2-R50-50-MU-G20,Barley Glucan,Succinic anhydride modification,D4,N2,0.5,0.5,Unspecified,2,,,,,,,
BG-SA-D4-N3-R90-10-MH-G01,Barley Glucan,Succinic anhydride modification,D4,N3,0.9,0.1,High,0.1,,,,,,,
BG-SA-D4-N3-R90-10-MH-G08,Barley Glucan,Succinic anhydride modification,D4,N3,0.9,0.1,High,0.8,,,,,,,
BG-SA-D4-N3-R90-10-MH-G20,Barley Glucan,Succinic anhydride modification,D4,N3,0.9,0.1,High,2,,,,,,,
BG-SA-D4-N3-R90-10-MM-G01,Barley Glucan,Succinic anhydride modification,D4,N3,0.9,0.1,Medium,0.1,,,,,,,
BG-SA-D4-N3-R90-10-MM-G08,Barley Glucan,Succinic anhydride modification,D4,N3,0.9,0.1,Medium,0.8,,,,,,,
BG-SA-D4-N3-R90-10-MM-G20,Barley Glucan,Succinic anhydride modification,D4,N3,0.9,0.1,Medium,2,,,,,,,
BG-SA-D4-N3-R90-10-ML-G01,Barley Glucan,Succinic anhydride modification,D4,N3,0.9,0.1,Low,0.1,,,,,,,
BG-SA-D4-N3-R90-10-ML-G08,Barley Glucan,Succinic anhydride modification,D4,N3,0.9,0.1,Low,0.8,,,,,,,
BG-SA-D4-N3-R90-10-ML-G20,Barley Glucan,Succinic anhydride modification,D4,N3,0.9,0.1,Low,2,,,,,,,
BG-SA-D4-N3-R90-10-MU-G01,Barley Glucan,Succinic anhydride modification,D4,N3,0.9,0.1,Unspecified,0.1,,,,,,,
BG-SA-D4-N3-R90-10-MU-G08,Barley Glucan,Succinic anhydride modification,D4,N3,0.9,0.1,Unspecified,0.8,,,,,,,
BG-SA-D4-N3-R90-10-MU-G20,Barley Glucan,Succinic anhydride modification,D4,N3,0.9,0.1,Unspecified,2,,,,,,,
BG-SA-D4-N3-R70-30-MH-G01,Barley Glucan,Succinic anhydride modification,D4,N3,0.7,0.3,High,0.1,,,,,,,
BG-SA-D4-N3-R70-30-MH-G08,Barley Glucan,Succinic anhydride modification,D4,N3,0.7,0.3,High,0.8,,,,,,,
BG-SA-D4-N3-R70-30-MH-G20,Barley Glucan,Succinic anhydride modification,D4,N3,0.7,0.3,High,2,,,,,,,
BG-SA-D4-N3-R70-30-MM-G01,Barley Glucan,Succinic anhydride modification,D4,N3,0.7,0.3,Medium,0.1,,,,,,,
BG-SA-D4-N3-R70-30-MM-G08,Barley Glucan,Succinic anhydride modification,D4,N3,0.7,0.3,Medium,0.8,,,,,,,
BG-SA-D4-N3-R70-30-MM-G20,Barley Glucan,Succinic anhydride modification,D4,N3,0.7,0.3,Medium,2,,,,,,,
BG-SA-D4-N3-R70-30-ML-G01,Barley Glucan,Succinic anhydride modification,D4,N3,0.7,0.3,Low,0.1,,,,,,,
BG-SA-D4-N3-R70-30-ML-G08,Barley Glucan,Succinic anhydride modification,D4,N3,0.7,0.3,Low,0.8,,,,,,,
BG-SA-D4-N3-R70-30-ML-G20,Barley Glucan,Succinic anhydride modification,D4,N3,0.7,0.3,Low,2,,,,,,,
BG-SA-D4-N3-R70-30-MU-G01,Barley Glucan,Succinic anhydride modification,D4,N3,0.7,0.3,Unspecified,0.1,,,,,,,
BG-SA-D4-N3-R70-30-MU-G08,Barley Glucan,Succinic anhydride modification,D4,N3,0.7,0.3,Unspecified,0.8,,,,,,,
BG-SA-D4-N3-R70-30-MU-G20,Barley Glucan,Succinic anhydride modification,D4,N3,0.7,0.3,Unspecified,2,,,,,,,
BG-SA-D4-N3-R50-50-MH-G01,Barley Glucan,Succinic anhydride modification,D4,N3,0.5,0.5,High,0.1,,,,,,,
BG-SA-D4-N3-R50-50-MH-G08,Barley Glucan,Succinic anhydride modification,D4,N3,0.5,0.5,High,0.8,,,,,,,
BG-SA-D4-N3-R50-50-MH-G20,Barley Glucan,Succinic anhydride modification,D4,N3,0.5,0.5,High,2,,,,,,,
BG-SA-D4-N3-R50-50-MM-G01,Barley Glucan,Succinic anhydride modification,D4,N3,0.5,0.5,Medium,0.1,,,,,,,
BG-SA-D4-N3-R50-50-MM-G08,Barley Glucan,Succinic anhydride modification,D4,N3,0.5,0.5,Medium,0.8,,,,,,,
BG-SA-D4-N3-R50-50-MM-G20,Barley Glucan,Succinic anhydride modification,D4,N3,0.5,0.5,Medium,2,,,,,,,
BG-SA-D4-N3-R50-50-ML-G01,Barley Glucan,Succinic anhydride modification,D4,N3,0.5,0.5,Low,0.1,,,,,,,
BG-SA-D4-N3-R50-50-ML-G08,Barley Glucan,Succinic anhydride modification,D4,N3,0.5,0.5,Low,0.8,,,,,,,
BG-SA-D4-N3-R50-50-ML-G20,Barley Glucan,Succinic anhydride modification,D4,N3,0.5,0.5,Low,2,,,,,,,
BG-SA-D4-N3-R50-50-MU-G01,Barley Glucan,Succinic anhydride modification,D4,N3,0.5,0.5,Unspecified,0.1,,,,,,,
BG-SA-D4-N3-R50-50-MU-G08,Barley Glucan,Succinic anhydride modification,D4,N3,0.5,0.5,Unspecified,0.8,,,,,,,
BG-SA-D4-N3-R50-50-MU-G20,Barley Glucan,Succinic anhydride modification,D4,N3,0.5,0.5,Unspecified,2,,,,,,,
BG-SA-D4-N4-R90-10-MH-G01,Barley Glucan,Succinic anhydride modification,D4,N4,0.9,0.1,High,0.1,,,,,,,
BG-SA-D4-N4-R90-10-MH-G08,Barley Glucan,Succinic anhydride modification,D4,N4,0.9,0.1,High,0.8,,,,,,,
BG-SA-D4-N4-R90-10-MH-G20,Barley Glucan,Succinic anhydride modification,D4,N4,0.9,0.1,High,2,,,,,,,
BG-SA-D4-N4-R90-10-MM-G01,Barley Glucan,Succinic anhydride modification,D4,N4,0.9,0.1,Medium,0.1,,,,,,,
BG-SA-D4-N4-R90-10-MM-G08,Barley Glucan,Succinic anhydride modification,D4,N4,0.9,0.1,Medium,0.8,,,,,,,
BG-SA-D4-N4-R90-10-MM-G20,Barley Glucan,Succinic anhydride modification,D4,N4,0.9,0.1,Medium,2,,,,,,,
BG-SA-D4-N4-R90-10-ML-G01,Barley Glucan,Succinic anhydride modification,D4,N4,0.9,0.1,Low,0.1,,,,,,,
BG-SA-D4-N4-R90-10-ML-G08,Barley Glucan,Succinic anhydride modification,D4,N4,0.9,0.1,Low,0.8,,,,,,,
BG-SA-D4-N4-R90-10-ML-G20,Barley Glucan,Succinic anhydride modification,D4,N4,0.9,0.1,Low,2,,,,,,,
BG-SA-D4-N4-R90-10-MU-G01,Barley Glucan,Succinic anhydride modification,D4,N4,0.9,0.1,Unspecified,0.1,,,,,,,
BG-SA-D4-N4-R90-10-MU-G08,Barley Glucan,Succinic anhydride modification,D4,N4,0.9,0.1,Unspecified,0.8,,,,,,,
BG-SA-D4-N4-R90-10-MU-G20,Barley Glucan,Succinic anhydride modification,D4,N4,0.9,0.1,Unspecified,2,,,,,,,
BG-SA-D4-N4-R70-30-MH-G01,Barley Glucan,Succinic anhydride modification,D4,N4,0.7,0.3,High,0.1,,,,,,,
BG-SA-D4-N4-R70-30-MH-G08,Barley Glucan,Succinic anhydride modification,D4,N4,0.7,0.3,High,0.8,,,,,,,
BG-SA-D4-N4-R70-30-MH-G20,Barley Glucan,Succinic anhydride modification,D4,N4,0.7,0.3,High,2,,,,,,,
BG-SA-D4-N4-R70-30-MM-G01,Barley Glucan,Succinic anhydride modification,D4,N4,0.7,0.3,Medium,0.1,,,,,,,
BG-SA-D4-N4-R70-30-MM-G08,Barley Glucan,Succinic anhydride modification,D4,N4,0.7,0.3,Medium,0.8,,,,,,,
BG-SA-D4-N4-R70-30-MM-G20,Barley Glucan,Succinic anhydride modification,D4,N4,0.7,0.3,Medium,2,,,,,,,
BG-SA-D4-N4-R70-30-ML-G01,Barley Glucan,Succinic anhydride modification,D4,N4,0.7,0.3,Low,0.1,,,,,,,
BG-SA-D4-N4-R70-30-ML-G08,Barley Glucan,Succinic anhydride modification,D4,N4,0.7,0.3,Low,0.8,,,,,,,
BG-SA-D4-N4-R70-30-ML-G20,Barley Glucan,Succinic anhydride modification,D4,N4,0.7,0.3,Low,2,,,,,,,
BG-SA-D4-N4-R70-30-MU-G01,Barley Glucan,Succinic anhydride modification,D4,N4,0.7,0.3,Unspecified,0.1,,,,,,,
BG-SA-D4-N4-R70-30-MU-G08,Barley Glucan,Succinic anhydride modification,D4,N4,0.7,0.3,Unspecified,0.8,,,,,,,
BG-SA-D4-N4-R70-30-MU-G20,Barley Glucan,Succinic anhydride modification,D4,N4,0.7,0.3,Unspecified,2,,,,,,,
BG-SA-D4-N4-R50-50-MH-G01,Barley Glucan,Succinic anhydride modification,D4,N4,0.5,0.5,High,0.1,,,,,,,
BG-SA-D4-N4-R50-50-MH-G08,Barley Glucan,Succinic anhydride modification,D4,N4,0.5,0.5,High,0.8,,,,,,,
BG-SA-D4-N4-R50-50-MH-G20,Barley Glucan,Succinic anhydride modification,D4,N4,0.5,0.5,High,2,,,,,,,
BG-SA-D4-N4-R50-50-MM-G01,Barley Glucan,Succinic anhydride modification,D4,N4,0.5,0.5,Medium,0.1,,,,,,,
BG-SA-D4-N4-R50-50-MM-G08,Barley Glucan,Succinic anhydride modification,D4,N4,0.5,0.5,Medium,0.8,,,,,,,
BG-SA-D4-N4-R50-50-MM-G20,Barley Glucan,Succinic anhydride modification,D4,N4,0.5,0.5,Medium,2,,,,,,,
BG-SA-D4-N4-R50-50-ML-G01,Barley Glucan,Succinic anhydride modification,D4,N4,0.5,0.5,Low,0.1,,,,,,,
BG-SA-D4-N4-R50-50-ML-G08,Barley Glucan,Succinic anhydride modification,D4,N4,0.5,0.5,Low,0.8,,,,,,,
BG-SA-D4-N4-R50-50-ML-G20,Barley Glucan,Succinic anhydride modification,D4,N4,0.5,0.5,Low,2,,,,,,,
BG-SA-D4-N4-R50-50-MU-G01,Barley Glucan,Succinic anhydride modification,D4,N4,0.5,0.5,Unspecified,0.1,,,,,,,
BG-SA-D4-N4-R50-50-MU-G08,Barley Glucan,Succinic anhydride modification,D4,N4,0.5,0.5,Unspecified,0.8,,,,,,,
BG-SA-D4-N4-R50-50-MU-G20,Barley Glucan,Succinic anhydride modification,D4,N4,0.5,0.5,Unspecified,2,,,,,,,
BG-SA-D4-N5-R90-10-MH-G01,Barley Glucan,Succinic anhydride modification,D4,N5,0.9,0.1,High,0.1,,,,,,,
BG-SA-D4-N5-R90-10-MH-G08,Barley Glucan,Succinic anhydride modification,D4,N5,0.9,0.1,High,0.8,,,,,,,
BG-SA-D4-N5-R90-10-MH-G20,Barley Glucan,Succinic anhydride modification,D4,N5,0.9,0.1,High,2,,,,,,,
BG-SA-D4-N5-R90-10-MM-G01,Barley Glucan,Succinic anhydride modification,D4,N5,0.9,0.1,Medium,0.1,,,,,,,
BG-SA-D4-N5-R90-10-MM-G08,Barley Glucan,Succinic anhydride modification,D4,N5,0.9,0.1,Medium,0.8,,,,,,,
BG-SA-D4-N5-R90-10-MM-G20,Barley Glucan,Succinic anhydride modification,D4,N5,0.9,0.1,Medium,2,,,,,,,
BG-SA-D4-N5-R90-10-ML-G01,Barley Glucan,Succinic anhydride modification,D4,N5,0.9,0.1,Low,0.1,,,,,,,
BG-SA-D4-N5-R90-10-ML-G08,Barley Glucan,Succinic anhydride modification,D4,N5,0.9,0.1,Low,0.8,,,,,,,
BG-SA-D4-N5-R90-10-ML-G20,Barley Glucan,Succinic anhydride modification,D4,N5,0.9,0.1,Low,2,,,,,,,
BG-SA-D4-N5-R90-10-MU-G01,Barley Glucan,Succinic anhydride modification,D4,N5,0.9,0.1,Unspecified,0.1,,,,,,,
BG-SA-D4-N5-R90-10-MU-G08,Barley Glucan,Succinic anhydride modification,D4,N5,0.9,0.1,Unspecified,0.8,,,,,,,
BG-SA-D4-N5-R90-10-MU-G20,Barley Glucan,Succinic anhydride modification,D4,N5,0.9,0.1,Unspecified,2,,,,,,,
BG-SA-D4-N5-R70-30-MH-G01,Barley Glucan,Succinic anhydride modification,D4,N5,0.7,0.3,High,0.1,,,,,,,
BG-SA-D4-N5-R70-30-MH-G08,Barley Glucan,Succinic anhydride modification,D4,N5,0.7,0.3,High,0.8,,,,,,,
BG-SA-D4-N5-R70-30-MH-G20,Barley Glucan,Succinic anhydride modification,D4,N5,0.7,0.3,High,2,,,,,,,
BG-SA-D4-N5-R70-30-MM-G01,Barley Glucan,Succinic anhydride modification,D4,N5,0.7,0.3,Medium,0.1,,,,,,,
BG-SA-D4-N5-R70-30-MM-G08,Barley Glucan,Succinic anhydride modification,D4,N5,0.7,0.3,Medium,0.8,,,,,,,
BG-SA-D4-N5-R70-30-MM-G20,Barley Glucan,Succinic anhydride modification,D4,N5,0.7,0.3,Medium,2,,,,,,,
BG-SA-D4-N5-R70-30-ML-G01,Barley Glucan,Succinic anhydride modification,D4,N5,0.7,0.3,Low,0.1,,,,,,,
BG-SA-D4-N5-R70-30-ML-G08,Barley Glucan,Succinic anhydride modification,D4,N5,0.7,0.3,Low,0.8,,,,,,,
BG-SA-D4-N5-R70-30-ML-G20,Barley Glucan,Succinic anhydride modification,D4,N5,0.7,0.3,Low,2,,,,,,,
BG-SA-D4-N5-R70-30-MU-G01,Barley Glucan,Succinic anhydride modification,D4,N5,0.7,0.3,Unspecified,0.1,,,,,,,
BG-SA-D4-N5-R70-30-MU-G08,Barley Glucan,Succinic anhydride modification,D4,N5,0.7,0.3,Unspecified,0.8,,,,,,,
BG-SA-D4-N5-R70-30-MU-G20,Barley Glucan,Succinic anhydride modification,D4,N5,0.7,0.3,Unspecified,2,,,,,,,
BG-SA-D4-N5-R50-50-MH-G01,Barley Glucan,Succinic anhydride modification,D4,N5,0.5,0.5,High,0.1,,,,,,,
BG-SA-D4-N5-R50-50-MH-G08,Barley Glucan,Succinic anhydride modification,D4,N5,0.5,0.5,High,0.8,,,,,,,
BG-SA-D4-N5-R50-50-MH-G20,Barley Glucan,Succinic anhydride modification,D4,N5,0.5,0.5,High,2,,,,,,,
BG-SA-D4-N5-R50-50-MM-G01,Barley Glucan,Succinic anhydride modification,D4,N5,0.5,0.5,Medium,0.1,,,,,,,
BG-SA-D4-N5-R50-50-MM-G08,Barley Glucan,Succinic anhydride modification,D4,N5,0.5,0.5,Medium,0.8,,,,,,,
BG-SA-D4-N5-R50-50-MM-G20,Barley Glucan,Succinic anhydride modification,D4,N5,0.5,0.5,Medium,2,,,,,,,
BG-SA-D4-N5-R50-50-ML-G01,Barley Glucan,Succinic anhydride modification,D4,N5,0.5,0.5,Low,0.1,,,,,,,
BG-SA-D4-N5-R50-50-ML-G08,Barley Glucan,Succinic anhydride modification,D4,N5,0.5,0.5,Low,0.8,,,,,,,
BG-SA-D4-N5-R50-50-ML-G20,Barley Glucan,Succinic anhydride modification,D4,N5,0.5,0.5,Low,2,,,,,,,
BG-SA-D4-N5-R50-50-MU-G01,Barley Glucan,Succinic anhydride modification,D4,N5,0.5,0.5,Unspecified,0.1,,,,,,,
BG-SA-D4-N5-R50-50-MU-G08,Barley Glucan,Succinic anhydride modification,D4,N5,0.5,0.5,Unspecified,0.8,,,,,,,
BG-SA-D4-N5-R50-50-MU-G20,Barley Glucan,Succinic anhydride modification,D4,N5,0.5,0.5,Unspecified,2,,,,,,,
BG-SA-D4-N6-R90-10-MH-G01,Barley Glucan,Succinic anhydride modification,D4,N6,0.9,0.1,High,0.1,,,,,,,
BG-SA-D4-N6-R90-10-MH-G08,Barley Glucan,Succinic anhydride modification,D4,N6,0.9,0.1,High,0.8,,,,,,,
BG-SA-D4-N6-R90-10-MH-G20,Barley Glucan,Succinic anhydride modification,D4,N6,0.9,0.1,High,2,,,,,,,
BG-SA-D4-N6-R90-10-MM-G01,Barley Glucan,Succinic anhydride modification,D4,N6,0.9,0.1,Medium,0.1,,,,,,,
BG-SA-D4-N6-R90-10-MM-G08,Barley Glucan,Succinic anhydride modification,D4,N6,0.9,0.1,Medium,0.8,,,,,,,
BG-SA-D4-N6-R90-10-MM-G20,Barley Glucan,Succinic anhydride modification,D4,N6,0.9,0.1,Medium,2,,,,,,,
BG-SA-D4-N6-R90-10-ML-G01,Barley Glucan,Succinic anhydride modification,D4,N6,0.9,0.1,Low,0.1,,,,,,,
BG-SA-D4-N6-R90-10-ML-G08,Barley Glucan,Succinic anhydride modification,D4,N6,0.9,0.1,Low,0.8,,,,,,,
BG-SA-D4-N6-R90-10-ML-G20,Barley Glucan,Succinic anhydride modification,D4,N6,0.9,0.1,Low,2,,,,,,,
BG-SA-D4-N6-R90-10-MU-G01,Barley Glucan,Succinic anhydride modification,D4,N6,0.9,0.1,Unspecified,0.1,,,,,,,
BG-SA-D4-N6-R90-10-MU-G08,Barley Glucan,Succinic anhydride modification,D4,N6,0.9,0.1,Unspecified,0.8,,,,,,,
BG-SA-D4-N6-R90-10-MU-G20,Barley Glucan,Succinic anhydride modification,D4,N6,0.9,0.1,Unspecified,2,,,,,,,
BG-SA-D4-N6-R70-30-MH-G01,Barley Glucan,Succinic anhydride modification,D4,N6,0.7,0.3,High,0.1,,,,,,,
BG-SA-D4-N6-R70-30-MH-G08,Barley Glucan,Succinic anhydride modification,D4,N6,0.7,0.3,High,0.8,,,,,,,
BG-SA-D4-N6-R70-30-MH-G20,Barley Glucan,Succinic anhydride modification,D4,N6,0.7,0.3,High,2,,,,,,,
BG-SA-D4-N6-R70-30-MM-G01,Barley Glucan,Succinic anhydride modification,D4,N6,0.7,0.3,Medium,0.1,,,,,,,
BG-SA-D4-N6-R70-30-MM-G08,Barley Glucan,Succinic anhydride modification,D4,N6,0.7,0.3,Medium,0.8,,,,,,,
BG-SA-D4-N6-R70-30-MM-G20,Barley Glucan,Succinic anhydride modification,D4,N6,0.7,0.3,Medium,2,,,,,,,
BG-SA-D4-N6-R70-30-ML-G01,Barley Glucan,Succinic anhydride modification,D4,N6,0.7,0.3,Low,0.1,,,,,,,
BG-SA-D4-N6-R70-30-ML-G08,Barley Glucan,Succinic anhydride modification,D4,N6,0.7,0.3,Low,0.8,,,,,,,
BG-SA-D4-N6-R70-30-ML-G20,Barley Glucan,Succinic anhydride modification,D4,N6,0.7,0.3,Low,2,,,,,,,
BG-SA-D4-N6-R70-30-MU-G01,Barley Glucan,Succinic anhydride modification,D4,N6,0.7,0.3,Unspecified,0.1,,,,,,,
BG-SA-D4-N6-R70-30-MU-G08,Barley Glucan,Succinic anhydride modification,D4,N6,0.7,0.3,Unspecified,0.8,,,,,,,
BG-SA-D4-N6-R70-30-MU-G20,Barley Glucan,Succinic anhydride modification,D4,N6,0.7,0.3,Unspecified,2,,,,,,,
BG-SA-D4-N6-R50-50-MH-G01,Barley Glucan,Succinic anhydride modification,D4,N6,0.5,0.5,High,0.1,,,,,,,
BG-SA-D4-N6-R50-50-MH-G08,Barley Glucan,Succinic anhydride modification,D4,N6,0.5,0.5,High,0.8,,,,,,,
BG-SA-D4-N6-R50-50-MH-G20,Barley Glucan,Succinic anhydride modification,D4,N6,0.5,0.5,High,2,,,,,,,
BG-SA-D4-N6-R50-50-MM-G01,Barley Glucan,Succinic anhydride modification,D4,N6,0.5,0.5,Medium,0.1,,,,,,,
BG-SA-D4-N6-R50-50-MM-G08,Barley Glucan,Succinic anhydride modification,D4,N6,0.5,0.5,Medium,0.8,,,,,,,
BG-SA-D4-N6-R50-50-MM-G20,Barley Glucan,Succinic anhydride modification,D4,N6,0.5,0.5,Medium,2,,,,,,,
BG-SA-D4-N6-R50-50-ML-G01,Barley Glucan,Succinic anhydride modification,D4,N6,0.5,0.5,Low,0.1,,,,,,,
BG-SA-D4-N6-R50-50-ML-G08,Barley Glucan,Succinic anhydride modification,D4,N6,0.5,0.5,Low,0.8,,,,,,,
BG-SA-D4-N6-R50-50-ML-G20,Barley Glucan,Succinic anhydride modification,D4,N6,0.5,0.5,Low,2,,,,,,,
BG-SA-D4-N6-R50-50-MU-G01,Barley Glucan,Succinic anhydride modification,D4,N6,0.5,0.5,Unspecified,0.1,,,,,,,
BG-SA-D4-N6-R50-50-MU-G08,Barley Glucan,Succinic anhydride modification,D4,N6,0.5,0.5,Unspecified,0.8,,,,,,,
BG-SA-D4-N6-R50-50-MU-G20,Barley Glucan,Succinic anhydride modification,D4,N6,0.5,0.5,Unspecified,2,,,,,,,
BG-SA-D5-N1-R90-10-MH-G01,Barley Glucan,Succinic anhydride modification,D5,N1,0.9,0.1,High,0.1,,,,,,,
BG-SA-D5-N1-R90-10-MH-G08,Barley Glucan,Succinic anhydride modification,D5,N1,0.9,0.1,High,0.8,,,,,,,
BG-SA-D5-N1-R90-10-MH-G20,Barley Glucan,Succinic anhydride modification,D5,N1,0.9,0.1,High,2,,,,,,,
BG-SA-D5-N1-R90-10-MM-G01,Barley Glucan,Succinic anhydride modification,D5,N1,0.9,0.1,Medium,0.1,,,,,,,
BG-SA-D5-N1-R90-10-MM-G08,Barley Glucan,Succinic anhydride modification,D5,N1,0.9,0.1,Medium,0.8,,,,,,,
BG-SA-D5-N1-R90-10-MM-G20,Barley Glucan,Succinic anhydride modification,D5,N1,0.9,0.1,Medium,2,,,,,,,
BG-SA-D5-N1-R90-10-ML-G01,Barley Glucan,Succinic anhydride modification,D5,N1,0.9,0.1,Low,0.1,,,,,,,
BG-SA-D5-N1-R90-10-ML-G08,Barley Glucan,Succinic anhydride modification,D5,N1,0.9,0.1,Low,0.8,,,,,,,
BG-SA-D5-N1-R90-10-ML-G20,Barley Glucan,Succinic anhydride modification,D5,N1,0.9,0.1,Low,2,,,,,,,
BG-SA-D5-N1-R90-10-MU-G01,Barley Glucan,Succinic anhydride modification,D5,N1,0.9,0.1,Unspecified,0.1,,,,,,,
BG-SA-D5-N1-R90-10-MU-G08,Barley Glucan,Succinic anhydride modification,D5,N1,0.9,0.1,Unspecified,0.8,,,,,,,
BG-SA-D5-N1-R90-10-MU-G20,Barley Glucan,Succinic anhydride modification,D5,N1,0.9,0.1,Unspecified,2,,,,,,,
BG-SA-D5-N1-R70-30-MH-G01,Barley Glucan,Succinic anhydride modification,D5,N1,0.7,0.3,High,0.1,,,,,,,
BG-SA-D5-N1-R70-30-MH-G08,Barley Glucan,Succinic anhydride modification,D5,N1,0.7,0.3,High,0.8,,,,,,,
BG-SA-D5-N1-R70-30-MH-G20,Barley Glucan,Succinic anhydride modification,D5,N1,0.7,0.3,High,2,,,,,,,
BG-SA-D5-N1-R70-30-MM-G01,Barley Glucan,Succinic anhydride modification,D5,N1,0.7,0.3,Medium,0.1,,,,,,,
BG-SA-D5-N1-R70-30-MM-G08,Barley Glucan,Succinic anhydride modification,D5,N1,0.7,0.3,Medium,0.8,,,,,,,
BG-SA-D5-N1-R70-30-MM-G20,Barley Glucan,Succinic anhydride modification,D5,N1,0.7,0.3,Medium,2,,,,,,,
BG-SA-D5-N1-R70-30-ML-G01,Barley Glucan,Succinic anhydride modification,D5,N1,0.7,0.3,Low,0.1,,,,,,,
BG-SA-D5-N1-R70-30-ML-G08,Barley Glucan,Succinic anhydride modification,D5,N1,0.7,0.3,Low,0.8,,,,,,,
BG-SA-D5-N1-R70-30-ML-G20,Barley Glucan,Succinic anhydride modification,D5,N1,0.7,0.3,Low,2,,,,,,,
BG-SA-D5-N1-R70-30-MU-G01,Barley Glucan,Succinic anhydride modification,D5,N1,0.7,0.3,Unspecified,0.1,,,,,,,
BG-SA-D5-N1-R70-30-MU-G08,Barley Glucan,Succinic anhydride modification,D5,N1,0.7,0.3,Unspecified,0.8,,,,,,,
BG-SA-D5-N1-R70-30-MU-G20,Barley Glucan,Succinic anhydride modification,D5,N1,0.7,0.3,Unspecified,2,,,,,,,
BG-SA-D5-N1-R50-50-MH-G01,Barley Glucan,Succinic anhydride modification,D5,N1,0.5,0.5,High,0.1,,,,,,,
BG-SA-D5-N1-R50-50-MH-G08,Barley Glucan,Succinic anhydride modification,D5,N1,0.5,0.5,High,0.8,,,,,,,
BG-SA-D5-N1-R50-50-MH-G20,Barley Glucan,Succinic anhydride modification,D5,N1,0.5,0.5,High,2,,,,,,,
BG-SA-D5-N1-R50-50-MM-G01,Barley Glucan,Succinic anhydride modification,D5,N1,0.5,0.5,Medium,0.1,,,,,,,
BG-SA-D5-N1-R50-50-MM-G08,Barley Glucan,Succinic anhydride modification,D5,N1,0.5,0.5,Medium,0.8,,,,,,,
BG-SA-D5-N1-R50-50-MM-G20,Barley Glucan,Succinic anhydride modification,D5,N1,0.5,0.5,Medium,2,,,,,,,
BG-SA-D5-N1-R50-50-ML-G01,Barley Glucan,Succinic anhydride modification,D5,N1,0.5,0.5,Low,0.1,,,,,,,
BG-SA-D5-N1-R50-50-ML-G08,Barley Glucan,Succinic anhydride modification,D5,N1,0.5,0.5,Low,0.8,,,,,,,
BG-SA-D5-N1-R50-50-ML-G20,Barley Glucan,Succinic anhydride modification,D5,N1,0.5,0.5,Low,2,,,,,,,
BG-SA-D5-N1-R50-50-MU-G01,Barley Glucan,Succinic anhydride modification,D5,N1,0.5,0.5,Unspecified,0.1,,,,,,,
BG-SA-D5-N1-R50-50-MU-G08,Barley Glucan,Succinic anhydride modification,D5,N1,0.5,0.5,Unspecified,0.8,,,,,,,
BG-SA-D5-N1-R50-50-MU-G20,Barley Glucan,Succinic anhydride modification,D5,N1,0.5,0.5,Unspecified,2,,,,,,,
BG-SA-D5-N2-R90-10-MH-G01,Barley Glucan,Succinic anhydride modification,D5,N2,0.9,0.1,High,0.1,,,,,,,
BG-SA-D5-N2-R90-10-MH-G08,Barley Glucan,Succinic anhydride modification,D5,N2,0.9,0.1,High,0.8,,,,,,,
BG-SA-D5-N2-R90-10-MH-G20,Barley Glucan,Succinic anhydride modification,D5,N2,0.9,0.1,High,2,,,,,,,
BG-SA-D5-N2-R90-10-MM-G01,Barley Glucan,Succinic anhydride modification,D5,N2,0.9,0.1,Medium,0.1,,,,,,,
BG-SA-D5-N2-R90-10-MM-G08,Barley Glucan,Succinic anhydride modification,D5,N2,0.9,0.1,Medium,0.8,,,,,,,
BG-SA-D5-N2-R90-10-MM-G20,Barley Glucan,Succinic anhydride modification,D5,N2,0.9,0.1,Medium,2,,,,,,,
BG-SA-D5-N2-R90-10-ML-G01,Barley Glucan,Succinic anhydride modification,D5,N2,0.9,0.1,Low,0.1,,,,,,,
BG-SA-D5-N2-R90-10-ML-G08,Barley Glucan,Succinic anhydride modification,D5,N2,0.9,0.1,Low,0.8,,,,,,,
BG-SA-D5-N2-R90-10-ML-G20,Barley Glucan,Succinic anhydride modification,D5,N2,0.9,0.1,Low,2,,,,,,,
BG-SA-D5-N2-R90-10-MU-G01,Barley Glucan,Succinic anhydride modification,D5,N2,0.9,0.1,Unspecified,0.1,,,,,,,
BG-SA-D5-N2-R90-10-MU-G08,Barley Glucan,Succinic anhydride modification,D5,N2,0.9,0.1,Unspecified,0.8,,,,,,,
BG-SA-D5-N2-R90-10-MU-G20,Barley Glucan,Succinic anhydride modification,D5,N2,0.9,0.1,Unspecified,2,,,,,,,
BG-SA-D5-N2-R70-30-MH-G01,Barley Glucan,Succinic anhydride modification,D5,N2,0.7,0.3,High,0.1,,,,,,,
BG-SA-D5-N2-R70-30-MH-G08,Barley Glucan,Succinic anhydride modification,D5,N2,0.7,0.3,High,0.8,,,,,,,
BG-SA-D5-N2-R70-30-MH-G20,Barley Glucan,Succinic anhydride modification,D5,N2,0.7,0.3,High,2,,,,,,,
BG-SA-D5-N2-R70-30-MM-G01,Barley Glucan,Succinic anhydride modification,D5,N2,0.7,0.3,Medium,0.1,,,,,,,
BG-SA-D5-N2-R70-30-MM-G08,Barley Glucan,Succinic anhydride modification,D5,N2,0.7,0.3,Medium,0.8,,,,,,,
BG-SA-D5-N2-R70-30-MM-G20,Barley Glucan,Succinic anhydride modification,D5,N2,0.7,0.3,Medium,2,,,,,,,
BG-SA-D5-N2-R70-30-ML-G01,Barley Glucan,Succinic anhydride modification,D5,N2,0.7,0.3,Low,0.1,,,,,,,
BG-SA-D5-N2-R70-30-ML-G08,Barley Glucan,Succinic anhydride modification,D5,N2,0.7,0.3,Low,0.8,,,,,,,
BG-SA-D5-N2-R70-30-ML-G20,Barley Glucan,Succinic anhydride modification,D5,N2,0.7,0.3,Low,2,,,,,,,
BG-SA-D5-N2-R70-30-MU-G01,Barley Glucan,Succinic anhydride modification,D5,N2,0.7,0.3,Unspecified,0.1,,,,,,,
BG-SA-D5-N2-R70-30-MU-G08,Barley Glucan,Succinic anhydride modification,D5,N2,0.7,0.3,Unspecified,0.8,,,,,,,
BG-SA-D5-N2-R70-30-MU-G20,Barley Glucan,Succinic anhydride modification,D5,N2,0.7,0.3,Unspecified,2,,,,,,,
BG-SA-D5-N2-R50-50-MH-G01,Barley Glucan,Succinic anhydride modification,D5,N2,0.5,0.5,High,0.1,,,,,,,
BG-SA-D5-N2-R50-50-MH-G08,Barley Glucan,Succinic anhydride modification,D5,N2,0.5,0.5,High,0.8,,,,,,,
BG-SA-D5-N2-R50-50-MH-G20,Barley Glucan,Succinic anhydride modification,D5,N2,0.5,0.5,High,2,,,,,,,
BG-SA-D5-N2-R50-50-MM-G01,Barley Glucan,Succinic anhydride modification,D5,N2,0.5,0.5,Medium,0.1,,,,,,,
BG-SA-D5-N2-R50-50-MM-G08,Barley Glucan,Succinic anhydride modification,D5,N2,0.5,0.5,Medium,0.8,,,,,,,
BG-SA-D5-N2-R50-50-MM-G20,Barley Glucan,Succinic anhydride modification,D5,N2,0.5,0.5,Medium,2,,,,,,,
BG-SA-D5-N2-R50-50-ML-G01,Barley Glucan,Succinic anhydride modification,D5,N2,0.5,0.5,Low,0.1,,,,,,,
BG-SA-D5-N2-R50-50-ML-G08,Barley Glucan,Succinic anhydride modification,D5,N2,0.5,0.5,Low,0.8,,,,,,,
BG-SA-D5-N2-R50-50-ML-G20,Barley Glucan,Succinic anhydride modification,D5,N2,0.5,0.5,Low,2,,,,,,,
BG-SA-D5-N2-R50-50-MU-G01,Barley Glucan,Succinic anhydride modification,D5,N2,0.5,0.5,Unspecified,0.1,,,,,,,
BG-SA-D5-N2-R50-50-MU-G08,Barley Glucan,Succinic anhydride modification,D5,N2,0.5,0.5,Unspecified,0.8,,,,,,,
BG-SA-D5-N2-R50-50-MU-G20,Barley Glucan,Succinic anhydride modification,D5,N2,0.5,0.5,Unspecified,2,,,,,,,
BG-SA-D5-N3-R90-10-MH-G01,Barley Glucan,Succinic anhydride modification,D5,N3,0.9,0.1,High,0.1,,,,,,,
BG-SA-D5-N3-R90-10-MH-G08,Barley Glucan,Succinic anhydride modification,D5,N3,0.9,0.1,High,0.8,,,,,,,
BG-SA-D5-N3-R90-10-MH-G20,Barley Glucan,Succinic anhydride modification,D5,N3,0.9,0.1,High,2,,,,,,,
BG-SA-D5-N3-R90-10-MM-G01,Barley Glucan,Succinic anhydride modification,D5,N3,0.9,0.1,Medium,0.1,,,,,,,
BG-SA-D5-N3-R90-10-MM-G08,Barley Glucan,Succinic anhydride modification,D5,N3,0.9,0.1,Medium,0.8,,,,,,,
BG-SA-D5-N3-R90-10-MM-G20,Barley Glucan,Succinic anhydride modification,D5,N3,0.9,0.1,Medium,2,,,,,,,
BG-SA-D5-N3-R90-10-ML-G01,Barley Glucan,Succinic anhydride modification,D5,N3,0.9,0.1,Low,0.1,,,,,,,
BG-SA-D5-N3-R90-10-ML-G08,Barley Glucan,Succinic anhydride modification,D5,N3,0.9,0.1,Low,0.8,,,,,,,
BG-SA-D5-N3-R90-10-ML-G20,Barley Glucan,Succinic anhydride modification,D5,N3,0.9,0.1,Low,2,,,,,,,
BG-SA-D5-N3-R90-10-MU-G01,Barley Glucan,Succinic anhydride modification,D5,N3,0.9,0.1,Unspecified,0.1,,,,,,,
BG-SA-D5-N3-R90-10-MU-G08,Barley Glucan,Succinic anhydride modification,D5,N3,0.9,0.1,Unspecified,0.8,,,,,,,
BG-SA-D5-N3-R90-10-MU-G20,Barley Glucan,Succinic anhydride modification,D5,N3,0.9,0.1,Unspecified,2,,,,,,,
BG-SA-D5-N3-R70-30-MH-G01,Barley Glucan,Succinic anhydride modification,D5,N3,0.7,0.3,High,0.1,,,,,,,
BG-SA-D5-N3-R70-30-MH-G08,Barley Glucan,Succinic anhydride modification,D5,N3,0.7,0.3,High,0.8,,,,,,,
BG-SA-D5-N3-R70-30-MH-G20,Barley Glucan,Succinic anhydride modification,D5,N3,0.7,0.3,High,2,,,,,,,
BG-SA-D5-N3-R70-30-MM-G01,Barley Glucan,Succinic anhydride modification,D5,N3,0.7,0.3,Medium,0.1,,,,,,,
BG-SA-D5-N3-R70-30-MM-G08,Barley Glucan,Succinic anhydride modification,D5,N3,0.7,0.3,Medium,0.8,,,,,,,
BG-SA-D5-N3-R70-30-MM-G20,Barley Glucan,Succinic anhydride modification,D5,N3,0.7,0.3,Medium,2,,,,,,,
BG-SA-D5-N3-R70-30-ML-G01,Barley Glucan,Succinic anhydride modification,D5,N3,0.7,0.3,Low,0.1,,,,,,,
BG-SA-D5-N3-R70-30-ML-G08,Barley Glucan,Succinic anhydride modification,D5,N3,0.7,0.3,Low,0.8,,,,,,,
BG-SA-D5-N3-R70-30-ML-G20,Barley Glucan,Succinic anhydride modification,D5,N3,0.7,0.3,Low,2,,,,,,,
BG-SA-D5-N3-R70-30-MU-G01,Barley Glucan,Succinic anhydride modification,D5,N3,0.7,0.3,Unspecified,0.1,,,,,,,
BG-SA-D5-N3-R70-30-MU-G08,Barley Glucan,Succinic anhydride modification,D5,N3,0.7,0.3,Unspecified,0.8,,,,,,,
BG-SA-D5-N3-R70-30-MU-G20,Barley Glucan,Succinic anhydride modification,D5,N3,0.7,0.3,Unspecified,2,,,,,,,
BG-SA-D5-N3-R50-50-MH-G01,Barley Glucan,Succinic anhydride modification,D5,N3,0.5,0.5,High,0.1,,,,,,,
BG-SA-D5-N3-R50-50-MH-G08,Barley Glucan,Succinic anhydride modification,D5,N3,0.5,0.5,High,0.8,,,,,,,
BG-SA-D5-N3-R50-50-MH-G20,Barley Glucan,Succinic anhydride modification,D5,N3,0.5,0.5,High,2,,,,,,,
BG-SA-D5-N3-R50-50-MM-G01,Barley Glucan,Succinic anhydride modification,D5,N3,0.5,0.5,Medium,0.1,,,,,,,
BG-SA-D5-N3-R50-50-MM-G08,Barley Glucan,Succinic anhydride modification,D5,N3,0.5,0.5,Medium,0.8,,,,,,,
BG-SA-D5-N3-R50-50-MM-G20,Barley Glucan,Succinic anhydride modification,D5,N3,0.5,0.5,Medium,2,,,,,,,
BG-SA-D5-N3-R50-50-ML-G01,Barley Glucan,Succinic anhydride modification,D5,N3,0.5,0.5,Low,0.1,,,,,,,
BG-SA-D5-N3-R50-50-ML-G08,Barley Glucan,Succinic anhydride modification,D5,N3,0.5,0.5,Low,0.8,,,,,,,
BG-SA-D5-N3-R50-50-ML-G20,Barley Glucan,Succinic anhydride modification,D5,N3,0.5,0.5,Low,2,,,,,,,
BG-SA-D5-N3-R50-50-MU-G01,Barley Glucan,Succinic anhydride modification,D5,N3,0.5,0.5,Unspecified,0.1,,,,,,,
BG-SA-D5-N3-R50-50-MU-G08,Barley Glucan,Succinic anhydride modification,D5,N3,0.5,0.5,Unspecified,0.8,,,,,,,
BG-SA-D5-N3-R50-50-MU-G20,Barley Glucan,Succinic anhydride modification,D5,N3,0.5,0.5,Unspecified,2,,,,,,,
BG-SA-D5-N4-R90-10-MH-G01,Barley Glucan,Succinic anhydride modification,D5,N4,0.9,0.1,High,0.1,,,,,,,
BG-SA-D5-N4-R90-10-MH-G08,Barley Glucan,Succinic anhydride modification,D5,N4,0.9,0.1,High,0.8,,,,,,,
BG-SA-D5-N4-R90-10-MH-G20,Barley Glucan,Succinic anhydride modification,D5,N4,0.9,0.1,High,2,,,,,,,
BG-SA-D5-N4-R90-10-MM-G01,Barley Glucan,Succinic anhydride modification,D5,N4,0.9,0.1,Medium,0.1,,,,,,,
BG-SA-D5-N4-R90-10-MM-G08,Barley Glucan,Succinic anhydride modification,D5,N4,0.9,0.1,Medium,0.8,,,,,,,
BG-SA-D5-N4-R90-10-MM-G20,Barley Glucan,Succinic anhydride modification,D5,N4,0.9,0.1,Medium,2,,,,,,,
BG-SA-D5-N4-R90-10-ML-G01,Barley Glucan,Succinic anhydride modification,D5,N4,0.9,0.1,Low,0.1,,,,,,,
BG-SA-D5-N4-R90-10-ML-G08,Barley Glucan,Succinic anhydride modification,D5,N4,0.9,0.1,Low,0.8,,,,,,,
BG-SA-D5-N4-R90-10-ML-G20,Barley Glucan,Succinic anhydride modification,D5,N4,0.9,0.1,Low,2,,,,,,,
BG-SA-D5-N4-R90-10-MU-G01,Barley Glucan,Succinic anhydride modification,D5,N4,0.9,0.1,Unspecified,0.1,,,,,,,
BG-SA-D5-N4-R90-10-MU-G08,Barley Glucan,Succinic anhydride modification,D5,N4,0.9,0.1,Unspecified,0.8,,,,,,,
BG-SA-D5-N4-R90-10-MU-G20,Barley Glucan,Succinic anhydride modification,D5,N4,0.9,0.1,Unspecified,2,,,,,,,
BG-SA-D5-N4-R70-30-MH-G01,Barley Glucan,Succinic anhydride modification,D5,N4,0.7,0.3,High,0.1,,,,,,,
BG-SA-D5-N4-R70-30-MH-G08,Barley Glucan,Succinic anhydride modification,D5,N4,0.7,0.3,High,0.8,,,,,,,
BG-SA-D5-N4-R70-30-MH-G20,Barley Glucan,Succinic anhydride modification,D5,N4,0.7,0.3,High,2,,,,,,,
BG-SA-D5-N4-R70-30-MM-G01,Barley Glucan,Succinic anhydride modification,D5,N4,0.7,0.3,Medium,0.1,,,,,,,
BG-SA-D5-N4-R70-30-MM-G08,Barley Glucan,Succinic anhydride modification,D5,N4,0.7,0.3,Medium,0.8,,,,,,,
BG-SA-D5-N4-R70-30-MM-G20,Barley Glucan,Succinic anhydride modification,D5,N4,0.7,0.3,Medium,2,,,,,,,
BG-SA-D5-N4-R70-30-ML-G01,Barley Glucan,Succinic anhydride modification,D5,N4,0.7,0.3,Low,0.1,,,,,,,
BG-SA-D5-N4-R70-30-ML-G08,Barley Glucan,Succinic anhydride modification,D5,N4,0.7,0.3,Low,0.8,,,,,,,
BG-SA-D5-N4-R70-30-ML-G20,Barley Glucan,Succinic anhydride modification,D5,N4,0.7,0.3,Low,2,,,,,,,
BG-SA-D5-N4-R70-30-MU-G01,Barley Glucan,Succinic anhydride modification,D5,N4,0.7,0.3,Unspecified,0.1,,,,,,,
BG-SA-D5-N4-R70-30-MU-G08,Barley Glucan,Succinic anhydride modification,D5,N4,0.7,0.3,Unspecified,0.8,,,,,,,
BG-SA-D5-N4-R70-30-MU-G20,Barley Glucan,Succinic anhydride modification,D5,N4,0.7,0.3,Unspecified,2,,,,,,,
BG-SA-D5-N4-R50-50-MH-G01,Barley Glucan,Succinic anhydride modification,D5,N4,0.5,0.5,High,0.1,,,,,,,
BG-SA-D5-N4-R50-50-MH-G08,Barley Glucan,Succinic anhydride modification,D5,N4,0.5,0.5,High,0.8,,,,,,,
BG-SA-D5-N4-R50-50-MH-G20,Barley Glucan,Succinic anhydride modification,D5,N4,0.5,0.5,High,2,,,,,,,
BG-SA-D5-N4-R50-50-MM-G01,Barley Glucan,Succinic anhydride modification,D5,N4,0.5,0.5,Medium,0.1,,,,,,,
BG-SA-D5-N4-R50-50-MM-G08,Barley Glucan,Succinic anhydride modification,D5,N4,0.5,0.5,Medium,0.8,,,,,,,
BG-SA-D5-N4-R50-50-MM-G20,Barley Glucan,Succinic anhydride modification,D5,N4,0.5,0.5,Medium,2,,,,,,,
BG-SA-D5-N4-R50-50-ML-G01,Barley Glucan,Succinic anhydride modification,D5,N4,0.5,0.5,Low,0.1,,,,,,,
BG-SA-D5-N4-R50-50-ML-G08,Barley Glucan,Succinic anhydride modification,D5,N4,0.5,0.5,Low,0.8,,,,,,,
BG-SA-D5-N4-R50-50-ML-G20,Barley Glucan,Succinic anhydride modification,D5,N4,0.5,0.5,Low,2,,,,,,,
BG-SA-D5-N4-R50-50-MU-G01,Barley Glucan,Succinic anhydride modification,D5,N4,0.5,0.5,Unspecified,0.1,,,,,,,
BG-SA-D5-N4-R50-50-MU-G08,Barley Glucan,Succinic anhydride modification,D5,N4,0.5,0.5,Unspecified,0.8,,,,,,,
BG-SA-D5-N4-R50-50-MU-G20,Barley Glucan,Succinic anhydride modification,D5,N4,0.5,0.5,Unspecified,2,,,,,,,
BG-SA-D5-N5-R90-10-MH-G01,Barley Glucan,Succinic anhydride modification,D5,N5,0.9,0.1,High,0.1,,,,,,,
BG-SA-D5-N5-R90-10-MH-G08,Barley Glucan,Succinic anhydride modification,D5,N5,0.9,0.1,High,0.8,,,,,,,
BG-SA-D5-N5-R90-10-MH-G20,Barley Glucan,Succinic anhydride modification,D5,N5,0.9,0.1,High,2,,,,,,,
BG-SA-D5-N5-R90-10-MM-G01,Barley Glucan,Succinic anhydride modification,D5,N5,0.9,0.1,Medium,0.1,,,,,,,
BG-SA-D5-N5-R90-10-MM-G08,Barley Glucan,Succinic anhydride modification,D5,N5,0.9,0.1,Medium,0.8,,,,,,,
BG-SA-D5-N5-R90-10-MM-G20,Barley Glucan,Succinic anhydride modification,D5,N5,0.9,0.1,Medium,2,,,,,,,
BG-SA-D5-N5-R90-10-ML-G01,Barley Glucan,Succinic anhydride modification,D5,N5,0.9,0.1,Low,0.1,,,,,,,
BG-SA-D5-N5-R90-10-ML-G08,Barley Glucan,Succinic anhydride modification,D5,N5,0.9,0.1,Low,0.8,,,,,,,
BG-SA-D5-N5-R90-10-ML-G20,Barley Glucan,Succinic anhydride modification,D5,N5,0.9,0.1,Low,2,,,,,,,
BG-SA-D5-N5-R90-10-MU-G01,Barley Glucan,Succinic anhydride modification,D5,N5,0.9,0.1,Unspecified,0.1,,,,,,,
BG-SA-D5-N5-R90-10-MU-G08,Barley Glucan,Succinic anhydride modification,D5,N5,0.9,0.1,Unspecified,0.8,,,,,,,
BG-SA-D5-N5-R90-10-MU-G20,Barley Glucan,Succinic anhydride modification,D5,N5,0.9,0.1,Unspecified,2,,,,,,,
BG-SA-D5-N5-R70-30-MH-G01,Barley Glucan,Succinic anhydride modification,D5,N5,0.7,0.3,High,0.1,,,,,,,
BG-SA-D5-N5-R70-30-MH-G08,Barley Glucan,Succinic anhydride modification,D5,N5,0.7,0.3,High,0.8,,,,,,,
BG-SA-D5-N5-R70-30-MH-G20,Barley Glucan,Succinic anhydride modification,D5,N5,0.7,0.3,High,2,,,,,,,
BG-SA-D5-N5-R70-30-MM-G01,Barley Glucan,Succinic anhydride modification,D5,N5,0.7,0.3,Medium,0.1,,,,,,,
BG-SA-D5-N5-R70-30-MM-G08,Barley Glucan,Succinic anhydride modification,D5,N5,0.7,0.3,Medium,0.8,,,,,,,
BG-SA-D5-N5-R70-30-MM-G20,Barley Glucan,Succinic anhydride modification,D5,N5,0.7,0.3,Medium,2,,,,,,,
BG-SA-D5-N5-R70-30-ML-G01,Barley Glucan,Succinic anhydride modification,D5,N5,0.7,0.3,Low,0.1,,,,,,,
BG-SA-D5-N5-R70-30-ML-G08,Barley Glucan,Succinic anhydride modification,D5,N5,0.7,0.3,Low,0.8,,,,,,,
BG-SA-D5-N5-R70-30-ML-G20,Barley Glucan,Succinic anhydride modification,D5,N5,0.7,0.3,Low,2,,,,,,,
BG-SA-D5-N5-R70-30-MU-G01,Barley Glucan,Succinic anhydride modification,D5,N5,0.7,0.3,Unspecified,0.1,,,,,,,
BG-SA-D5-N5-R70-30-MU-G08,Barley Glucan,Succinic anhydride modification,D5,N5,0.7,0.3,Unspecified,0.8,,,,,,,
BG-SA-D5-N5-R70-30-MU-G20,Barley Glucan,Succinic anhydride modification,D5,N5,0.7,0.3,Unspecified,2,,,,,,,
BG-SA-D5-N5-R50-50-MH-G01,Barley Glucan,Succinic anhydride modification,D5,N5,0.5,0.5,High,0.1,,,,,,,
BG-SA-D5-N5-R50-50-MH-G08,Barley Glucan,Succinic anhydride modification,D5,N5,0.5,0.5,High,0.8,,,,,,,
BG-SA-D5-N5-R50-50-MH-G20,Barley Glucan,Succinic anhydride modification,D5,N5,0.5,0.5,High,2,,,,,,,
BG-SA-D5-N5-R50-50-MM-G01,Barley Glucan,Succinic anhydride modification,D5,N5,0.5,0.5,Medium,0.1,,,,,,,
BG-SA-D5-N5-R50-50-MM-G08,Barley Glucan,Succinic anhydride modification,D5,N5,0.5,0.5,Medium,0.8,,,,,,,
BG-SA-D5-N5-R50-50-MM-G20,Barley Glucan,Succinic anhydride modification,D5,N5,0.5,0.5,Medium,2,,,,,,,
BG-SA-D5-N5-R50-50-ML-G01,Barley Glucan,Succinic anhydride modification,D5,N5,0.5,0.5,Low,0.1,,,,,,,
BG-SA-D5-N5-R50-50-ML-G08,Barley Glucan,Succinic anhydride modification,D5,N5,0.5,0.5,Low,0.8,,,,,,,
BG-SA-D5-N5-R50-50-ML-G20,Barley Glucan,Succinic anhydride modification,D5,N5,0.5,0.5,Low,2,,,,,,,
BG-SA-D5-N5-R50-50-MU-G01,Barley Glucan,Succinic anhydride modification,D5,N5,0.5,0.5,Unspecified,0.1,,,,,,,
BG-SA-D5-N5-R50-50-MU-G08,Barley Glucan,Succinic anhydride modification,D5,N5,0.5,0.5,Unspecified,0.8,,,,,,,
BG-SA-D5-N5-R50-50-MU-G20,Barley Glucan,Succinic anhydride modification,D5,N5,0.5,0.5,Unspecified,2,,,,,,,
BG-SA-D5-N6-R90-10-MH-G01,Barley Glucan,Succinic anhydride modification,D5,N6,0.9,0.1,High,0.1,,,,,,,
BG-SA-D5-N6-R90-10-MH-G08,Barley Glucan,Succinic anhydride modification,D5,N6,0.9,0.1,High,0.8,,,,,,,
BG-SA-D5-N6-R90-10-MH-G20,Barley Glucan,Succinic anhydride modification,D5,N6,0.9,0.1,High,2,,,,,,,
BG-SA-D5-N6-R90-10-MM-G01,Barley Glucan,Succinic anhydride modification,D5,N6,0.9,0.1,Medium,0.1,,,,,,,
BG-SA-D5-N6-R90-10-MM-G08,Barley Glucan,Succinic anhydride modification,D5,N6,0.9,0.1,Medium,0.8,,,,,,,
BG-SA-D5-N6-R90-10-MM-G20,Barley Glucan,Succinic anhydride modification,D5,N6,0.9,0.1,Medium,2,,,,,,,
BG-SA-D5-N6-R90-10-ML-G01,Barley Glucan,Succinic anhydride modification,D5,N6,0.9,0.1,Low,0.1,,,,,,,
BG-SA-D5-N6-R90-10-ML-G08,Barley Glucan,Succinic anhydride modification,D5,N6,0.9,0.1,Low,0.8,,,,,,,
BG-SA-D5-N6-R90-10-ML-G20,Barley Glucan,Succinic anhydride modification,D5,N6,0.9,0.1,Low,2,,,,,,,
BG-SA-D5-N6-R90-10-MU-G01,Barley Glucan,Succinic anhydride modification,D5,N6,0.9,0.1,Unspecified,0.1,,,,,,,
BG-SA-D5-N6-R90-10-MU-G08,Barley Glucan,Succinic anhydride modification,D5,N6,0.9,0.1,Unspecified,0.8,,,,,,,
BG-SA-D5-N6-R90-10-MU-G20,Barley Glucan,Succinic anhydride modification,D5,N6,0.9,0.1,Unspecified,2,,,,,,,
BG-SA-D5-N6-R70-30-MH-G01,Barley Glucan,Succinic anhydride modification,D5,N6,0.7,0.3,High,0.1,,,,,,,
BG-SA-D5-N6-R70-30-MH-G08,Barley Glucan,Succinic anhydride modification,D5,N6,0.7,0.3,High,0.8,,,,,,,
BG-SA-D5-N6-R70-30-MH-G20,Barley Glucan,Succinic anhydride modification,D5,N6,0.7,0.3,High,2,,,,,,,
BG-SA-D5-N6-R70-30-MM-G01,Barley Glucan,Succinic anhydride modification,D5,N6,0.7,0.3,Medium,0.1,,,,,,,
BG-SA-D5-N6-R70-30-MM-G08,Barley Glucan,Succinic anhydride modification,D5,N6,0.7,0.3,Medium,0.8,,,,,,,
BG-SA-D5-N6-R70-30-MM-G20,Barley Glucan,Succinic anhydride modification,D5,N6,0.7,0.3,Medium,2,,,,,,,
BG-SA-D5-N6-R70-30-ML-G01,Barley Glucan,Succinic anhydride modification,D5,N6,0.7,0.3,Low,0.1,,,,,,,
BG-SA-D5-N6-R70-30-ML-G08,Barley Glucan,Succinic anhydride modification,D5,N6,0.7,0.3,Low,0.8,,,,,,,
BG-SA-D5-N6-R70-30-ML-G20,Barley Glucan,Succinic anhydride modification,D5,N6,0.7,0.3,Low,2,,,,,,,
BG-SA-D5-N6-R70-30-MU-G01,Barley Glucan,Succinic anhydride modification,D5,N6,0.7,0.3,Unspecified,0.1,,,,,,,
BG-SA-D5-N6-R70-30-MU-G08,Barley Glucan,Succinic anhydride modification,D5,N6,0.7,0.3,Unspecified,0.8,,,,,,,
BG-SA-D5-N6-R70-30-MU-G20,Barley Glucan,Succinic anhydride modification,D5,N6,0.7,0.3,Unspecified,2,,,,,,,
BG-SA-D5-N6-R50-50-MH-G01,Barley Glucan,Succinic anhydride modification,D5,N6,0.5,0.5,High,0.1,,,,,,,
BG-SA-D5-N6-R50-50-MH-G08,Barley Glucan,Succinic anhydride modification,D5,N6,0.5,0.5,High,0.8,,,,,,,
BG-SA-D5-N6-R50-50-MH-G20,Barley Glucan,Succinic anhydride modification,D5,N6,0.5,0.5,High,2,,,,,,,
BG-SA-D5-N6-R50-50-MM-G01,Barley Glucan,Succinic anhydride modification,D5,N6,0.5,0.5,Medium,0.1,,,,,,,
BG-SA-D5-N6-R50-50-MM-G08,Barley Glucan,Succinic anhydride modification,D5,N6,0.5,0.5,Medium,0.8,,,,,,,
BG-SA-D5-N6-R50-50-MM-G20,Barley Glucan,Succinic anhydride modification,D5,N6,0.5,0.5,Medium,2,,,,,,,
BG-SA-D5-N6-R50-50-ML-G01,Barley Glucan,Succinic anhydride modification,D5,N6,0.5,0.5,Low,0.1,,,,,,,
BG-SA-D5-N6-R50-50-ML-G08,Barley Glucan,Succinic anhydride modification,D5,N6,0.5,0.5,Low,0.8,,,,,,,
BG-SA-D5-N6-R50-50-ML-G20,Barley Glucan,Succinic anhydride modification,D5,N6,0.5,0.5,Low,2,,,,,,,
BG-SA-D5-N6-R50-50-MU-G01,Barley Glucan,Succinic anhydride modification,D5,N6,0.5,0.5,Unspecified,0.1,,,,,,,
BG-SA-D5-N6-R50-50-MU-G08,Barley Glucan,Succinic anhydride modification,D5,N6,0.5,0.5,Unspecified,0.8,,,,,,,
BG-SA-D5-N6-R50-50-MU-G20,Barley Glucan,Succinic anhydride modification,D5,N6,0.5,0.5,Unspecified,2,,,,,,,
BG-HO-D1-N1-R90-10-MH-G01,Barley Glucan,H?O? oxidation,D1,N1,0.9,0.1,High,0.1,,,,,,,
BG-HO-D1-N1-R90-10-MH-G08,Barley Glucan,H?O? oxidation,D1,N1,0.9,0.1,High,0.8,,,,,,,
BG-HO-D1-N1-R90-10-MH-G20,Barley Glucan,H?O? oxidation,D1,N1,0.9,0.1,High,2,,,,,,,
BG-HO-D1-N1-R90-10-MM-G01,Barley Glucan,H?O? oxidation,D1,N1,0.9,0.1,Medium,0.1,,,,,,,
BG-HO-D1-N1-R90-10-MM-G08,Barley Glucan,H?O? oxidation,D1,N1,0.9,0.1,Medium,0.8,,,,,,,
BG-HO-D1-N1-R90-10-MM-G20,Barley Glucan,H?O? oxidation,D1,N1,0.9,0.1,Medium,2,,,,,,,
BG-HO-D1-N1-R90-10-ML-G01,Barley Glucan,H?O? oxidation,D1,N1,0.9,0.1,Low,0.1,,,,,,,
BG-HO-D1-N1-R90-10-ML-G08,Barley Glucan,H?O? oxidation,D1,N1,0.9,0.1,Low,0.8,,,,,,,
BG-HO-D1-N1-R90-10-ML-G20,Barley Glucan,H?O? oxidation,D1,N1,0.9,0.1,Low,2,,,,,,,
BG-HO-D1-N1-R90-10-MU-G01,Barley Glucan,H?O? oxidation,D1,N1,0.9,0.1,Unspecified,0.1,,,,,,,
BG-HO-D1-N1-R90-10-MU-G08,Barley Glucan,H?O? oxidation,D1,N1,0.9,0.1,Unspecified,0.8,,,,,,,
BG-HO-D1-N1-R90-10-MU-G20,Barley Glucan,H?O? oxidation,D1,N1,0.9,0.1,Unspecified,2,,,,,,,
BG-HO-D1-N1-R70-30-MH-G01,Barley Glucan,H?O? oxidation,D1,N1,0.7,0.3,High,0.1,,,,,,,
BG-HO-D1-N1-R70-30-MH-G08,Barley Glucan,H?O? oxidation,D1,N1,0.7,0.3,High,0.8,,,,,,,
BG-HO-D1-N1-R70-30-MH-G20,Barley Glucan,H?O? oxidation,D1,N1,0.7,0.3,High,2,,,,,,,
BG-HO-D1-N1-R70-30-MM-G01,Barley Glucan,H?O? oxidation,D1,N1,0.7,0.3,Medium,0.1,,,,,,,
BG-HO-D1-N1-R70-30-MM-G08,Barley Glucan,H?O? oxidation,D1,N1,0.7,0.3,Medium,0.8,,,,,,,
BG-HO-D1-N1-R70-30-MM-G20,Barley Glucan,H?O? oxidation,D1,N1,0.7,0.3,Medium,2,,,,,,,
BG-HO-D1-N1-R70-30-ML-G01,Barley Glucan,H?O? oxidation,D1,N1,0.7,0.3,Low,0.1,,,,,,,
BG-HO-D1-N1-R70-30-ML-G08,Barley Glucan,H?O? oxidation,D1,N1,0.7,0.3,Low,0.8,,,,,,,
BG-HO-D1-N1-R70-30-ML-G20,Barley Glucan,H?O? oxidation,D1,N1,0.7,0.3,Low,2,,,,,,,
BG-HO-D1-N1-R70-30-MU-G01,Barley Glucan,H?O? oxidation,D1,N1,0.7,0.3,Unspecified,0.1,,,,,,,
BG-HO-D1-N1-R70-30-MU-G08,Barley Glucan,H?O? oxidation,D1,N1,0.7,0.3,Unspecified,0.8,,,,,,,
BG-HO-D1-N1-R70-30-MU-G20,Barley Glucan,H?O? oxidation,D1,N1,0.7,0.3,Unspecified,2,,,,,,,
BG-HO-D1-N1-R50-50-MH-G01,Barley Glucan,H?O? oxidation,D1,N1,0.5,0.5,High,0.1,,,,,,,
BG-HO-D1-N1-R50-50-MH-G08,Barley Glucan,H?O? oxidation,D1,N1,0.5,0.5,High,0.8,,,,,,,
BG-HO-D1-N1-R50-50-MH-G20,Barley Glucan,H?O? oxidation,D1,N1,0.5,0.5,High,2,,,,,,,
BG-HO-D1-N1-R50-50-MM-G01,Barley Glucan,H?O? oxidation,D1,N1,0.5,0.5,Medium,0.1,,,,,,,
BG-HO-D1-N1-R50-50-MM-G08,Barley Glucan,H?O? oxidation,D1,N1,0.5,0.5,Medium,0.8,,,,,,,
BG-HO-D1-N1-R50-50-MM-G20,Barley Glucan,H?O? oxidation,D1,N1,0.5,0.5,Medium,2,,,,,,,
BG-HO-D1-N1-R50-50-ML-G01,Barley Glucan,H?O? oxidation,D1,N1,0.5,0.5,Low,0.1,,,,,,,
BG-HO-D1-N1-R50-50-ML-G08,Barley Glucan,H?O? oxidation,D1,N1,0.5,0.5,Low,0.8,,,,,,,
BG-HO-D1-N1-R50-50-ML-G20,Barley Glucan,H?O? oxidation,D1,N1,0.5,0.5,Low,2,,,,,,,
BG-HO-D1-N1-R50-50-MU-G01,Barley Glucan,H?O? oxidation,D1,N1,0.5,0.5,Unspecified,0.1,,,,,,,
BG-HO-D1-N1-R50-50-MU-G08,Barley Glucan,H?O? oxidation,D1,N1,0.5,0.5,Unspecified,0.8,,,,,,,
BG-HO-D1-N1-R50-50-MU-G20,Barley Glucan,H?O? oxidation,D1,N1,0.5,0.5,Unspecified,2,,,,,,,
BG-HO-D1-N2-R90-10-MH-G01,Barley Glucan,H?O? oxidation,D1,N2,0.9,0.1,High,0.1,,,,,,,
BG-HO-D1-N2-R90-10-MH-G08,Barley Glucan,H?O? oxidation,D1,N2,0.9,0.1,High,0.8,,,,,,,
BG-HO-D1-N2-R90-10-MH-G20,Barley Glucan,H?O? oxidation,D1,N2,0.9,0.1,High,2,,,,,,,
BG-HO-D1-N2-R90-10-MM-G01,Barley Glucan,H?O? oxidation,D1,N2,0.9,0.1,Medium,0.1,,,,,,,
BG-HO-D1-N2-R90-10-MM-G08,Barley Glucan,H?O? oxidation,D1,N2,0.9,0.1,Medium,0.8,,,,,,,
BG-HO-D1-N2-R90-10-MM-G20,Barley Glucan,H?O? oxidation,D1,N2,0.9,0.1,Medium,2,,,,,,,
BG-HO-D1-N2-R90-10-ML-G01,Barley Glucan,H?O? oxidation,D1,N2,0.9,0.1,Low,0.1,,,,,,,
BG-HO-D1-N2-R90-10-ML-G08,Barley Glucan,H?O? oxidation,D1,N2,0.9,0.1,Low,0.8,,,,,,,
BG-HO-D1-N2-R90-10-ML-G20,Barley Glucan,H?O? oxidation,D1,N2,0.9,0.1,Low,2,,,,,,,
BG-HO-D1-N2-R90-10-MU-G01,Barley Glucan,H?O? oxidation,D1,N2,0.9,0.1,Unspecified,0.1,,,,,,,
BG-HO-D1-N2-R90-10-MU-G08,Barley Glucan,H?O? oxidation,D1,N2,0.9,0.1,Unspecified,0.8,,,,,,,
BG-HO-D1-N2-R90-10-MU-G20,Barley Glucan,H?O? oxidation,D1,N2,0.9,0.1,Unspecified,2,,,,,,,
BG-HO-D1-N2-R70-30-MH-G01,Barley Glucan,H?O? oxidation,D1,N2,0.7,0.3,High,0.1,,,,,,,
BG-HO-D1-N2-R70-30-MH-G08,Barley Glucan,H?O? oxidation,D1,N2,0.7,0.3,High,0.8,,,,,,,
BG-HO-D1-N2-R70-30-MH-G20,Barley Glucan,H?O? oxidation,D1,N2,0.7,0.3,High,2,,,,,,,
BG-HO-D1-N2-R70-30-MM-G01,Barley Glucan,H?O? oxidation,D1,N2,0.7,0.3,Medium,0.1,,,,,,,
BG-HO-D1-N2-R70-30-MM-G08,Barley Glucan,H?O? oxidation,D1,N2,0.7,0.3,Medium,0.8,,,,,,,
BG-HO-D1-N2-R70-30-MM-G20,Barley Glucan,H?O? oxidation,D1,N2,0.7,0.3,Medium,2,,,,,,,
BG-HO-D1-N2-R70-30-ML-G01,Barley Glucan,H?O? oxidation,D1,N2,0.7,0.3,Low,0.1,,,,,,,
BG-HO-D1-N2-R70-30-ML-G08,Barley Glucan,H?O? oxidation,D1,N2,0.7,0.3,Low,0.8,,,,,,,
BG-HO-D1-N2-R70-30-ML-G20,Barley Glucan,H?O? oxidation,D1,N2,0.7,0.3,Low,2,,,,,,,
BG-HO-D1-N2-R70-30-MU-G01,Barley Glucan,H?O? oxidation,D1,N2,0.7,0.3,Unspecified,0.1,,,,,,,
BG-HO-D1-N2-R70-30-MU-G08,Barley Glucan,H?O? oxidation,D1,N2,0.7,0.3,Unspecified,0.8,,,,,,,
BG-HO-D1-N2-R70-30-MU-G20,Barley Glucan,H?O? oxidation,D1,N2,0.7,0.3,Unspecified,2,,,,,,,
BG-HO-D1-N2-R50-50-MH-G01,Barley Glucan,H?O? oxidation,D1,N2,0.5,0.5,High,0.1,,,,,,,
BG-HO-D1-N2-R50-50-MH-G08,Barley Glucan,H?O? oxidation,D1,N2,0.5,0.5,High,0.8,,,,,,,
BG-HO-D1-N2-R50-50-MH-G20,Barley Glucan,H?O? oxidation,D1,N2,0.5,0.5,High,2,,,,,,,
BG-HO-D1-N2-R50-50-MM-G01,Barley Glucan,H?O? oxidation,D1,N2,0.5,0.5,Medium,0.1,,,,,,,
BG-HO-D1-N2-R50-50-MM-G08,Barley Glucan,H?O? oxidation,D1,N2,0.5,0.5,Medium,0.8,,,,,,,
BG-HO-D1-N2-R50-50-MM-G20,Barley Glucan,H?O? oxidation,D1,N2,0.5,0.5,Medium,2,,,,,,,
BG-HO-D1-N2-R50-50-ML-G01,Barley Glucan,H?O? oxidation,D1,N2,0.5,0.5,Low,0.1,,,,,,,
BG-HO-D1-N2-R50-50-ML-G08,Barley Glucan,H?O? oxidation,D1,N2,0.5,0.5,Low,0.8,,,,,,,
BG-HO-D1-N2-R50-50-ML-G20,Barley Glucan,H?O? oxidation,D1,N2,0.5,0.5,Low,2,,,,,,,
BG-HO-D1-N2-R50-50-MU-G01,Barley Glucan,H?O? oxidation,D1,N2,0.5,0.5,Unspecified,0.1,,,,,,,
BG-HO-D1-N2-R50-50-MU-G08,Barley Glucan,H?O? oxidation,D1,N2,0.5,0.5,Unspecified,0.8,,,,,,,
BG-HO-D1-N2-R50-50-MU-G20,Barley Glucan,H?O? oxidation,D1,N2,0.5,0.5,Unspecified,2,,,,,,,
BG-HO-D1-N3-R90-10-MH-G01,Barley Glucan,H?O? oxidation,D1,N3,0.9,0.1,High,0.1,,,,,,,
BG-HO-D1-N3-R90-10-MH-G08,Barley Glucan,H?O? oxidation,D1,N3,0.9,0.1,High,0.8,,,,,,,
BG-HO-D1-N3-R90-10-MH-G20,Barley Glucan,H?O? oxidation,D1,N3,0.9,0.1,High,2,,,,,,,
BG-HO-D1-N3-R90-10-MM-G01,Barley Glucan,H?O? oxidation,D1,N3,0.9,0.1,Medium,0.1,,,,,,,
BG-HO-D1-N3-R90-10-MM-G08,Barley Glucan,H?O? oxidation,D1,N3,0.9,0.1,Medium,0.8,,,,,,,
BG-HO-D1-N3-R90-10-MM-G20,Barley Glucan,H?O? oxidation,D1,N3,0.9,0.1,Medium,2,,,,,,,
BG-HO-D1-N3-R90-10-ML-G01,Barley Glucan,H?O? oxidation,D1,N3,0.9,0.1,Low,0.1,,,,,,,
BG-HO-D1-N3-R90-10-ML-G08,Barley Glucan,H?O? oxidation,D1,N3,0.9,0.1,Low,0.8,,,,,,,
BG-HO-D1-N3-R90-10-ML-G20,Barley Glucan,H?O? oxidation,D1,N3,0.9,0.1,Low,2,,,,,,,
BG-HO-D1-N3-R90-10-MU-G01,Barley Glucan,H?O? oxidation,D1,N3,0.9,0.1,Unspecified,0.1,,,,,,,
BG-HO-D1-N3-R90-10-MU-G08,Barley Glucan,H?O? oxidation,D1,N3,0.9,0.1,Unspecified,0.8,,,,,,,
BG-HO-D1-N3-R90-10-MU-G20,Barley Glucan,H?O? oxidation,D1,N3,0.9,0.1,Unspecified,2,,,,,,,
BG-HO-D1-N3-R70-30-MH-G01,Barley Glucan,H?O? oxidation,D1,N3,0.7,0.3,High,0.1,,,,,,,
BG-HO-D1-N3-R70-30-MH-G08,Barley Glucan,H?O? oxidation,D1,N3,0.7,0.3,High,0.8,,,,,,,
BG-HO-D1-N3-R70-30-MH-G20,Barley Glucan,H?O? oxidation,D1,N3,0.7,0.3,High,2,,,,,,,
BG-HO-D1-N3-R70-30-MM-G01,Barley Glucan,H?O? oxidation,D1,N3,0.7,0.3,Medium,0.1,,,,,,,
BG-HO-D1-N3-R70-30-MM-G08,Barley Glucan,H?O? oxidation,D1,N3,0.7,0.3,Medium,0.8,,,,,,,
BG-HO-D1-N3-R70-30-MM-G20,Barley Glucan,H?O? oxidation,D1,N3,0.7,0.3,Medium,2,,,,,,,
BG-HO-D1-N3-R70-30-ML-G01,Barley Glucan,H?O? oxidation,D1,N3,0.7,0.3,Low,0.1,,,,,,,
BG-HO-D1-N3-R70-30-ML-G08,Barley Glucan,H?O? oxidation,D1,N3,0.7,0.3,Low,0.8,,,,,,,
BG-HO-D1-N3-R70-30-ML-G20,Barley Glucan,H?O? oxidation,D1,N3,0.7,0.3,Low,2,,,,,,,
BG-HO-D1-N3-R70-30-MU-G01,Barley Glucan,H?O? oxidation,D1,N3,0.7,0.3,Unspecified,0.1,,,,,,,
BG-HO-D1-N3-R70-30-MU-G08,Barley Glucan,H?O? oxidation,D1,N3,0.7,0.3,Unspecified,0.8,,,,,,,
BG-HO-D1-N3-R70-30-MU-G20,Barley Glucan,H?O? oxidation,D1,N3,0.7,0.3,Unspecified,2,,,,,,,
BG-HO-D1-N3-R50-50-MH-G01,Barley Glucan,H?O? oxidation,D1,N3,0.5,0.5,High,0.1,,,,,,,
BG-HO-D1-N3-R50-50-MH-G08,Barley Glucan,H?O? oxidation,D1,N3,0.5,0.5,High,0.8,,,,,,,
BG-HO-D1-N3-R50-50-MH-G20,Barley Glucan,H?O? oxidation,D1,N3,0.5,0.5,High,2,,,,,,,
BG-HO-D1-N3-R50-50-MM-G01,Barley Glucan,H?O? oxidation,D1,N3,0.5,0.5,Medium,0.1,,,,,,,
BG-HO-D1-N3-R50-50-MM-G08,Barley Glucan,H?O? oxidation,D1,N3,0.5,0.5,Medium,0.8,,,,,,,
BG-HO-D1-N3-R50-50-MM-G20,Barley Glucan,H?O? oxidation,D1,N3,0.5,0.5,Medium,2,,,,,,,
BG-HO-D1-N3-R50-50-ML-G01,Barley Glucan,H?O? oxidation,D1,N3,0.5,0.5,Low,0.1,,,,,,,
BG-HO-D1-N3-R50-50-ML-G08,Barley Glucan,H?O? oxidation,D1,N3,0.5,0.5,Low,0.8,,,,,,,
BG-HO-D1-N3-R50-50-ML-G20,Barley Glucan,H?O? oxidation,D1,N3,0.5,0.5,Low,2,,,,,,,
BG-HO-D1-N3-R50-50-MU-G01,Barley Glucan,H?O? oxidation,D1,N3,0.5,0.5,Unspecified,0.1,,,,,,,
BG-HO-D1-N3-R50-50-MU-G08,Barley Glucan,H?O? oxidation,D1,N3,0.5,0.5,Unspecified,0.8,,,,,,,
BG-HO-D1-N3-R50-50-MU-G20,Barley Glucan,H?O? oxidation,D1,N3,0.5,0.5,Unspecified,2,,,,,,,
BG-HO-D1-N4-R90-10-MH-G01,Barley Glucan,H?O? oxidation,D1,N4,0.9,0.1,High,0.1,,,,,,,
BG-HO-D1-N4-R90-10-MH-G08,Barley Glucan,H?O? oxidation,D1,N4,0.9,0.1,High,0.8,,,,,,,
BG-HO-D1-N4-R90-10-MH-G20,Barley Glucan,H?O? oxidation,D1,N4,0.9,0.1,High,2,,,,,,,
BG-HO-D1-N4-R90-10-MM-G01,Barley Glucan,H?O? oxidation,D1,N4,0.9,0.1,Medium,0.1,,,,,,,
BG-HO-D1-N4-R90-10-MM-G08,Barley Glucan,H?O? oxidation,D1,N4,0.9,0.1,Medium,0.8,,,,,,,
BG-HO-D1-N4-R90-10-MM-G20,Barley Glucan,H?O? oxidation,D1,N4,0.9,0.1,Medium,2,,,,,,,
BG-HO-D1-N4-R90-10-ML-G01,Barley Glucan,H?O? oxidation,D1,N4,0.9,0.1,Low,0.1,,,,,,,
BG-HO-D1-N4-R90-10-ML-G08,Barley Glucan,H?O? oxidation,D1,N4,0.9,0.1,Low,0.8,,,,,,,
BG-HO-D1-N4-R90-10-ML-G20,Barley Glucan,H?O? oxidation,D1,N4,0.9,0.1,Low,2,,,,,,,
BG-HO-D1-N4-R90-10-MU-G01,Barley Glucan,H?O? oxidation,D1,N4,0.9,0.1,Unspecified,0.1,,,,,,,
BG-HO-D1-N4-R90-10-MU-G08,Barley Glucan,H?O? oxidation,D1,N4,0.9,0.1,Unspecified,0.8,,,,,,,
BG-HO-D1-N4-R90-10-MU-G20,Barley Glucan,H?O? oxidation,D1,N4,0.9,0.1,Unspecified,2,,,,,,,
BG-HO-D1-N4-R70-30-MH-G01,Barley Glucan,H?O? oxidation,D1,N4,0.7,0.3,High,0.1,,,,,,,
BG-HO-D1-N4-R70-30-MH-G08,Barley Glucan,H?O? oxidation,D1,N4,0.7,0.3,High,0.8,,,,,,,
BG-HO-D1-N4-R70-30-MH-G20,Barley Glucan,H?O? oxidation,D1,N4,0.7,0.3,High,2,,,,,,,
BG-HO-D1-N4-R70-30-MM-G01,Barley Glucan,H?O? oxidation,D1,N4,0.7,0.3,Medium,0.1,,,,,,,
BG-HO-D1-N4-R70-30-MM-G08,Barley Glucan,H?O? oxidation,D1,N4,0.7,0.3,Medium,0.8,,,,,,,
BG-HO-D1-N4-R70-30-MM-G20,Barley Glucan,H?O? oxidation,D1,N4,0.7,0.3,Medium,2,,,,,,,
BG-HO-D1-N4-R70-30-ML-G01,Barley Glucan,H?O? oxidation,D1,N4,0.7,0.3,Low,0.1,,,,,,,
BG-HO-D1-N4-R70-30-ML-G08,Barley Glucan,H?O? oxidation,D1,N4,0.7,0.3,Low,0.8,,,,,,,
BG-HO-D1-N4-R70-30-ML-G20,Barley Glucan,H?O? oxidation,D1,N4,0.7,0.3,Low,2,,,,,,,
BG-HO-D1-N4-R70-30-MU-G01,Barley Glucan,H?O? oxidation,D1,N4,0.7,0.3,Unspecified,0.1,,,,,,,
BG-HO-D1-N4-R70-30-MU-G08,Barley Glucan,H?O? oxidation,D1,N4,0.7,0.3,Unspecified,0.8,,,,,,,
BG-HO-D1-N4-R70-30-MU-G20,Barley Glucan,H?O? oxidation,D1,N4,0.7,0.3,Unspecified,2,,,,,,,
BG-HO-D1-N4-R50-50-MH-G01,Barley Glucan,H?O? oxidation,D1,N4,0.5,0.5,High,0.1,,,,,,,
BG-HO-D1-N4-R50-50-MH-G08,Barley Glucan,H?O? oxidation,D1,N4,0.5,0.5,High,0.8,,,,,,,
BG-HO-D1-N4-R50-50-MH-G20,Barley Glucan,H?O? oxidation,D1,N4,0.5,0.5,High,2,,,,,,,
BG-HO-D1-N4-R50-50-MM-G01,Barley Glucan,H?O? oxidation,D1,N4,0.5,0.5,Medium,0.1,,,,,,,
BG-HO-D1-N4-R50-50-MM-G08,Barley Glucan,H?O? oxidation,D1,N4,0.5,0.5,Medium,0.8,,,,,,,
BG-HO-D1-N4-R50-50-MM-G20,Barley Glucan,H?O? oxidation,D1,N4,0.5,0.5,Medium,2,,,,,,,
BG-HO-D1-N4-R50-50-ML-G01,Barley Glucan,H?O? oxidation,D1,N4,0.5,0.5,Low,0.1,,,,,,,
BG-HO-D1-N4-R50-50-ML-G08,Barley Glucan,H?O? oxidation,D1,N4,0.5,0.5,Low,0.8,,,,,,,
BG-HO-D1-N4-R50-50-ML-G20,Barley Glucan,H?O? oxidation,D1,N4,0.5,0.5,Low,2,,,,,,,
BG-HO-D1-N4-R50-50-MU-G01,Barley Glucan,H?O? oxidation,D1,N4,0.5,0.5,Unspecified,0.1,,,,,,,
BG-HO-D1-N4-R50-50-MU-G08,Barley Glucan,H?O? oxidation,D1,N4,0.5,0.5,Unspecified,0.8,,,,,,,
BG-HO-D1-N4-R50-50-MU-G20,Barley Glucan,H?O? oxidation,D1,N4,0.5,0.5,Unspecified,2,,,,,,,
BG-HO-D1-N5-R90-10-MH-G01,Barley Glucan,H?O? oxidation,D1,N5,0.9,0.1,High,0.1,,,,,,,
BG-HO-D1-N5-R90-10-MH-G08,Barley Glucan,H?O? oxidation,D1,N5,0.9,0.1,High,0.8,,,,,,,
BG-HO-D1-N5-R90-10-MH-G20,Barley Glucan,H?O? oxidation,D1,N5,0.9,0.1,High,2,,,,,,,
BG-HO-D1-N5-R90-10-MM-G01,Barley Glucan,H?O? oxidation,D1,N5,0.9,0.1,Medium,0.1,,,,,,,
BG-HO-D1-N5-R90-10-MM-G08,Barley Glucan,H?O? oxidation,D1,N5,0.9,0.1,Medium,0.8,,,,,,,
BG-HO-D1-N5-R90-10-MM-G20,Barley Glucan,H?O? oxidation,D1,N5,0.9,0.1,Medium,2,,,,,,,
BG-HO-D1-N5-R90-10-ML-G01,Barley Glucan,H?O? oxidation,D1,N5,0.9,0.1,Low,0.1,,,,,,,
BG-HO-D1-N5-R90-10-ML-G08,Barley Glucan,H?O? oxidation,D1,N5,0.9,0.1,Low,0.8,,,,,,,
BG-HO-D1-N5-R90-10-ML-G20,Barley Glucan,H?O? oxidation,D1,N5,0.9,0.1,Low,2,,,,,,,
BG-HO-D1-N5-R90-10-MU-G01,Barley Glucan,H?O? oxidation,D1,N5,0.9,0.1,Unspecified,0.1,,,,,,,
BG-HO-D1-N5-R90-10-MU-G08,Barley Glucan,H?O? oxidation,D1,N5,0.9,0.1,Unspecified,0.8,,,,,,,
BG-HO-D1-N5-R90-10-MU-G20,Barley Glucan,H?O? oxidation,D1,N5,0.9,0.1,Unspecified,2,,,,,,,
BG-HO-D1-N5-R70-30-MH-G01,Barley Glucan,H?O? oxidation,D1,N5,0.7,0.3,High,0.1,,,,,,,
BG-HO-D1-N5-R70-30-MH-G08,Barley Glucan,H?O? oxidation,D1,N5,0.7,0.3,High,0.8,,,,,,,
BG-HO-D1-N5-R70-30-MH-G20,Barley Glucan,H?O? oxidation,D1,N5,0.7,0.3,High,2,,,,,,,
BG-HO-D1-N5-R70-30-MM-G01,Barley Glucan,H?O? oxidation,D1,N5,0.7,0.3,Medium,0.1,,,,,,,
BG-HO-D1-N5-R70-30-MM-G08,Barley Glucan,H?O? oxidation,D1,N5,0.7,0.3,Medium,0.8,,,,,,,
BG-HO-D1-N5-R70-30-MM-G20,Barley Glucan,H?O? oxidation,D1,N5,0.7,0.3,Medium,2,,,,,,,
BG-HO-D1-N5-R70-30-ML-G01,Barley Glucan,H?O? oxidation,D1,N5,0.7,0.3,Low,0.1,,,,,,,
BG-HO-D1-N5-R70-30-ML-G08,Barley Glucan,H?O? oxidation,D1,N5,0.7,0.3,Low,0.8,,,,,,,
BG-HO-D1-N5-R70-30-ML-G20,Barley Glucan,H?O? oxidation,D1,N5,0.7,0.3,Low,2,,,,,,,
BG-HO-D1-N5-R70-30-MU-G01,Barley Glucan,H?O? oxidation,D1,N5,0.7,0.3,Unspecified,0.1,,,,,,,
BG-HO-D1-N5-R70-30-MU-G08,Barley Glucan,H?O? oxidation,D1,N5,0.7,0.3,Unspecified,0.8,,,,,,,
BG-HO-D1-N5-R70-30-MU-G20,Barley Glucan,H?O? oxidation,D1,N5,0.7,0.3,Unspecified,2,,,,,,,
BG-HO-D1-N5-R50-50-MH-G01,Barley Glucan,H?O? oxidation,D1,N5,0.5,0.5,High,0.1,,,,,,,
BG-HO-D1-N5-R50-50-MH-G08,Barley Glucan,H?O? oxidation,D1,N5,0.5,0.5,High,0.8,,,,,,,
BG-HO-D1-N5-R50-50-MH-G20,Barley Glucan,H?O? oxidation,D1,N5,0.5,0.5,High,2,,,,,,,
BG-HO-D1-N5-R50-50-MM-G01,Barley Glucan,H?O? oxidation,D1,N5,0.5,0.5,Medium,0.1,,,,,,,
BG-HO-D1-N5-R50-50-MM-G08,Barley Glucan,H?O? oxidation,D1,N5,0.5,0.5,Medium,0.8,,,,,,,
BG-HO-D1-N5-R50-50-MM-G20,Barley Glucan,H?O? oxidation,D1,N5,0.5,0.5,Medium,2,,,,,,,
BG-HO-D1-N5-R50-50-ML-G01,Barley Glucan,H?O? oxidation,D1,N5,0.5,0.5,Low,0.1,,,,,,,
BG-HO-D1-N5-R50-50-ML-G08,Barley Glucan,H?O? oxidation,D1,N5,0.5,0.5,Low,0.8,,,,,,,
BG-HO-D1-N5-R50-50-ML-G20,Barley Glucan,H?O? oxidation,D1,N5,0.5,0.5,Low,2,,,,,,,
BG-HO-D1-N5-R50-50-MU-G01,Barley Glucan,H?O? oxidation,D1,N5,0.5,0.5,Unspecified,0.1,,,,,,,
BG-HO-D1-N5-R50-50-MU-G08,Barley Glucan,H?O? oxidation,D1,N5,0.5,0.5,Unspecified,0.8,,,,,,,
BG-HO-D1-N5-R50-50-MU-G20,Barley Glucan,H?O? oxidation,D1,N5,0.5,0.5,Unspecified,2,,,,,,,
BG-HO-D1-N6-R90-10-MH-G01,Barley Glucan,H?O? oxidation,D1,N6,0.9,0.1,High,0.1,,,,,,,
BG-HO-D1-N6-R90-10-MH-G08,Barley Glucan,H?O? oxidation,D1,N6,0.9,0.1,High,0.8,,,,,,,
BG-HO-D1-N6-R90-10-MH-G20,Barley Glucan,H?O? oxidation,D1,N6,0.9,0.1,High,2,,,,,,,
BG-HO-D1-N6-R90-10-MM-G01,Barley Glucan,H?O? oxidation,D1,N6,0.9,0.1,Medium,0.1,,,,,,,
BG-HO-D1-N6-R90-10-MM-G08,Barley Glucan,H?O? oxidation,D1,N6,0.9,0.1,Medium,0.8,,,,,,,
BG-HO-D1-N6-R90-10-MM-G20,Barley Glucan,H?O? oxidation,D1,N6,0.9,0.1,Medium,2,,,,,,,
BG-HO-D1-N6-R90-10-ML-G01,Barley Glucan,H?O? oxidation,D1,N6,0.9,0.1,Low,0.1,,,,,,,
BG-HO-D1-N6-R90-10-ML-G08,Barley Glucan,H?O? oxidation,D1,N6,0.9,0.1,Low,0.8,,,,,,,
BG-HO-D1-N6-R90-10-ML-G20,Barley Glucan,H?O? oxidation,D1,N6,0.9,0.1,Low,2,,,,,,,
BG-HO-D1-N6-R90-10-MU-G01,Barley Glucan,H?O? oxidation,D1,N6,0.9,0.1,Unspecified,0.1,,,,,,,
BG-HO-D1-N6-R90-10-MU-G08,Barley Glucan,H?O? oxidation,D1,N6,0.9,0.1,Unspecified,0.8,,,,,,,
BG-HO-D1-N6-R90-10-MU-G20,Barley Glucan,H?O? oxidation,D1,N6,0.9,0.1,Unspecified,2,,,,,,,
BG-HO-D1-N6-R70-30-MH-G01,Barley Glucan,H?O? oxidation,D1,N6,0.7,0.3,High,0.1,,,,,,,
BG-HO-D1-N6-R70-30-MH-G08,Barley Glucan,H?O? oxidation,D1,N6,0.7,0.3,High,0.8,,,,,,,
BG-HO-D1-N6-R70-30-MH-G20,Barley Glucan,H?O? oxidation,D1,N6,0.7,0.3,High,2,,,,,,,
BG-HO-D1-N6-R70-30-MM-G01,Barley Glucan,H?O? oxidation,D1,N6,0.7,0.3,Medium,0.1,,,,,,,
BG-HO-D1-N6-R70-30-MM-G08,Barley Glucan,H?O? oxidation,D1,N6,0.7,0.3,Medium,0.8,,,,,,,
BG-HO-D1-N6-R70-30-MM-G20,Barley Glucan,H?O? oxidation,D1,N6,0.7,0.3,Medium,2,,,,,,,
BG-HO-D1-N6-R70-30-ML-G01,Barley Glucan,H?O? oxidation,D1,N6,0.7,0.3,Low,0.1,,,,,,,
BG-HO-D1-N6-R70-30-ML-G08,Barley Glucan,H?O? oxidation,D1,N6,0.7,0.3,Low,0.8,,,,,,,
BG-HO-D1-N6-R70-30-ML-G20,Barley Glucan,H?O? oxidation,D1,N6,0.7,0.3,Low,2,,,,,,,
BG-HO-D1-N6-R70-30-MU-G01,Barley Glucan,H?O? oxidation,D1,N6,0.7,0.3,Unspecified,0.1,,,,,,,
BG-HO-D1-N6-R70-30-MU-G08,Barley Glucan,H?O? oxidation,D1,N6,0.7,0.3,Unspecified,0.8,,,,,,,
BG-HO-D1-N6-R70-30-MU-G20,Barley Glucan,H?O? oxidation,D1,N6,0.7,0.3,Unspecified,2,,,,,,,
BG-HO-D1-N6-R50-50-MH-G01,Barley Glucan,H?O? oxidation,D1,N6,0.5,0.5,High,0.1,,,,,,,
BG-HO-D1-N6-R50-50-MH-G08,Barley Glucan,H?O? oxidation,D1,N6,0.5,0.5,High,0.8,,,,,,,
BG-HO-D1-N6-R50-50-MH-G20,Barley Glucan,H?O? oxidation,D1,N6,0.5,0.5,High,2,,,,,,,
BG-HO-D1-N6-R50-50-MM-G01,Barley Glucan,H?O? oxidation,D1,N6,0.5,0.5,Medium,0.1,,,,,,,
BG-HO-D1-N6-R50-50-MM-G08,Barley Glucan,H?O? oxidation,D1,N6,0.5,0.5,Medium,0.8,,,,,,,
BG-HO-D1-N6-R50-50-MM-G20,Barley Glucan,H?O? oxidation,D1,N6,0.5,0.5,Medium,2,,,,,,,
BG-HO-D1-N6-R50-50-ML-G01,Barley Glucan,H?O? oxidation,D1,N6,0.5,0.5,Low,0.1,,,,,,,
BG-HO-D1-N6-R50-50-ML-G08,Barley Glucan,H?O? oxidation,D1,N6,0.5,0.5,Low,0.8,,,,,,,
BG-HO-D1-N6-R50-50-ML-G20,Barley Glucan,H?O? oxidation,D1,N6,0.5,0.5,Low,2,,,,,,,
BG-HO-D1-N6-R50-50-MU-G01,Barley Glucan,H?O? oxidation,D1,N6,0.5,0.5,Unspecified,0.1,,,,,,,
BG-HO-D1-N6-R50-50-MU-G08,Barley Glucan,H?O? oxidation,D1,N6,0.5,0.5,Unspecified,0.8,,,,,,,
BG-HO-D1-N6-R50-50-MU-G20,Barley Glucan,H?O? oxidation,D1,N6,0.5,0.5,Unspecified,2,,,,,,,
BG-HO-D2-N1-R90-10-MH-G01,Barley Glucan,H?O? oxidation,D2,N1,0.9,0.1,High,0.1,,,,,,,
BG-HO-D2-N1-R90-10-MH-G08,Barley Glucan,H?O? oxidation,D2,N1,0.9,0.1,High,0.8,,,,,,,
BG-HO-D2-N1-R90-10-MH-G20,Barley Glucan,H?O? oxidation,D2,N1,0.9,0.1,High,2,,,,,,,
BG-HO-D2-N1-R90-10-MM-G01,Barley Glucan,H?O? oxidation,D2,N1,0.9,0.1,Medium,0.1,,,,,,,
BG-HO-D2-N1-R90-10-MM-G08,Barley Glucan,H?O? oxidation,D2,N1,0.9,0.1,Medium,0.8,,,,,,,
BG-HO-D2-N1-R90-10-MM-G20,Barley Glucan,H?O? oxidation,D2,N1,0.9,0.1,Medium,2,,,,,,,
BG-HO-D2-N1-R90-10-ML-G01,Barley Glucan,H?O? oxidation,D2,N1,0.9,0.1,Low,0.1,,,,,,,
BG-HO-D2-N1-R90-10-ML-G08,Barley Glucan,H?O? oxidation,D2,N1,0.9,0.1,Low,0.8,,,,,,,
BG-HO-D2-N1-R90-10-ML-G20,Barley Glucan,H?O? oxidation,D2,N1,0.9,0.1,Low,2,,,,,,,
BG-HO-D2-N1-R90-10-MU-G01,Barley Glucan,H?O? oxidation,D2,N1,0.9,0.1,Unspecified,0.1,,,,,,,
BG-HO-D2-N1-R90-10-MU-G08,Barley Glucan,H?O? oxidation,D2,N1,0.9,0.1,Unspecified,0.8,,,,,,,
BG-HO-D2-N1-R90-10-MU-G20,Barley Glucan,H?O? oxidation,D2,N1,0.9,0.1,Unspecified,2,,,,,,,
BG-HO-D2-N1-R70-30-MH-G01,Barley Glucan,H?O? oxidation,D2,N1,0.7,0.3,High,0.1,,,,,,,
BG-HO-D2-N1-R70-30-MH-G08,Barley Glucan,H?O? oxidation,D2,N1,0.7,0.3,High,0.8,,,,,,,
BG-HO-D2-N1-R70-30-MH-G20,Barley Glucan,H?O? oxidation,D2,N1,0.7,0.3,High,2,,,,,,,
BG-HO-D2-N1-R70-30-MM-G01,Barley Glucan,H?O? oxidation,D2,N1,0.7,0.3,Medium,0.1,,,,,,,
BG-HO-D2-N1-R70-30-MM-G08,Barley Glucan,H?O? oxidation,D2,N1,0.7,0.3,Medium,0.8,,,,,,,
BG-HO-D2-N1-R70-30-MM-G20,Barley Glucan,H?O? oxidation,D2,N1,0.7,0.3,Medium,2,,,,,,,
BG-HO-D2-N1-R70-30-ML-G01,Barley Glucan,H?O? oxidation,D2,N1,0.7,0.3,Low,0.1,,,,,,,
BG-HO-D2-N1-R70-30-ML-G08,Barley Glucan,H?O? oxidation,D2,N1,0.7,0.3,Low,0.8,,,,,,,
BG-HO-D2-N1-R70-30-ML-G20,Barley Glucan,H?O? oxidation,D2,N1,0.7,0.3,Low,2,,,,,,,
BG-HO-D2-N1-R70-30-MU-G01,Barley Glucan,H?O? oxidation,D2,N1,0.7,0.3,Unspecified,0.1,,,,,,,
BG-HO-D2-N1-R70-30-MU-G08,Barley Glucan,H?O? oxidation,D2,N1,0.7,0.3,Unspecified,0.8,,,,,,,
BG-HO-D2-N1-R70-30-MU-G20,Barley Glucan,H?O? oxidation,D2,N1,0.7,0.3,Unspecified,2,,,,,,,
BG-HO-D2-N1-R50-50-MH-G01,Barley Glucan,H?O? oxidation,D2,N1,0.5,0.5,High,0.1,,,,,,,
BG-HO-D2-N1-R50-50-MH-G08,Barley Glucan,H?O? oxidation,D2,N1,0.5,0.5,High,0.8,,,,,,,
BG-HO-D2-N1-R50-50-MH-G20,Barley Glucan,H?O? oxidation,D2,N1,0.5,0.5,High,2,,,,,,,
BG-HO-D2-N1-R50-50-MM-G01,Barley Glucan,H?O? oxidation,D2,N1,0.5,0.5,Medium,0.1,,,,,,,
BG-HO-D2-N1-R50-50-MM-G08,Barley Glucan,H?O? oxidation,D2,N1,0.5,0.5,Medium,0.8,,,,,,,
BG-HO-D2-N1-R50-50-MM-G20,Barley Glucan,H?O? oxidation,D2,N1,0.5,0.5,Medium,2,,,,,,,
BG-HO-D2-N1-R50-50-ML-G01,Barley Glucan,H?O? oxidation,D2,N1,0.5,0.5,Low,0.1,,,,,,,
BG-HO-D2-N1-R50-50-ML-G08,Barley Glucan,H?O? oxidation,D2,N1,0.5,0.5,Low,0.8,,,,,,,
BG-HO-D2-N1-R50-50-ML-G20,Barley Glucan,H?O? oxidation,D2,N1,0.5,0.5,Low,2,,,,,,,
BG-HO-D2-N1-R50-50-MU-G01,Barley Glucan,H?O? oxidation,D2,N1,0.5,0.5,Unspecified,0.1,,,,,,,
BG-HO-D2-N1-R50-50-MU-G08,Barley Glucan,H?O? oxidation,D2,N1,0.5,0.5,Unspecified,0.8,,,,,,,
BG-HO-D2-N1-R50-50-MU-G20,Barley Glucan,H?O? oxidation,D2,N1,0.5,0.5,Unspecified,2,,,,,,,
BG-HO-D2-N2-R90-10-MH-G01,Barley Glucan,H?O? oxidation,D2,N2,0.9,0.1,High,0.1,,,,,,,
BG-HO-D2-N2-R90-10-MH-G08,Barley Glucan,H?O? oxidation,D2,N2,0.9,0.1,High,0.8,,,,,,,
BG-HO-D2-N2-R90-10-MH-G20,Barley Glucan,H?O? oxidation,D2,N2,0.9,0.1,High,2,,,,,,,
BG-HO-D2-N2-R90-10-MM-G01,Barley Glucan,H?O? oxidation,D2,N2,0.9,0.1,Medium,0.1,,,,,,,
BG-HO-D2-N2-R90-10-MM-G08,Barley Glucan,H?O? oxidation,D2,N2,0.9,0.1,Medium,0.8,,,,,,,
BG-HO-D2-N2-R90-10-MM-G20,Barley Glucan,H?O? oxidation,D2,N2,0.9,0.1,Medium,2,,,,,,,
BG-HO-D2-N2-R90-10-ML-G01,Barley Glucan,H?O? oxidation,D2,N2,0.9,0.1,Low,0.1,,,,,,,
BG-HO-D2-N2-R90-10-ML-G08,Barley Glucan,H?O? oxidation,D2,N2,0.9,0.1,Low,0.8,,,,,,,
BG-HO-D2-N2-R90-10-ML-G20,Barley Glucan,H?O? oxidation,D2,N2,0.9,0.1,Low,2,,,,,,,
BG-HO-D2-N2-R90-10-MU-G01,Barley Glucan,H?O? oxidation,D2,N2,0.9,0.1,Unspecified,0.1,,,,,,,
BG-HO-D2-N2-R90-10-MU-G08,Barley Glucan,H?O? oxidation,D2,N2,0.9,0.1,Unspecified,0.8,,,,,,,
BG-HO-D2-N2-R90-10-MU-G20,Barley Glucan,H?O? oxidation,D2,N2,0.9,0.1,Unspecified,2,,,,,,,
BG-HO-D2-N2-R70-30-MH-G01,Barley Glucan,H?O? oxidation,D2,N2,0.7,0.3,High,0.1,,,,,,,
BG-HO-D2-N2-R70-30-MH-G08,Barley Glucan,H?O? oxidation,D2,N2,0.7,0.3,High,0.8,,,,,,,
BG-HO-D2-N2-R70-30-MH-G20,Barley Glucan,H?O? oxidation,D2,N2,0.7,0.3,High,2,,,,,,,
BG-HO-D2-N2-R70-30-MM-G01,Barley Glucan,H?O? oxidation,D2,N2,0.7,0.3,Medium,0.1,,,,,,,
BG-HO-D2-N2-R70-30-MM-G08,Barley Glucan,H?O? oxidation,D2,N2,0.7,0.3,Medium,0.8,,,,,,,
BG-HO-D2-N2-R70-30-MM-G20,Barley Glucan,H?O? oxidation,D2,N2,0.7,0.3,Medium,2,,,,,,,
BG-HO-D2-N2-R70-30-ML-G01,Barley Glucan,H?O? oxidation,D2,N2,0.7,0.3,Low,0.1,,,,,,,
BG-HO-D2-N2-R70-30-ML-G08,Barley Glucan,H?O? oxidation,D2,N2,0.7,0.3,Low,0.8,,,,,,,
BG-HO-D2-N2-R70-30-ML-G20,Barley Glucan,H?O? oxidation,D2,N2,0.7,0.3,Low,2,,,,,,,
BG-HO-D2-N2-R70-30-MU-G01,Barley Glucan,H?O? oxidation,D2,N2,0.7,0.3,Unspecified,0.1,,,,,,,
BG-HO-D2-N2-R70-30-MU-G08,Barley Glucan,H?O? oxidation,D2,N2,0.7,0.3,Unspecified,0.8,,,,,,,
BG-HO-D2-N2-R70-30-MU-G20,Barley Glucan,H?O? oxidation,D2,N2,0.7,0.3,Unspecified,2,,,,,,,
BG-HO-D2-N2-R50-50-MH-G01,Barley Glucan,H?O? oxidation,D2,N2,0.5,0.5,High,0.1,,,,,,,
BG-HO-D2-N2-R50-50-MH-G08,Barley Glucan,H?O? oxidation,D2,N2,0.5,0.5,High,0.8,,,,,,,
BG-HO-D2-N2-R50-50-MH-G20,Barley Glucan,H?O? oxidation,D2,N2,0.5,0.5,High,2,,,,,,,
BG-HO-D2-N2-R50-50-MM-G01,Barley Glucan,H?O? oxidation,D2,N2,0.5,0.5,Medium,0.1,,,,,,,
BG-HO-D2-N2-R50-50-MM-G08,Barley Glucan,H?O? oxidation,D2,N2,0.5,0.5,Medium,0.8,,,,,,,
BG-HO-D2-N2-R50-50-MM-G20,Barley Glucan,H?O? oxidation,D2,N2,0.5,0.5,Medium,2,,,,,,,
BG-HO-D2-N2-R50-50-ML-G01,Barley Glucan,H?O? oxidation,D2,N2,0.5,0.5,Low,0.1,,,,,,,
BG-HO-D2-N2-R50-50-ML-G08,Barley Glucan,H?O? oxidation,D2,N2,0.5,0.5,Low,0.8,,,,,,,
BG-HO-D2-N2-R50-50-ML-G20,Barley Glucan,H?O? oxidation,D2,N2,0.5,0.5,Low,2,,,,,,,
BG-HO-D2-N2-R50-50-MU-G01,Barley Glucan,H?O? oxidation,D2,N2,0.5,0.5,Unspecified,0.1,,,,,,,
BG-HO-D2-N2-R50-50-MU-G08,Barley Glucan,H?O? oxidation,D2,N2,0.5,0.5,Unspecified,0.8,,,,,,,
BG-HO-D2-N2-R50-50-MU-G20,Barley Glucan,H?O? oxidation,D2,N2,0.5,0.5,Unspecified,2,,,,,,,
BG-HO-D2-N3-R90-10-MH-G01,Barley Glucan,H?O? oxidation,D2,N3,0.9,0.1,High,0.1,,,,,,,
BG-HO-D2-N3-R90-10-MH-G08,Barley Glucan,H?O? oxidation,D2,N3,0.9,0.1,High,0.8,,,,,,,
BG-HO-D2-N3-R90-10-MH-G20,Barley Glucan,H?O? oxidation,D2,N3,0.9,0.1,High,2,,,,,,,
BG-HO-D2-N3-R90-10-MM-G01,Barley Glucan,H?O? oxidation,D2,N3,0.9,0.1,Medium,0.1,,,,,,,
BG-HO-D2-N3-R90-10-MM-G08,Barley Glucan,H?O? oxidation,D2,N3,0.9,0.1,Medium,0.8,,,,,,,
BG-HO-D2-N3-R90-10-MM-G20,Barley Glucan,H?O? oxidation,D2,N3,0.9,0.1,Medium,2,,,,,,,
BG-HO-D2-N3-R90-10-ML-G01,Barley Glucan,H?O? oxidation,D2,N3,0.9,0.1,Low,0.1,,,,,,,
BG-HO-D2-N3-R90-10-ML-G08,Barley Glucan,H?O? oxidation,D2,N3,0.9,0.1,Low,0.8,,,,,,,
BG-HO-D2-N3-R90-10-ML-G20,Barley Glucan,H?O? oxidation,D2,N3,0.9,0.1,Low,2,,,,,,,
BG-HO-D2-N3-R90-10-MU-G01,Barley Glucan,H?O? oxidation,D2,N3,0.9,0.1,Unspecified,0.1,,,,,,,
BG-HO-D2-N3-R90-10-MU-G08,Barley Glucan,H?O? oxidation,D2,N3,0.9,0.1,Unspecified,0.8,,,,,,,
BG-HO-D2-N3-R90-10-MU-G20,Barley Glucan,H?O? oxidation,D2,N3,0.9,0.1,Unspecified,2,,,,,,,
BG-HO-D2-N3-R70-30-MH-G01,Barley Glucan,H?O? oxidation,D2,N3,0.7,0.3,High,0.1,,,,,,,
BG-HO-D2-N3-R70-30-MH-G08,Barley Glucan,H?O? oxidation,D2,N3,0.7,0.3,High,0.8,,,,,,,
BG-HO-D2-N3-R70-30-MH-G20,Barley Glucan,H?O? oxidation,D2,N3,0.7,0.3,High,2,,,,,,,
BG-HO-D2-N3-R70-30-MM-G01,Barley Glucan,H?O? oxidation,D2,N3,0.7,0.3,Medium,0.1,,,,,,,
BG-HO-D2-N3-R70-30-MM-G08,Barley Glucan,H?O? oxidation,D2,N3,0.7,0.3,Medium,0.8,,,,,,,
BG-HO-D2-N3-R70-30-MM-G20,Barley Glucan,H?O? oxidation,D2,N3,0.7,0.3,Medium,2,,,,,,,
BG-HO-D2-N3-R70-30-ML-G01,Barley Glucan,H?O? oxidation,D2,N3,0.7,0.3,Low,0.1,,,,,,,
BG-HO-D2-N3-R70-30-ML-G08,Barley Glucan,H?O? oxidation,D2,N3,0.7,0.3,Low,0.8,,,,,,,
BG-HO-D2-N3-R70-30-ML-G20,Barley Glucan,H?O? oxidation,D2,N3,0.7,0.3,Low,2,,,,,,,
BG-HO-D2-N3-R70-30-MU-G01,Barley Glucan,H?O? oxidation,D2,N3,0.7,0.3,Unspecified,0.1,,,,,,,
BG-HO-D2-N3-R70-30-MU-G08,Barley Glucan,H?O? oxidation,D2,N3,0.7,0.3,Unspecified,0.8,,,,,,,
BG-HO-D2-N3-R70-30-MU-G20,Barley Glucan,H?O? oxidation,D2,N3,0.7,0.3,Unspecified,2,,,,,,,
BG-HO-D2-N3-R50-50-MH-G01,Barley Glucan,H?O? oxidation,D2,N3,0.5,0.5,High,0.1,,,,,,,
BG-HO-D2-N3-R50-50-MH-G08,Barley Glucan,H?O? oxidation,D2,N3,0.5,0.5,High,0.8,,,,,,,
BG-HO-D2-N3-R50-50-MH-G20,Barley Glucan,H?O? oxidation,D2,N3,0.5,0.5,High,2,,,,,,,
BG-HO-D2-N3-R50-50-MM-G01,Barley Glucan,H?O? oxidation,D2,N3,0.5,0.5,Medium,0.1,,,,,,,
BG-HO-D2-N3-R50-50-MM-G08,Barley Glucan,H?O? oxidation,D2,N3,0.5,0.5,Medium,0.8,,,,,,,
BG-HO-D2-N3-R50-50-MM-G20,Barley Glucan,H?O? oxidation,D2,N3,0.5,0.5,Medium,2,,,,,,,
BG-HO-D2-N3-R50-50-ML-G01,Barley Glucan,H?O? oxidation,D2,N3,0.5,0.5,Low,0.1,,,,,,,
BG-HO-D2-N3-R50-50-ML-G08,Barley Glucan,H?O? oxidation,D2,N3,0.5,0.5,Low,0.8,,,,,,,
BG-HO-D2-N3-R50-50-ML-G20,Barley Glucan,H?O? oxidation,D2,N3,0.5,0.5,Low,2,,,,,,,
BG-HO-D2-N3-R50-50-MU-G01,Barley Glucan,H?O? oxidation,D2,N3,0.5,0.5,Unspecified,0.1,,,,,,,
BG-HO-D2-N3-R50-50-MU-G08,Barley Glucan,H?O? oxidation,D2,N3,0.5,0.5,Unspecified,0.8,,,,,,,
BG-HO-D2-N3-R50-50-MU-G20,Barley Glucan,H?O? oxidation,D2,N3,0.5,0.5,Unspecified,2,,,,,,,
BG-HO-D2-N4-R90-10-MH-G01,Barley Glucan,H?O? oxidation,D2,N4,0.9,0.1,High,0.1,,,,,,,
BG-HO-D2-N4-R90-10-MH-G08,Barley Glucan,H?O? oxidation,D2,N4,0.9,0.1,High,0.8,,,,,,,
BG-HO-D2-N4-R90-10-MH-G20,Barley Glucan,H?O? oxidation,D2,N4,0.9,0.1,High,2,,,,,,,
BG-HO-D2-N4-R90-10-MM-G01,Barley Glucan,H?O? oxidation,D2,N4,0.9,0.1,Medium,0.1,,,,,,,
BG-HO-D2-N4-R90-10-MM-G08,Barley Glucan,H?O? oxidation,D2,N4,0.9,0.1,Medium,0.8,,,,,,,
BG-HO-D2-N4-R90-10-MM-G20,Barley Glucan,H?O? oxidation,D2,N4,0.9,0.1,Medium,2,,,,,,,
BG-HO-D2-N4-R90-10-ML-G01,Barley Glucan,H?O? oxidation,D2,N4,0.9,0.1,Low,0.1,,,,,,,
BG-HO-D2-N4-R90-10-ML-G08,Barley Glucan,H?O? oxidation,D2,N4,0.9,0.1,Low,0.8,,,,,,,
BG-HO-D2-N4-R90-10-ML-G20,Barley Glucan,H?O? oxidation,D2,N4,0.9,0.1,Low,2,,,,,,,
BG-HO-D2-N4-R90-10-MU-G01,Barley Glucan,H?O? oxidation,D2,N4,0.9,0.1,Unspecified,0.1,,,,,,,
BG-HO-D2-N4-R90-10-MU-G08,Barley Glucan,H?O? oxidation,D2,N4,0.9,0.1,Unspecified,0.8,,,,,,,
BG-HO-D2-N4-R90-10-MU-G20,Barley Glucan,H?O? oxidation,D2,N4,0.9,0.1,Unspecified,2,,,,,,,
BG-HO-D2-N4-R70-30-MH-G01,Barley Glucan,H?O? oxidation,D2,N4,0.7,0.3,High,0.1,,,,,,,
BG-HO-D2-N4-R70-30-MH-G08,Barley Glucan,H?O? oxidation,D2,N4,0.7,0.3,High,0.8,,,,,,,
BG-HO-D2-N4-R70-30-MH-G20,Barley Glucan,H?O? oxidation,D2,N4,0.7,0.3,High,2,,,,,,,
BG-HO-D2-N4-R70-30-MM-G01,Barley Glucan,H?O? oxidation,D2,N4,0.7,0.3,Medium,0.1,,,,,,,
BG-HO-D2-N4-R70-30-MM-G08,Barley Glucan,H?O? oxidation,D2,N4,0.7,0.3,Medium,0.8,,,,,,,
BG-HO-D2-N4-R70-30-MM-G20,Barley Glucan,H?O? oxidation,D2,N4,0.7,0.3,Medium,2,,,,,,,
BG-HO-D2-N4-R70-30-ML-G01,Barley Glucan,H?O? oxidation,D2,N4,0.7,0.3,Low,0.1,,,,,,,
BG-HO-D2-N4-R70-30-ML-G08,Barley Glucan,H?O? oxidation,D2,N4,0.7,0.3,Low,0.8,,,,,,,
BG-HO-D2-N4-R70-30-ML-G20,Barley Glucan,H?O? oxidation,D2,N4,0.7,0.3,Low,2,,,,,,,
BG-HO-D2-N4-R70-30-MU-G01,Barley Glucan,H?O? oxidation,D2,N4,0.7,0.3,Unspecified,0.1,,,,,,,
BG-HO-D2-N4-R70-30-MU-G08,Barley Glucan,H?O? oxidation,D2,N4,0.7,0.3,Unspecified,0.8,,,,,,,
BG-HO-D2-N4-R70-30-MU-G20,Barley Glucan,H?O? oxidation,D2,N4,0.7,0.3,Unspecified,2,,,,,,,
BG-HO-D2-N4-R50-50-MH-G01,Barley Glucan,H?O? oxidation,D2,N4,0.5,0.5,High,0.1,,,,,,,
BG-HO-D2-N4-R50-50-MH-G08,Barley Glucan,H?O? oxidation,D2,N4,0.5,0.5,High,0.8,,,,,,,
BG-HO-D2-N4-R50-50-MH-G20,Barley Glucan,H?O? oxidation,D2,N4,0.5,0.5,High,2,,,,,,,
BG-HO-D2-N4-R50-50-MM-G01,Barley Glucan,H?O? oxidation,D2,N4,0.5,0.5,Medium,0.1,,,,,,,
BG-HO-D2-N4-R50-50-MM-G08,Barley Glucan,H?O? oxidation,D2,N4,0.5,0.5,Medium,0.8,,,,,,,
BG-HO-D2-N4-R50-50-MM-G20,Barley Glucan,H?O? oxidation,D2,N4,0.5,0.5,Medium,2,,,,,,,
BG-HO-D2-N4-R50-50-ML-G01,Barley Glucan,H?O? oxidation,D2,N4,0.5,0.5,Low,0.1,,,,,,,
BG-HO-D2-N4-R50-50-ML-G08,Barley Glucan,H?O? oxidation,D2,N4,0.5,0.5,Low,0.8,,,,,,,
BG-HO-D2-N4-R50-50-ML-G20,Barley Glucan,H?O? oxidation,D2,N4,0.5,0.5,Low,2,,,,,,,
BG-HO-D2-N4-R50-50-MU-G01,Barley Glucan,H?O? oxidation,D2,N4,0.5,0.5,Unspecified,0.1,,,,,,,
BG-HO-D2-N4-R50-50-MU-G08,Barley Glucan,H?O? oxidation,D2,N4,0.5,0.5,Unspecified,0.8,,,,,,,
BG-HO-D2-N4-R50-50-MU-G20,Barley Glucan,H?O? oxidation,D2,N4,0.5,0.5,Unspecified,2,,,,,,,
BG-HO-D2-N5-R90-10-MH-G01,Barley Glucan,H?O? oxidation,D2,N5,0.9,0.1,High,0.1,,,,,,,
BG-HO-D2-N5-R90-10-MH-G08,Barley Glucan,H?O? oxidation,D2,N5,0.9,0.1,High,0.8,,,,,,,
BG-HO-D2-N5-R90-10-MH-G20,Barley Glucan,H?O? oxidation,D2,N5,0.9,0.1,High,2,,,,,,,
BG-HO-D2-N5-R90-10-MM-G01,Barley Glucan,H?O? oxidation,D2,N5,0.9,0.1,Medium,0.1,,,,,,,
BG-HO-D2-N5-R90-10-MM-G08,Barley Glucan,H?O? oxidation,D2,N5,0.9,0.1,Medium,0.8,,,,,,,
BG-HO-D2-N5-R90-10-MM-G20,Barley Glucan,H?O? oxidation,D2,N5,0.9,0.1,Medium,2,,,,,,,
BG-HO-D2-N5-R90-10-ML-G01,Barley Glucan,H?O? oxidation,D2,N5,0.9,0.1,Low,0.1,,,,,,,
BG-HO-D2-N5-R90-10-ML-G08,Barley Glucan,H?O? oxidation,D2,N5,0.9,0.1,Low,0.8,,,,,,,
BG-HO-D2-N5-R90-10-ML-G20,Barley Glucan,H?O? oxidation,D2,N5,0.9,0.1,Low,2,,,,,,,
BG-HO-D2-N5-R90-10-MU-G01,Barley Glucan,H?O? oxidation,D2,N5,0.9,0.1,Unspecified,0.1,,,,,,,
BG-HO-D2-N5-R90-10-MU-G08,Barley Glucan,H?O? oxidation,D2,N5,0.9,0.1,Unspecified,0.8,,,,,,,
BG-HO-D2-N5-R90-10-MU-G20,Barley Glucan,H?O? oxidation,D2,N5,0.9,0.1,Unspecified,2,,,,,,,
BG-HO-D2-N5-R70-30-MH-G01,Barley Glucan,H?O? oxidation,D2,N5,0.7,0.3,High,0.1,,,,,,,
BG-HO-D2-N5-R70-30-MH-G08,Barley Glucan,H?O? oxidation,D2,N5,0.7,0.3,High,0.8,,,,,,,
BG-HO-D2-N5-R70-30-MH-G20,Barley Glucan,H?O? oxidation,D2,N5,0.7,0.3,High,2,,,,,,,
BG-HO-D2-N5-R70-30-MM-G01,Barley Glucan,H?O? oxidation,D2,N5,0.7,0.3,Medium,0.1,,,,,,,
BG-HO-D2-N5-R70-30-MM-G08,Barley Glucan,H?O? oxidation,D2,N5,0.7,0.3,Medium,0.8,,,,,,,
BG-HO-D2-N5-R70-30-MM-G20,Barley Glucan,H?O? oxidation,D2,N5,0.7,0.3,Medium,2,,,,,,,
BG-HO-D2-N5-R70-30-ML-G01,Barley Glucan,H?O? oxidation,D2,N5,0.7,0.3,Low,0.1,,,,,,,
BG-HO-D2-N5-R70-30-ML-G08,Barley Glucan,H?O? oxidation,D2,N5,0.7,0.3,Low,0.8,,,,,,,
BG-HO-D2-N5-R70-30-ML-G20,Barley Glucan,H?O? oxidation,D2,N5,0.7,0.3,Low,2,,,,,,,
BG-HO-D2-N5-R70-30-MU-G01,Barley Glucan,H?O? oxidation,D2,N5,0.7,0.3,Unspecified,0.1,,,,,,,
BG-HO-D2-N5-R70-30-MU-G08,Barley Glucan,H?O? oxidation,D2,N5,0.7,0.3,Unspecified,0.8,,,,,,,
BG-HO-D2-N5-R70-30-MU-G20,Barley Glucan,H?O? oxidation,D2,N5,0.7,0.3,Unspecified,2,,,,,,,
BG-HO-D2-N5-R50-50-MH-G01,Barley Glucan,H?O? oxidation,D2,N5,0.5,0.5,High,0.1,,,,,,,
BG-HO-D2-N5-R50-50-MH-G08,Barley Glucan,H?O? oxidation,D2,N5,0.5,0.5,High,0.8,,,,,,,
BG-HO-D2-N5-R50-50-MH-G20,Barley Glucan,H?O? oxidation,D2,N5,0.5,0.5,High,2,,,,,,,
BG-HO-D2-N5-R50-50-MM-G01,Barley Glucan,H?O? oxidation,D2,N5,0.5,0.5,Medium,0.1,,,,,,,
BG-HO-D2-N5-R50-50-MM-G08,Barley Glucan,H?O? oxidation,D2,N5,0.5,0.5,Medium,0.8,,,,,,,
BG-HO-D2-N5-R50-50-MM-G20,Barley Glucan,H?O? oxidation,D2,N5,0.5,0.5,Medium,2,,,,,,,
BG-HO-D2-N5-R50-50-ML-G01,Barley Glucan,H?O? oxidation,D2,N5,0.5,0.5,Low,0.1,,,,,,,
BG-HO-D2-N5-R50-50-ML-G08,Barley Glucan,H?O? oxidation,D2,N5,0.5,0.5,Low,0.8,,,,,,,
BG-HO-D2-N5-R50-50-ML-G20,Barley Glucan,H?O? oxidation,D2,N5,0.5,0.5,Low,2,,,,,,,
BG-HO-D2-N5-R50-50-MU-G01,Barley Glucan,H?O? oxidation,D2,N5,0.5,0.5,Unspecified,0.1,,,,,,,
BG-HO-D2-N5-R50-50-MU-G08,Barley Glucan,H?O? oxidation,D2,N5,0.5,0.5,Unspecified,0.8,,,,,,,
BG-HO-D2-N5-R50-50-MU-G20,Barley Glucan,H?O? oxidation,D2,N5,0.5,0.5,Unspecified,2,,,,,,,
BG-HO-D2-N6-R90-10-MH-G01,Barley Glucan,H?O? oxidation,D2,N6,0.9,0.1,High,0.1,,,,,,,
BG-HO-D2-N6-R90-10-MH-G08,Barley Glucan,H?O? oxidation,D2,N6,0.9,0.1,High,0.8,,,,,,,
BG-HO-D2-N6-R90-10-MH-G20,Barley Glucan,H?O? oxidation,D2,N6,0.9,0.1,High,2,,,,,,,
BG-HO-D2-N6-R90-10-MM-G01,Barley Glucan,H?O? oxidation,D2,N6,0.9,0.1,Medium,0.1,,,,,,,
BG-HO-D2-N6-R90-10-MM-G08,Barley Glucan,H?O? oxidation,D2,N6,0.9,0.1,Medium,0.8,,,,,,,
BG-HO-D2-N6-R90-10-MM-G20,Barley Glucan,H?O? oxidation,D2,N6,0.9,0.1,Medium,2,,,,,,,
BG-HO-D2-N6-R90-10-ML-G01,Barley Glucan,H?O? oxidation,D2,N6,0.9,0.1,Low,0.1,,,,,,,
BG-HO-D2-N6-R90-10-ML-G08,Barley Glucan,H?O? oxidation,D2,N6,0.9,0.1,Low,0.8,,,,,,,
BG-HO-D2-N6-R90-10-ML-G20,Barley Glucan,H?O? oxidation,D2,N6,0.9,0.1,Low,2,,,,,,,
BG-HO-D2-N6-R90-10-MU-G01,Barley Glucan,H?O? oxidation,D2,N6,0.9,0.1,Unspecified,0.1,,,,,,,
BG-HO-D2-N6-R90-10-MU-G08,Barley Glucan,H?O? oxidation,D2,N6,0.9,0.1,Unspecified,0.8,,,,,,,
BG-HO-D2-N6-R90-10-MU-G20,Barley Glucan,H?O? oxidation,D2,N6,0.9,0.1,Unspecified,2,,,,,,,
BG-HO-D2-N6-R70-30-MH-G01,Barley Glucan,H?O? oxidation,D2,N6,0.7,0.3,High,0.1,,,,,,,
BG-HO-D2-N6-R70-30-MH-G08,Barley Glucan,H?O? oxidation,D2,N6,0.7,0.3,High,0.8,,,,,,,
BG-HO-D2-N6-R70-30-MH-G20,Barley Glucan,H?O? oxidation,D2,N6,0.7,0.3,High,2,,,,,,,
BG-HO-D2-N6-R70-30-MM-G01,Barley Glucan,H?O? oxidation,D2,N6,0.7,0.3,Medium,0.1,,,,,,,
BG-HO-D2-N6-R70-30-MM-G08,Barley Glucan,H?O? oxidation,D2,N6,0.7,0.3,Medium,0.8,,,,,,,
BG-HO-D2-N6-R70-30-MM-G20,Barley Glucan,H?O? oxidation,D2,N6,0.7,0.3,Medium,2,,,,,,,
BG-HO-D2-N6-R70-30-ML-G01,Barley Glucan,H?O? oxidation,D2,N6,0.7,0.3,Low,0.1,,,,,,,
BG-HO-D2-N6-R70-30-ML-G08,Barley Glucan,H?O? oxidation,D2,N6,0.7,0.3,Low,0.8,,,,,,,
BG-HO-D2-N6-R70-30-ML-G20,Barley Glucan,H?O? oxidation,D2,N6,0.7,0.3,Low,2,,,,,,,
BG-HO-D2-N6-R70-30-MU-G01,Barley Glucan,H?O? oxidation,D2,N6,0.7,0.3,Unspecified,0.1,,,,,,,
BG-HO-D2-N6-R70-30-MU-G08,Barley Glucan,H?O? oxidation,D2,N6,0.7,0.3,Unspecified,0.8,,,,,,,
BG-HO-D2-N6-R70-30-MU-G20,Barley Glucan,H?O? oxidation,D2,N6,0.7,0.3,Unspecified,2,,,,,,,
BG-HO-D2-N6-R50-50-MH-G01,Barley Glucan,H?O? oxidation,D2,N6,0.5,0.5,High,0.1,,,,,,,
BG-HO-D2-N6-R50-50-MH-G08,Barley Glucan,H?O? oxidation,D2,N6,0.5,0.5,High,0.8,,,,,,,
BG-HO-D2-N6-R50-50-MH-G20,Barley Glucan,H?O? oxidation,D2,N6,0.5,0.5,High,2,,,,,,,
BG-HO-D2-N6-R50-50-MM-G01,Barley Glucan,H?O? oxidation,D2,N6,0.5,0.5,Medium,0.1,,,,,,,
BG-HO-D2-N6-R50-50-MM-G08,Barley Glucan,H?O? oxidation,D2,N6,0.5,0.5,Medium,0.8,,,,,,,
BG-HO-D2-N6-R50-50-MM-G20,Barley Glucan,H?O? oxidation,D2,N6,0.5,0.5,Medium,2,,,,,,,
BG-HO-D2-N6-R50-50-ML-G01,Barley Glucan,H?O? oxidation,D2,N6,0.5,0.5,Low,0.1,,,,,,,
BG-HO-D2-N6-R50-50-ML-G08,Barley Glucan,H?O? oxidation,D2,N6,0.5,0.5,Low,0.8,,,,,,,
BG-HO-D2-N6-R50-50-ML-G20,Barley Glucan,H?O? oxidation,D2,N6,0.5,0.5,Low,2,,,,,,,
BG-HO-D2-N6-R50-50-MU-G01,Barley Glucan,H?O? oxidation,D2,N6,0.5,0.5,Unspecified,0.1,,,,,,,
BG-HO-D2-N6-R50-50-MU-G08,Barley Glucan,H?O? oxidation,D2,N6,0.5,0.5,Unspecified,0.8,,,,,,,
BG-HO-D2-N6-R50-50-MU-G20,Barley Glucan,H?O? oxidation,D2,N6,0.5,0.5,Unspecified,2,,,,,,,
BG-HO-D3-N1-R90-10-MH-G01,Barley Glucan,H?O? oxidation,D3,N1,0.9,0.1,High,0.1,,,,,,,
BG-HO-D3-N1-R90-10-MH-G08,Barley Glucan,H?O? oxidation,D3,N1,0.9,0.1,High,0.8,,,,,,,
BG-HO-D3-N1-R90-10-MH-G20,Barley Glucan,H?O? oxidation,D3,N1,0.9,0.1,High,2,,,,,,,
BG-HO-D3-N1-R90-10-MM-G01,Barley Glucan,H?O? oxidation,D3,N1,0.9,0.1,Medium,0.1,,,,,,,
BG-HO-D3-N1-R90-10-MM-G08,Barley Glucan,H?O? oxidation,D3,N1,0.9,0.1,Medium,0.8,,,,,,,
BG-HO-D3-N1-R90-10-MM-G20,Barley Glucan,H?O? oxidation,D3,N1,0.9,0.1,Medium,2,,,,,,,
BG-HO-D3-N1-R90-10-ML-G01,Barley Glucan,H?O? oxidation,D3,N1,0.9,0.1,Low,0.1,,,,,,,
BG-HO-D3-N1-R90-10-ML-G08,Barley Glucan,H?O? oxidation,D3,N1,0.9,0.1,Low,0.8,,,,,,,
BG-HO-D3-N1-R90-10-ML-G20,Barley Glucan,H?O? oxidation,D3,N1,0.9,0.1,Low,2,,,,,,,
BG-HO-D3-N1-R90-10-MU-G01,Barley Glucan,H?O? oxidation,D3,N1,0.9,0.1,Unspecified,0.1,,,,,,,
BG-HO-D3-N1-R90-10-MU-G08,Barley Glucan,H?O? oxidation,D3,N1,0.9,0.1,Unspecified,0.8,,,,,,,
BG-HO-D3-N1-R90-10-MU-G20,Barley Glucan,H?O? oxidation,D3,N1,0.9,0.1,Unspecified,2,,,,,,,
BG-HO-D3-N1-R70-30-MH-G01,Barley Glucan,H?O? oxidation,D3,N1,0.7,0.3,High,0.1,,,,,,,
BG-HO-D3-N1-R70-30-MH-G08,Barley Glucan,H?O? oxidation,D3,N1,0.7,0.3,High,0.8,,,,,,,
BG-HO-D3-N1-R70-30-MH-G20,Barley Glucan,H?O? oxidation,D3,N1,0.7,0.3,High,2,,,,,,,
BG-HO-D3-N1-R70-30-MM-G01,Barley Glucan,H?O? oxidation,D3,N1,0.7,0.3,Medium,0.1,,,,,,,
BG-HO-D3-N1-R70-30-MM-G08,Barley Glucan,H?O? oxidation,D3,N1,0.7,0.3,Medium,0.8,,,,,,,
BG-HO-D3-N1-R70-30-MM-G20,Barley Glucan,H?O? oxidation,D3,N1,0.7,0.3,Medium,2,,,,,,,
BG-HO-D3-N1-R70-30-ML-G01,Barley Glucan,H?O? oxidation,D3,N1,0.7,0.3,Low,0.1,,,,,,,
BG-HO-D3-N1-R70-30-ML-G08,Barley Glucan,H?O? oxidation,D3,N1,0.7,0.3,Low,0.8,,,,,,,
BG-HO-D3-N1-R70-30-ML-G20,Barley Glucan,H?O? oxidation,D3,N1,0.7,0.3,Low,2,,,,,,,
BG-HO-D3-N1-R70-30-MU-G01,Barley Glucan,H?O? oxidation,D3,N1,0.7,0.3,Unspecified,0.1,,,,,,,
BG-HO-D3-N1-R70-30-MU-G08,Barley Glucan,H?O? oxidation,D3,N1,0.7,0.3,Unspecified,0.8,,,,,,,
BG-HO-D3-N1-R70-30-MU-G20,Barley Glucan,H?O? oxidation,D3,N1,0.7,0.3,Unspecified,2,,,,,,,
BG-HO-D3-N1-R50-50-MH-G01,Barley Glucan,H?O? oxidation,D3,N1,0.5,0.5,High,0.1,,,,,,,
BG-HO-D3-N1-R50-50-MH-G08,Barley Glucan,H?O? oxidation,D3,N1,0.5,0.5,High,0.8,,,,,,,
BG-HO-D3-N1-R50-50-MH-G20,Barley Glucan,H?O? oxidation,D3,N1,0.5,0.5,High,2,,,,,,,
BG-HO-D3-N1-R50-50-MM-G01,Barley Glucan,H?O? oxidation,D3,N1,0.5,0.5,Medium,0.1,,,,,,,
BG-HO-D3-N1-R50-50-MM-G08,Barley Glucan,H?O? oxidation,D3,N1,0.5,0.5,Medium,0.8,,,,,,,
BG-HO-D3-N1-R50-50-MM-G20,Barley Glucan,H?O? oxidation,D3,N1,0.5,0.5,Medium,2,,,,,,,
BG-HO-D3-N1-R50-50-ML-G01,Barley Glucan,H?O? oxidation,D3,N1,0.5,0.5,Low,0.1,,,,,,,
BG-HO-D3-N1-R50-50-ML-G08,Barley Glucan,H?O? oxidation,D3,N1,0.5,0.5,Low,0.8,,,,,,,
BG-HO-D3-N1-R50-50-ML-G20,Barley Glucan,H?O? oxidation,D3,N1,0.5,0.5,Low,2,,,,,,,
BG-HO-D3-N1-R50-50-MU-G01,Barley Glucan,H?O? oxidation,D3,N1,0.5,0.5,Unspecified,0.1,,,,,,,
BG-HO-D3-N1-R50-50-MU-G08,Barley Glucan,H?O? oxidation,D3,N1,0.5,0.5,Unspecified,0.8,,,,,,,
BG-HO-D3-N1-R50-50-MU-G20,Barley Glucan,H?O? oxidation,D3,N1,0.5,0.5,Unspecified,2,,,,,,,
BG-HO-D3-N2-R90-10-MH-G01,Barley Glucan,H?O? oxidation,D3,N2,0.9,0.1,High,0.1,,,,,,,
BG-HO-D3-N2-R90-10-MH-G08,Barley Glucan,H?O? oxidation,D3,N2,0.9,0.1,High,0.8,,,,,,,
BG-HO-D3-N2-R90-10-MH-G20,Barley Glucan,H?O? oxidation,D3,N2,0.9,0.1,High,2,,,,,,,
BG-HO-D3-N2-R90-10-MM-G01,Barley Glucan,H?O? oxidation,D3,N2,0.9,0.1,Medium,0.1,,,,,,,
BG-HO-D3-N2-R90-10-MM-G08,Barley Glucan,H?O? oxidation,D3,N2,0.9,0.1,Medium,0.8,,,,,,,
BG-HO-D3-N2-R90-10-MM-G20,Barley Glucan,H?O? oxidation,D3,N2,0.9,0.1,Medium,2,,,,,,,
BG-HO-D3-N2-R90-10-ML-G01,Barley Glucan,H?O? oxidation,D3,N2,0.9,0.1,Low,0.1,,,,,,,
BG-HO-D3-N2-R90-10-ML-G08,Barley Glucan,H?O? oxidation,D3,N2,0.9,0.1,Low,0.8,,,,,,,
BG-HO-D3-N2-R90-10-ML-G20,Barley Glucan,H?O? oxidation,D3,N2,0.9,0.1,Low,2,,,,,,,
BG-HO-D3-N2-R90-10-MU-G01,Barley Glucan,H?O? oxidation,D3,N2,0.9,0.1,Unspecified,0.1,,,,,,,
BG-HO-D3-N2-R90-10-MU-G08,Barley Glucan,H?O? oxidation,D3,N2,0.9,0.1,Unspecified,0.8,,,,,,,
BG-HO-D3-N2-R90-10-MU-G20,Barley Glucan,H?O? oxidation,D3,N2,0.9,0.1,Unspecified,2,,,,,,,
BG-HO-D3-N2-R70-30-MH-G01,Barley Glucan,H?O? oxidation,D3,N2,0.7,0.3,High,0.1,,,,,,,
BG-HO-D3-N2-R70-30-MH-G08,Barley Glucan,H?O? oxidation,D3,N2,0.7,0.3,High,0.8,,,,,,,
BG-HO-D3-N2-R70-30-MH-G20,Barley Glucan,H?O? oxidation,D3,N2,0.7,0.3,High,2,,,,,,,
BG-HO-D3-N2-R70-30-MM-G01,Barley Glucan,H?O? oxidation,D3,N2,0.7,0.3,Medium,0.1,,,,,,,
BG-HO-D3-N2-R70-30-MM-G08,Barley Glucan,H?O? oxidation,D3,N2,0.7,0.3,Medium,0.8,,,,,,,
BG-HO-D3-N2-R70-30-MM-G20,Barley Glucan,H?O? oxidation,D3,N2,0.7,0.3,Medium,2,,,,,,,
BG-HO-D3-N2-R70-30-ML-G01,Barley Glucan,H?O? oxidation,D3,N2,0.7,0.3,Low,0.1,,,,,,,
BG-HO-D3-N2-R70-30-ML-G08,Barley Glucan,H?O? oxidation,D3,N2,0.7,0.3,Low,0.8,,,,,,,
BG-HO-D3-N2-R70-30-ML-G20,Barley Glucan,H?O? oxidation,D3,N2,0.7,0.3,Low,2,,,,,,,
BG-HO-D3-N2-R70-30-MU-G01,Barley Glucan,H?O? oxidation,D3,N2,0.7,0.3,Unspecified,0.1,,,,,,,
BG-HO-D3-N2-R70-30-MU-G08,Barley Glucan,H?O? oxidation,D3,N2,0.7,0.3,Unspecified,0.8,,,,,,,
BG-HO-D3-N2-R70-30-MU-G20,Barley Glucan,H?O? oxidation,D3,N2,0.7,0.3,Unspecified,2,,,,,,,
BG-HO-D3-N2-R50-50-MH-G01,Barley Glucan,H?O? oxidation,D3,N2,0.5,0.5,High,0.1,,,,,,,
BG-HO-D3-N2-R50-50-MH-G08,Barley Glucan,H?O? oxidation,D3,N2,0.5,0.5,High,0.8,,,,,,,
BG-HO-D3-N2-R50-50-MH-G20,Barley Glucan,H?O? oxidation,D3,N2,0.5,0.5,High,2,,,,,,,
BG-HO-D3-N2-R50-50-MM-G01,Barley Glucan,H?O? oxidation,D3,N2,0.5,0.5,Medium,0.1,,,,,,,
BG-HO-D3-N2-R50-50-MM-G08,Barley Glucan,H?O? oxidation,D3,N2,0.5,0.5,Medium,0.8,,,,,,,
BG-HO-D3-N2-R50-50-MM-G20,Barley Glucan,H?O? oxidation,D3,N2,0.5,0.5,Medium,2,,,,,,,
BG-HO-D3-N2-R50-50-ML-G01,Barley Glucan,H?O? oxidation,D3,N2,0.5,0.5,Low,0.1,,,,,,,
BG-HO-D3-N2-R50-50-ML-G08,Barley Glucan,H?O? oxidation,D3,N2,0.5,0.5,Low,0.8,,,,,,,
BG-HO-D3-N2-R50-50-ML-G20,Barley Glucan,H?O? oxidation,D3,N2,0.5,0.5,Low,2,,,,,,,
BG-HO-D3-N2-R50-50-MU-G01,Barley Glucan,H?O? oxidation,D3,N2,0.5,0.5,Unspecified,0.1,,,,,,,
BG-HO-D3-N2-R50-50-MU-G08,Barley Glucan,H?O? oxidation,D3,N2,0.5,0.5,Unspecified,0.8,,,,,,,
BG-HO-D3-N2-R50-50-MU-G20,Barley Glucan,H?O? oxidation,D3,N2,0.5,0.5,Unspecified,2,,,,,,,
BG-HO-D3-N3-R90-10-MH-G01,Barley Glucan,H?O? oxidation,D3,N3,0.9,0.1,High,0.1,,,,,,,
BG-HO-D3-N3-R90-10-MH-G08,Barley Glucan,H?O? oxidation,D3,N3,0.9,0.1,High,0.8,,,,,,,
BG-HO-D3-N3-R90-10-MH-G20,Barley Glucan,H?O? oxidation,D3,N3,0.9,0.1,High,2,,,,,,,
BG-HO-D3-N3-R90-10-MM-G01,Barley Glucan,H?O? oxidation,D3,N3,0.9,0.1,Medium,0.1,,,,,,,
BG-HO-D3-N3-R90-10-MM-G08,Barley Glucan,H?O? oxidation,D3,N3,0.9,0.1,Medium,0.8,,,,,,,
BG-HO-D3-N3-R90-10-MM-G20,Barley Glucan,H?O? oxidation,D3,N3,0.9,0.1,Medium,2,,,,,,,
BG-HO-D3-N3-R90-10-ML-G01,Barley Glucan,H?O? oxidation,D3,N3,0.9,0.1,Low,0.1,,,,,,,
BG-HO-D3-N3-R90-10-ML-G08,Barley Glucan,H?O? oxidation,D3,N3,0.9,0.1,Low,0.8,,,,,,,
BG-HO-D3-N3-R90-10-ML-G20,Barley Glucan,H?O? oxidation,D3,N3,0.9,0.1,Low,2,,,,,,,
BG-HO-D3-N3-R90-10-MU-G01,Barley Glucan,H?O? oxidation,D3,N3,0.9,0.1,Unspecified,0.1,,,,,,,
BG-HO-D3-N3-R90-10-MU-G08,Barley Glucan,H?O? oxidation,D3,N3,0.9,0.1,Unspecified,0.8,,,,,,,
BG-HO-D3-N3-R90-10-MU-G20,Barley Glucan,H?O? oxidation,D3,N3,0.9,0.1,Unspecified,2,,,,,,,
BG-HO-D3-N3-R70-30-MH-G01,Barley Glucan,H?O? oxidation,D3,N3,0.7,0.3,High,0.1,,,,,,,
BG-HO-D3-N3-R70-30-MH-G08,Barley Glucan,H?O? oxidation,D3,N3,0.7,0.3,High,0.8,,,,,,,
BG-HO-D3-N3-R70-30-MH-G20,Barley Glucan,H?O? oxidation,D3,N3,0.7,0.3,High,2,,,,,,,
BG-HO-D3-N3-R70-30-MM-G01,Barley Glucan,H?O? oxidation,D3,N3,0.7,0.3,Medium,0.1,,,,,,,
BG-HO-D3-N3-R70-30-MM-G08,Barley Glucan,H?O? oxidation,D3,N3,0.7,0.3,Medium,0.8,,,,,,,
BG-HO-D3-N3-R70-30-MM-G20,Barley Glucan,H?O? oxidation,D3,N3,0.7,0.3,Medium,2,,,,,,,
BG-HO-D3-N3-R70-30-ML-G01,Barley Glucan,H?O? oxidation,D3,N3,0.7,0.3,Low,0.1,,,,,,,
BG-HO-D3-N3-R70-30-ML-G08,Barley Glucan,H?O? oxidation,D3,N3,0.7,0.3,Low,0.8,,,,,,,
BG-HO-D3-N3-R70-30-ML-G20,Barley Glucan,H?O? oxidation,D3,N3,0.7,0.3,Low,2,,,,,,,
BG-HO-D3-N3-R70-30-MU-G01,Barley Glucan,H?O? oxidation,D3,N3,0.7,0.3,Unspecified,0.1,,,,,,,
BG-HO-D3-N3-R70-30-MU-G08,Barley Glucan,H?O? oxidation,D3,N3,0.7,0.3,Unspecified,0.8,,,,,,,
BG-HO-D3-N3-R70-30-MU-G20,Barley Glucan,H?O? oxidation,D3,N3,0.7,0.3,Unspecified,2,,,,,,,
BG-HO-D3-N3-R50-50-MH-G01,Barley Glucan,H?O? oxidation,D3,N3,0.5,0.5,High,0.1,,,,,,,
BG-HO-D3-N3-R50-50-MH-G08,Barley Glucan,H?O? oxidation,D3,N3,0.5,0.5,High,0.8,,,,,,,
BG-HO-D3-N3-R50-50-MH-G20,Barley Glucan,H?O? oxidation,D3,N3,0.5,0.5,High,2,,,,,,,
BG-HO-D3-N3-R50-50-MM-G01,Barley Glucan,H?O? oxidation,D3,N3,0.5,0.5,Medium,0.1,,,,,,,
BG-HO-D3-N3-R50-50-MM-G08,Barley Glucan,H?O? oxidation,D3,N3,0.5,0.5,Medium,0.8,,,,,,,
BG-HO-D3-N3-R50-50-MM-G20,Barley Glucan,H?O? oxidation,D3,N3,0.5,0.5,Medium,2,,,,,,,
BG-HO-D3-N3-R50-50-ML-G01,Barley Glucan,H?O? oxidation,D3,N3,0.5,0.5,Low,0.1,,,,,,,
BG-HO-D3-N3-R50-50-ML-G08,Barley Glucan,H?O? oxidation,D3,N3,0.5,0.5,Low,0.8,,,,,,,
BG-HO-D3-N3-R50-50-ML-G20,Barley Glucan,H?O? oxidation,D3,N3,0.5,0.5,Low,2,,,,,,,
BG-HO-D3-N3-R50-50-MU-G01,Barley Glucan,H?O? oxidation,D3,N3,0.5,0.5,Unspecified,0.1,,,,,,,
BG-HO-D3-N3-R50-50-MU-G08,Barley Glucan,H?O? oxidation,D3,N3,0.5,0.5,Unspecified,0.8,,,,,,,
BG-HO-D3-N3-R50-50-MU-G20,Barley Glucan,H?O? oxidation,D3,N3,0.5,0.5,Unspecified,2,,,,,,,
BG-HO-D3-N4-R90-10-MH-G01,Barley Glucan,H?O? oxidation,D3,N4,0.9,0.1,High,0.1,,,,,,,
BG-HO-D3-N4-R90-10-MH-G08,Barley Glucan,H?O? oxidation,D3,N4,0.9,0.1,High,0.8,,,,,,,
BG-HO-D3-N4-R90-10-MH-G20,Barley Glucan,H?O? oxidation,D3,N4,0.9,0.1,High,2,,,,,,,
BG-HO-D3-N4-R90-10-MM-G01,Barley Glucan,H?O? oxidation,D3,N4,0.9,0.1,Medium,0.1,,,,,,,
BG-HO-D3-N4-R90-10-MM-G08,Barley Glucan,H?O? oxidation,D3,N4,0.9,0.1,Medium,0.8,,,,,,,
BG-HO-D3-N4-R90-10-MM-G20,Barley Glucan,H?O? oxidation,D3,N4,0.9,0.1,Medium,2,,,,,,,
BG-HO-D3-N4-R90-10-ML-G01,Barley Glucan,H?O? oxidation,D3,N4,0.9,0.1,Low,0.1,,,,,,,
BG-HO-D3-N4-R90-10-ML-G08,Barley Glucan,H?O? oxidation,D3,N4,0.9,0.1,Low,0.8,,,,,,,
BG-HO-D3-N4-R90-10-ML-G20,Barley Glucan,H?O? oxidation,D3,N4,0.9,0.1,Low,2,,,,,,,
BG-HO-D3-N4-R90-10-MU-G01,Barley Glucan,H?O? oxidation,D3,N4,0.9,0.1,Unspecified,0.1,,,,,,,
BG-HO-D3-N4-R90-10-MU-G08,Barley Glucan,H?O? oxidation,D3,N4,0.9,0.1,Unspecified,0.8,,,,,,,
BG-HO-D3-N4-R90-10-MU-G20,Barley Glucan,H?O? oxidation,D3,N4,0.9,0.1,Unspecified,2,,,,,,,
BG-HO-D3-N4-R70-30-MH-G01,Barley Glucan,H?O? oxidation,D3,N4,0.7,0.3,High,0.1,,,,,,,
BG-HO-D3-N4-R70-30-MH-G08,Barley Glucan,H?O? oxidation,D3,N4,0.7,0.3,High,0.8,,,,,,,
BG-HO-D3-N4-R70-30-MH-G20,Barley Glucan,H?O? oxidation,D3,N4,0.7,0.3,High,2,,,,,,,
BG-HO-D3-N4-R70-30-MM-G01,Barley Glucan,H?O? oxidation,D3,N4,0.7,0.3,Medium,0.1,,,,,,,
BG-HO-D3-N4-R70-30-MM-G08,Barley Glucan,H?O? oxidation,D3,N4,0.7,0.3,Medium,0.8,,,,,,,
BG-HO-D3-N4-R70-30-MM-G20,Barley Glucan,H?O? oxidation,D3,N4,0.7,0.3,Medium,2,,,,,,,
BG-HO-D3-N4-R70-30-ML-G01,Barley Glucan,H?O? oxidation,D3,N4,0.7,0.3,Low,0.1,,,,,,,
BG-HO-D3-N4-R70-30-ML-G08,Barley Glucan,H?O? oxidation,D3,N4,0.7,0.3,Low,0.8,,,,,,,
BG-HO-D3-N4-R70-30-ML-G20,Barley Glucan,H?O? oxidation,D3,N4,0.7,0.3,Low,2,,,,,,,
BG-HO-D3-N4-R70-30-MU-G01,Barley Glucan,H?O? oxidation,D3,N4,0.7,0.3,Unspecified,0.1,,,,,,,
BG-HO-D3-N4-R70-30-MU-G08,Barley Glucan,H?O? oxidation,D3,N4,0.7,0.3,Unspecified,0.8,,,,,,,
BG-HO-D3-N4-R70-30-MU-G20,Barley Glucan,H?O? oxidation,D3,N4,0.7,0.3,Unspecified,2,,,,,,,
BG-HO-D3-N4-R50-50-MH-G01,Barley Glucan,H?O? oxidation,D3,N4,0.5,0.5,High,0.1,,,,,,,
BG-HO-D3-N4-R50-50-MH-G08,Barley Glucan,H?O? oxidation,D3,N4,0.5,0.5,High,0.8,,,,,,,
BG-HO-D3-N4-R50-50-MH-G20,Barley Glucan,H?O? oxidation,D3,N4,0.5,0.5,High,2,,,,,,,
BG-HO-D3-N4-R50-50-MM-G01,Barley Glucan,H?O? oxidation,D3,N4,0.5,0.5,Medium,0.1,,,,,,,
BG-HO-D3-N4-R50-50-MM-G08,Barley Glucan,H?O? oxidation,D3,N4,0.5,0.5,Medium,0.8,,,,,,,
BG-HO-D3-N4-R50-50-MM-G20,Barley Glucan,H?O? oxidation,D3,N4,0.5,0.5,Medium,2,,,,,,,
BG-HO-D3-N4-R50-50-ML-G01,Barley Glucan,H?O? oxidation,D3,N4,0.5,0.5,Low,0.1,,,,,,,
BG-HO-D3-N4-R50-50-ML-G08,Barley Glucan,H?O? oxidation,D3,N4,0.5,0.5,Low,0.8,,,,,,,
BG-HO-D3-N4-R50-50-ML-G20,Barley Glucan,H?O? oxidation,D3,N4,0.5,0.5,Low,2,,,,,,,
BG-HO-D3-N4-R50-50-MU-G01,Barley Glucan,H?O? oxidation,D3,N4,0.5,0.5,Unspecified,0.1,,,,,,,
BG-HO-D3-N4-R50-50-MU-G08,Barley Glucan,H?O? oxidation,D3,N4,0.5,0.5,Unspecified,0.8,,,,,,,
BG-HO-D3-N4-R50-50-MU-G20,Barley Glucan,H?O? oxidation,D3,N4,0.5,0.5,Unspecified,2,,,,,,,
BG-HO-D3-N5-R90-10-MH-G01,Barley Glucan,H?O? oxidation,D3,N5,0.9,0.1,High,0.1,,,,,,,
BG-HO-D3-N5-R90-10-MH-G08,Barley Glucan,H?O? oxidation,D3,N5,0.9,0.1,High,0.8,,,,,,,
BG-HO-D3-N5-R90-10-MH-G20,Barley Glucan,H?O? oxidation,D3,N5,0.9,0.1,High,2,,,,,,,
BG-HO-D3-N5-R90-10-MM-G01,Barley Glucan,H?O? oxidation,D3,N5,0.9,0.1,Medium,0.1,,,,,,,
BG-HO-D3-N5-R90-10-MM-G08,Barley Glucan,H?O? oxidation,D3,N5,0.9,0.1,Medium,0.8,,,,,,,
BG-HO-D3-N5-R90-10-MM-G20,Barley Glucan,H?O? oxidation,D3,N5,0.9,0.1,Medium,2,,,,,,,
BG-HO-D3-N5-R90-10-ML-G01,Barley Glucan,H?O? oxidation,D3,N5,0.9,0.1,Low,0.1,,,,,,,
BG-HO-D3-N5-R90-10-ML-G08,Barley Glucan,H?O? oxidation,D3,N5,0.9,0.1,Low,0.8,,,,,,,
BG-HO-D3-N5-R90-10-ML-G20,Barley Glucan,H?O? oxidation,D3,N5,0.9,0.1,Low,2,,,,,,,
BG-HO-D3-N5-R90-10-MU-G01,Barley Glucan,H?O? oxidation,D3,N5,0.9,0.1,Unspecified,0.1,,,,,,,
BG-HO-D3-N5-R90-10-MU-G08,Barley Glucan,H?O? oxidation,D3,N5,0.9,0.1,Unspecified,0.8,,,,,,,
BG-HO-D3-N5-R90-10-MU-G20,Barley Glucan,H?O? oxidation,D3,N5,0.9,0.1,Unspecified,2,,,,,,,
BG-HO-D3-N5-R70-30-MH-G01,Barley Glucan,H?O? oxidation,D3,N5,0.7,0.3,High,0.1,,,,,,,
BG-HO-D3-N5-R70-30-MH-G08,Barley Glucan,H?O? oxidation,D3,N5,0.7,0.3,High,0.8,,,,,,,
BG-HO-D3-N5-R70-30-MH-G20,Barley Glucan,H?O? oxidation,D3,N5,0.7,0.3,High,2,,,,,,,
BG-HO-D3-N5-R70-30-MM-G01,Barley Glucan,H?O? oxidation,D3,N5,0.7,0.3,Medium,0.1,,,,,,,
BG-HO-D3-N5-R70-30-MM-G08,Barley Glucan,H?O? oxidation,D3,N5,0.7,0.3,Medium,0.8,,,,,,,
BG-HO-D3-N5-R70-30-MM-G20,Barley Glucan,H?O? oxidation,D3,N5,0.7,0.3,Medium,2,,,,,,,
BG-HO-D3-N5-R70-30-ML-G01,Barley Glucan,H?O? oxidation,D3,N5,0.7,0.3,Low,0.1,,,,,,,
BG-HO-D3-N5-R70-30-ML-G08,Barley Glucan,H?O? oxidation,D3,N5,0.7,0.3,Low,0.8,,,,,,,
BG-HO-D3-N5-R70-30-ML-G20,Barley Glucan,H?O? oxidation,D3,N5,0.7,0.3,Low,2,,,,,,,
BG-HO-D3-N5-R70-30-MU-G01,Barley Glucan,H?O? oxidation,D3,N5,0.7,0.3,Unspecified,0.1,,,,,,,
BG-HO-D3-N5-R70-30-MU-G08,Barley Glucan,H?O? oxidation,D3,N5,0.7,0.3,Unspecified,0.8,,,,,,,
BG-HO-D3-N5-R70-30-MU-G20,Barley Glucan,H?O? oxidation,D3,N5,0.7,0.3,Unspecified,2,,,,,,,
BG-HO-D3-N5-R50-50-MH-G01,Barley Glucan,H?O? oxidation,D3,N5,0.5,0.5,High,0.1,,,,,,,
BG-HO-D3-N5-R50-50-MH-G08,Barley Glucan,H?O? oxidation,D3,N5,0.5,0.5,High,0.8,,,,,,,
BG-HO-D3-N5-R50-50-MH-G20,Barley Glucan,H?O? oxidation,D3,N5,0.5,0.5,High,2,,,,,,,
BG-HO-D3-N5-R50-50-MM-G01,Barley Glucan,H?O? oxidation,D3,N5,0.5,0.5,Medium,0.1,,,,,,,
BG-HO-D3-N5-R50-50-MM-G08,Barley Glucan,H?O? oxidation,D3,N5,0.5,0.5,Medium,0.8,,,,,,,
BG-HO-D3-N5-R50-50-MM-G20,Barley Glucan,H?O? oxidation,D3,N5,0.5,0.5,Medium,2,,,,,,,
BG-HO-D3-N5-R50-50-ML-G01,Barley Glucan,H?O? oxidation,D3,N5,0.5,0.5,Low,0.1,,,,,,,
BG-HO-D3-N5-R50-50-ML-G08,Barley Glucan,H?O? oxidation,D3,N5,0.5,0.5,Low,0.8,,,,,,,
BG-HO-D3-N5-R50-50-ML-G20,Barley Glucan,H?O? oxidation,D3,N5,0.5,0.5,Low,2,,,,,,,
BG-HO-D3-N5-R50-50-MU-G01,Barley Glucan,H?O? oxidation,D3,N5,0.5,0.5,Unspecified,0.1,,,,,,,
BG-HO-D3-N5-R50-50-MU-G08,Barley Glucan,H?O? oxidation,D3,N5,0.5,0.5,Unspecified,0.8,,,,,,,
BG-HO-D3-N5-R50-50-MU-G20,Barley Glucan,H?O? oxidation,D3,N5,0.5,0.5,Unspecified,2,,,,,,,
BG-HO-D3-N6-R90-10-MH-G01,Barley Glucan,H?O? oxidation,D3,N6,0.9,0.1,High,0.1,,,,,,,
BG-HO-D3-N6-R90-10-MH-G08,Barley Glucan,H?O? oxidation,D3,N6,0.9,0.1,High,0.8,,,,,,,
BG-HO-D3-N6-R90-10-MH-G20,Barley Glucan,H?O? oxidation,D3,N6,0.9,0.1,High,2,,,,,,,
BG-HO-D3-N6-R90-10-MM-G01,Barley Glucan,H?O? oxidation,D3,N6,0.9,0.1,Medium,0.1,,,,,,,
BG-HO-D3-N6-R90-10-MM-G08,Barley Glucan,H?O? oxidation,D3,N6,0.9,0.1,Medium,0.8,,,,,,,
BG-HO-D3-N6-R90-10-MM-G20,Barley Glucan,H?O? oxidation,D3,N6,0.9,0.1,Medium,2,,,,,,,
BG-HO-D3-N6-R90-10-ML-G01,Barley Glucan,H?O? oxidation,D3,N6,0.9,0.1,Low,0.1,,,,,,,
BG-HO-D3-N6-R90-10-ML-G08,Barley Glucan,H?O? oxidation,D3,N6,0.9,0.1,Low,0.8,,,,,,,
BG-HO-D3-N6-R90-10-ML-G20,Barley Glucan,H?O? oxidation,D3,N6,0.9,0.1,Low,2,,,,,,,
BG-HO-D3-N6-R90-10-MU-G01,Barley Glucan,H?O? oxidation,D3,N6,0.9,0.1,Unspecified,0.1,,,,,,,
BG-HO-D3-N6-R90-10-MU-G08,Barley Glucan,H?O? oxidation,D3,N6,0.9,0.1,Unspecified,0.8,,,,,,,
BG-HO-D3-N6-R90-10-MU-G20,Barley Glucan,H?O? oxidation,D3,N6,0.9,0.1,Unspecified,2,,,,,,,
BG-HO-D3-N6-R70-30-MH-G01,Barley Glucan,H?O? oxidation,D3,N6,0.7,0.3,High,0.1,,,,,,,
BG-HO-D3-N6-R70-30-MH-G08,Barley Glucan,H?O? oxidation,D3,N6,0.7,0.3,High,0.8,,,,,,,
BG-HO-D3-N6-R70-30-MH-G20,Barley Glucan,H?O? oxidation,D3,N6,0.7,0.3,High,2,,,,,,,
BG-HO-D3-N6-R70-30-MM-G01,Barley Glucan,H?O? oxidation,D3,N6,0.7,0.3,Medium,0.1,,,,,,,
BG-HO-D3-N6-R70-30-MM-G08,Barley Glucan,H?O? oxidation,D3,N6,0.7,0.3,Medium,0.8,,,,,,,
BG-HO-D3-N6-R70-30-MM-G20,Barley Glucan,H?O? oxidation,D3,N6,0.7,0.3,Medium,2,,,,,,,
BG-HO-D3-N6-R70-30-ML-G01,Barley Glucan,H?O? oxidation,D3,N6,0.7,0.3,Low,0.1,,,,,,,
BG-HO-D3-N6-R70-30-ML-G08,Barley Glucan,H?O? oxidation,D3,N6,0.7,0.3,Low,0.8,,,,,,,
BG-HO-D3-N6-R70-30-ML-G20,Barley Glucan,H?O? oxidation,D3,N6,0.7,0.3,Low,2,,,,,,,
BG-HO-D3-N6-R70-30-MU-G01,Barley Glucan,H?O? oxidation,D3,N6,0.7,0.3,Unspecified,0.1,,,,,,,
BG-HO-D3-N6-R70-30-MU-G08,Barley Glucan,H?O? oxidation,D3,N6,0.7,0.3,Unspecified,0.8,,,,,,,
BG-HO-D3-N6-R70-30-MU-G20,Barley Glucan,H?O? oxidation,D3,N6,0.7,0.3,Unspecified,2,,,,,,,
BG-HO-D3-N6-R50-50-MH-G01,Barley Glucan,H?O? oxidation,D3,N6,0.5,0.5,High,0.1,,,,,,,
BG-HO-D3-N6-R50-50-MH-G08,Barley Glucan,H?O? oxidation,D3,N6,0.5,0.5,High,0.8,,,,,,,
BG-HO-D3-N6-R50-50-MH-G20,Barley Glucan,H?O? oxidation,D3,N6,0.5,0.5,High,2,,,,,,,
BG-HO-D3-N6-R50-50-MM-G01,Barley Glucan,H?O? oxidation,D3,N6,0.5,0.5,Medium,0.1,,,,,,,
BG-HO-D3-N6-R50-50-MM-G08,Barley Glucan,H?O? oxidation,D3,N6,0.5,0.5,Medium,0.8,,,,,,,
BG-HO-D3-N6-R50-50-MM-G20,Barley Glucan,H?O? oxidation,D3,N6,0.5,0.5,Medium,2,,,,,,,
BG-HO-D3-N6-R50-50-ML-G01,Barley Glucan,H?O? oxidation,D3,N6,0.5,0.5,Low,0.1,,,,,,,
BG-HO-D3-N6-R50-50-ML-G08,Barley Glucan,H?O? oxidation,D3,N6,0.5,0.5,Low,0.8,,,,,,,
BG-HO-D3-N6-R50-50-ML-G20,Barley Glucan,H?O? oxidation,D3,N6,0.5,0.5,Low,2,,,,,,,
BG-HO-D3-N6-R50-50-MU-G01,Barley Glucan,H?O? oxidation,D3,N6,0.5,0.5,Unspecified,0.1,,,,,,,
BG-HO-D3-N6-R50-50-MU-G08,Barley Glucan,H?O? oxidation,D3,N6,0.5,0.5,Unspecified,0.8,,,,,,,
BG-HO-D3-N6-R50-50-MU-G20,Barley Glucan,H?O? oxidation,D3,N6,0.5,0.5,Unspecified,2,,,,,,,
BG-HO-D4-N1-R90-10-MH-G01,Barley Glucan,H?O? oxidation,D4,N1,0.9,0.1,High,0.1,,,,,,,
BG-HO-D4-N1-R90-10-MH-G08,Barley Glucan,H?O? oxidation,D4,N1,0.9,0.1,High,0.8,,,,,,,
BG-HO-D4-N1-R90-10-MH-G20,Barley Glucan,H?O? oxidation,D4,N1,0.9,0.1,High,2,,,,,,,
BG-HO-D4-N1-R90-10-MM-G01,Barley Glucan,H?O? oxidation,D4,N1,0.9,0.1,Medium,0.1,,,,,,,
BG-HO-D4-N1-R90-10-MM-G08,Barley Glucan,H?O? oxidation,D4,N1,0.9,0.1,Medium,0.8,,,,,,,
BG-HO-D4-N1-R90-10-MM-G20,Barley Glucan,H?O? oxidation,D4,N1,0.9,0.1,Medium,2,,,,,,,
BG-HO-D4-N1-R90-10-ML-G01,Barley Glucan,H?O? oxidation,D4,N1,0.9,0.1,Low,0.1,,,,,,,
BG-HO-D4-N1-R90-10-ML-G08,Barley Glucan,H?O? oxidation,D4,N1,0.9,0.1,Low,0.8,,,,,,,
BG-HO-D4-N1-R90-10-ML-G20,Barley Glucan,H?O? oxidation,D4,N1,0.9,0.1,Low,2,,,,,,,
BG-HO-D4-N1-R90-10-MU-G01,Barley Glucan,H?O? oxidation,D4,N1,0.9,0.1,Unspecified,0.1,,,,,,,
BG-HO-D4-N1-R90-10-MU-G08,Barley Glucan,H?O? oxidation,D4,N1,0.9,0.1,Unspecified,0.8,,,,,,,
BG-HO-D4-N1-R90-10-MU-G20,Barley Glucan,H?O? oxidation,D4,N1,0.9,0.1,Unspecified,2,,,,,,,
BG-HO-D4-N1-R70-30-MH-G01,Barley Glucan,H?O? oxidation,D4,N1,0.7,0.3,High,0.1,,,,,,,
BG-HO-D4-N1-R70-30-MH-G08,Barley Glucan,H?O? oxidation,D4,N1,0.7,0.3,High,0.8,,,,,,,
BG-HO-D4-N1-R70-30-MH-G20,Barley Glucan,H?O? oxidation,D4,N1,0.7,0.3,High,2,,,,,,,
BG-HO-D4-N1-R70-30-MM-G01,Barley Glucan,H?O? oxidation,D4,N1,0.7,0.3,Medium,0.1,,,,,,,
BG-HO-D4-N1-R70-30-MM-G08,Barley Glucan,H?O? oxidation,D4,N1,0.7,0.3,Medium,0.8,,,,,,,
BG-HO-D4-N1-R70-30-MM-G20,Barley Glucan,H?O? oxidation,D4,N1,0.7,0.3,Medium,2,,,,,,,
BG-HO-D4-N1-R70-30-ML-G01,Barley Glucan,H?O? oxidation,D4,N1,0.7,0.3,Low,0.1,,,,,,,
BG-HO-D4-N1-R70-30-ML-G08,Barley Glucan,H?O? oxidation,D4,N1,0.7,0.3,Low,0.8,,,,,,,
BG-HO-D4-N1-R70-30-ML-G20,Barley Glucan,H?O? oxidation,D4,N1,0.7,0.3,Low,2,,,,,,,
BG-HO-D4-N1-R70-30-MU-G01,Barley Glucan,H?O? oxidation,D4,N1,0.7,0.3,Unspecified,0.1,,,,,,,
BG-HO-D4-N1-R70-30-MU-G08,Barley Glucan,H?O? oxidation,D4,N1,0.7,0.3,Unspecified,0.8,,,,,,,
BG-HO-D4-N1-R70-30-MU-G20,Barley Glucan,H?O? oxidation,D4,N1,0.7,0.3,Unspecified,2,,,,,,,
BG-HO-D4-N1-R50-50-MH-G01,Barley Glucan,H?O? oxidation,D4,N1,0.5,0.5,High,0.1,,,,,,,
BG-HO-D4-N1-R50-50-MH-G08,Barley Glucan,H?O? oxidation,D4,N1,0.5,0.5,High,0.8,,,,,,,
BG-HO-D4-N1-R50-50-MH-G20,Barley Glucan,H?O? oxidation,D4,N1,0.5,0.5,High,2,,,,,,,
BG-HO-D4-N1-R50-50-MM-G01,Barley Glucan,H?O? oxidation,D4,N1,0.5,0.5,Medium,0.1,,,,,,,
BG-HO-D4-N1-R50-50-MM-G08,Barley Glucan,H?O? oxidation,D4,N1,0.5,0.5,Medium,0.8,,,,,,,
BG-HO-D4-N1-R50-50-MM-G20,Barley Glucan,H?O? oxidation,D4,N1,0.5,0.5,Medium,2,,,,,,,
BG-HO-D4-N1-R50-50-ML-G01,Barley Glucan,H?O? oxidation,D4,N1,0.5,0.5,Low,0.1,,,,,,,
BG-HO-D4-N1-R50-50-ML-G08,Barley Glucan,H?O? oxidation,D4,N1,0.5,0.5,Low,0.8,,,,,,,
BG-HO-D4-N1-R50-50-ML-G20,Barley Glucan,H?O? oxidation,D4,N1,0.5,0.5,Low,2,,,,,,,
BG-HO-D4-N1-R50-50-MU-G01,Barley Glucan,H?O? oxidation,D4,N1,0.5,0.5,Unspecified,0.1,,,,,,,
BG-HO-D4-N1-R50-50-MU-G08,Barley Glucan,H?O? oxidation,D4,N1,0.5,0.5,Unspecified,0.8,,,,,,,
BG-HO-D4-N1-R50-50-MU-G20,Barley Glucan,H?O? oxidation,D4,N1,0.5,0.5,Unspecified,2,,,,,,,
BG-HO-D4-N2-R90-10-MH-G01,Barley Glucan,H?O? oxidation,D4,N2,0.9,0.1,High,0.1,,,,,,,
BG-HO-D4-N2-R90-10-MH-G08,Barley Glucan,H?O? oxidation,D4,N2,0.9,0.1,High,0.8,,,,,,,
BG-HO-D4-N2-R90-10-MH-G20,Barley Glucan,H?O? oxidation,D4,N2,0.9,0.1,High,2,,,,,,,
BG-HO-D4-N2-R90-10-MM-G01,Barley Glucan,H?O? oxidation,D4,N2,0.9,0.1,Medium,0.1,,,,,,,
BG-HO-D4-N2-R90-10-MM-G08,Barley Glucan,H?O? oxidation,D4,N2,0.9,0.1,Medium,0.8,,,,,,,
BG-HO-D4-N2-R90-10-MM-G20,Barley Glucan,H?O? oxidation,D4,N2,0.9,0.1,Medium,2,,,,,,,
BG-HO-D4-N2-R90-10-ML-G01,Barley Glucan,H?O? oxidation,D4,N2,0.9,0.1,Low,0.1,,,,,,,
BG-HO-D4-N2-R90-10-ML-G08,Barley Glucan,H?O? oxidation,D4,N2,0.9,0.1,Low,0.8,,,,,,,
BG-HO-D4-N2-R90-10-ML-G20,Barley Glucan,H?O? oxidation,D4,N2,0.9,0.1,Low,2,,,,,,,
BG-HO-D4-N2-R90-10-MU-G01,Barley Glucan,H?O? oxidation,D4,N2,0.9,0.1,Unspecified,0.1,,,,,,,
BG-HO-D4-N2-R90-10-MU-G08,Barley Glucan,H?O? oxidation,D4,N2,0.9,0.1,Unspecified,0.8,,,,,,,
BG-HO-D4-N2-R90-10-MU-G20,Barley Glucan,H?O? oxidation,D4,N2,0.9,0.1,Unspecified,2,,,,,,,
BG-HO-D4-N2-R70-30-MH-G01,Barley Glucan,H?O? oxidation,D4,N2,0.7,0.3,High,0.1,,,,,,,
BG-HO-D4-N2-R70-30-MH-G08,Barley Glucan,H?O? oxidation,D4,N2,0.7,0.3,High,0.8,,,,,,,
BG-HO-D4-N2-R70-30-MH-G20,Barley Glucan,H?O? oxidation,D4,N2,0.7,0.3,High,2,,,,,,,
BG-HO-D4-N2-R70-30-MM-G01,Barley Glucan,H?O? oxidation,D4,N2,0.7,0.3,Medium,0.1,,,,,,,
BG-HO-D4-N2-R70-30-MM-G08,Barley Glucan,H?O? oxidation,D4,N2,0.7,0.3,Medium,0.8,,,,,,,
BG-HO-D4-N2-R70-30-MM-G20,Barley Glucan,H?O? oxidation,D4,N2,0.7,0.3,Medium,2,,,,,,,
BG-HO-D4-N2-R70-30-ML-G01,Barley Glucan,H?O? oxidation,D4,N2,0.7,0.3,Low,0.1,,,,,,,
BG-HO-D4-N2-R70-30-ML-G08,Barley Glucan,H?O? oxidation,D4,N2,0.7,0.3,Low,0.8,,,,,,,
BG-HO-D4-N2-R70-30-ML-G20,Barley Glucan,H?O? oxidation,D4,N2,0.7,0.3,Low,2,,,,,,,
BG-HO-D4-N2-R70-30-MU-G01,Barley Glucan,H?O? oxidation,D4,N2,0.7,0.3,Unspecified,0.1,,,,,,,
BG-HO-D4-N2-R70-30-MU-G08,Barley Glucan,H?O? oxidation,D4,N2,0.7,0.3,Unspecified,0.8,,,,,,,
BG-HO-D4-N2-R70-30-MU-G20,Barley Glucan,H?O? oxidation,D4,N2,0.7,0.3,Unspecified,2,,,,,,,
BG-HO-D4-N2-R50-50-MH-G01,Barley Glucan,H?O? oxidation,D4,N2,0.5,0.5,High,0.1,,,,,,,
BG-HO-D4-N2-R50-50-MH-G08,Barley Glucan,H?O? oxidation,D4,N2,0.5,0.5,High,0.8,,,,,,,
BG-HO-D4-N2-R50-50-MH-G20,Barley Glucan,H?O? oxidation,D4,N2,0.5,0.5,High,2,,,,,,,
BG-HO-D4-N2-R50-50-MM-G01,Barley Glucan,H?O? oxidation,D4,N2,0.5,0.5,Medium,0.1,,,,,,,
BG-HO-D4-N2-R50-50-MM-G08,Barley Glucan,H?O? oxidation,D4,N2,0.5,0.5,Medium,0.8,,,,,,,
BG-HO-D4-N2-R50-50-MM-G20,Barley Glucan,H?O? oxidation,D4,N2,0.5,0.5,Medium,2,,,,,,,
BG-HO-D4-N2-R50-50-ML-G01,Barley Glucan,H?O? oxidation,D4,N2,0.5,0.5,Low,0.1,,,,,,,
BG-HO-D4-N2-R50-50-ML-G08,Barley Glucan,H?O? oxidation,D4,N2,0.5,0.5,Low,0.8,,,,,,,
BG-HO-D4-N2-R50-50-ML-G20,Barley Glucan,H?O? oxidation,D4,N2,0.5,0.5,Low,2,,,,,,,
BG-HO-D4-N2-R50-50-MU-G01,Barley Glucan,H?O? oxidation,D4,N2,0.5,0.5,Unspecified,0.1,,,,,,,
BG-HO-D4-N2-R50-50-MU-G08,Barley Glucan,H?O? oxidation,D4,N2,0.5,0.5,Unspecified,0.8,,,,,,,
BG-HO-D4-N2-R50-50-MU-G20,Barley Glucan,H?O? oxidation,D4,N2,0.5,0.5,Unspecified,2,,,,,,,
BG-HO-D4-N3-R90-10-MH-G01,Barley Glucan,H?O? oxidation,D4,N3,0.9,0.1,High,0.1,,,,,,,
BG-HO-D4-N3-R90-10-MH-G08,Barley Glucan,H?O? oxidation,D4,N3,0.9,0.1,High,0.8,,,,,,,
BG-HO-D4-N3-R90-10-MH-G20,Barley Glucan,H?O? oxidation,D4,N3,0.9,0.1,High,2,,,,,,,
BG-HO-D4-N3-R90-10-MM-G01,Barley Glucan,H?O? oxidation,D4,N3,0.9,0.1,Medium,0.1,,,,,,,
BG-HO-D4-N3-R90-10-MM-G08,Barley Glucan,H?O? oxidation,D4,N3,0.9,0.1,Medium,0.8,,,,,,,
BG-HO-D4-N3-R90-10-MM-G20,Barley Glucan,H?O? oxidation,D4,N3,0.9,0.1,Medium,2,,,,,,,
BG-HO-D4-N3-R90-10-ML-G01,Barley Glucan,H?O? oxidation,D4,N3,0.9,0.1,Low,0.1,,,,,,,
BG-HO-D4-N3-R90-10-ML-G08,Barley Glucan,H?O? oxidation,D4,N3,0.9,0.1,Low,0.8,,,,,,,
BG-HO-D4-N3-R90-10-ML-G20,Barley Glucan,H?O? oxidation,D4,N3,0.9,0.1,Low,2,,,,,,,
BG-HO-D4-N3-R90-10-MU-G01,Barley Glucan,H?O? oxidation,D4,N3,0.9,0.1,Unspecified,0.1,,,,,,,
BG-HO-D4-N3-R90-10-MU-G08,Barley Glucan,H?O? oxidation,D4,N3,0.9,0.1,Unspecified,0.8,,,,,,,
BG-HO-D4-N3-R90-10-MU-G20,Barley Glucan,H?O? oxidation,D4,N3,0.9,0.1,Unspecified,2,,,,,,,
BG-HO-D4-N3-R70-30-MH-G01,Barley Glucan,H?O? oxidation,D4,N3,0.7,0.3,High,0.1,,,,,,,
BG-HO-D4-N3-R70-30-MH-G08,Barley Glucan,H?O? oxidation,D4,N3,0.7,0.3,High,0.8,,,,,,,
BG-HO-D4-N3-R70-30-MH-G20,Barley Glucan,H?O? oxidation,D4,N3,0.7,0.3,High,2,,,,,,,
BG-HO-D4-N3-R70-30-MM-G01,Barley Glucan,H?O? oxidation,D4,N3,0.7,0.3,Medium,0.1,,,,,,,
BG-HO-D4-N3-R70-30-MM-G08,Barley Glucan,H?O? oxidation,D4,N3,0.7,0.3,Medium,0.8,,,,,,,
BG-HO-D4-N3-R70-30-MM-G20,Barley Glucan,H?O? oxidation,D4,N3,0.7,0.3,Medium,2,,,,,,,
BG-HO-D4-N3-R70-30-ML-G01,Barley Glucan,H?O? oxidation,D4,N3,0.7,0.3,Low,0.1,,,,,,,
BG-HO-D4-N3-R70-30-ML-G08,Barley Glucan,H?O? oxidation,D4,N3,0.7,0.3,Low,0.8,,,,,,,
BG-HO-D4-N3-R70-30-ML-G20,Barley Glucan,H?O? oxidation,D4,N3,0.7,0.3,Low,2,,,,,,,
BG-HO-D4-N3-R70-30-MU-G01,Barley Glucan,H?O? oxidation,D4,N3,0.7,0.3,Unspecified,0.1,,,,,,,
BG-HO-D4-N3-R70-30-MU-G08,Barley Glucan,H?O? oxidation,D4,N3,0.7,0.3,Unspecified,0.8,,,,,,,
BG-HO-D4-N3-R70-30-MU-G20,Barley Glucan,H?O? oxidation,D4,N3,0.7,0.3,Unspecified,2,,,,,,,
BG-HO-D4-N3-R50-50-MH-G01,Barley Glucan,H?O? oxidation,D4,N3,0.5,0.5,High,0.1,,,,,,,
BG-HO-D4-N3-R50-50-MH-G08,Barley Glucan,H?O? oxidation,D4,N3,0.5,0.5,High,0.8,,,,,,,
BG-HO-D4-N3-R50-50-MH-G20,Barley Glucan,H?O? oxidation,D4,N3,0.5,0.5,High,2,,,,,,,
BG-HO-D4-N3-R50-50-MM-G01,Barley Glucan,H?O? oxidation,D4,N3,0.5,0.5,Medium,0.1,,,,,,,
BG-HO-D4-N3-R50-50-MM-G08,Barley Glucan,H?O? oxidation,D4,N3,0.5,0.5,Medium,0.8,,,,,,,
BG-HO-D4-N3-R50-50-MM-G20,Barley Glucan,H?O? oxidation,D4,N3,0.5,0.5,Medium,2,,,,,,,
BG-HO-D4-N3-R50-50-ML-G01,Barley Glucan,H?O? oxidation,D4,N3,0.5,0.5,Low,0.1,,,,,,,
BG-HO-D4-N3-R50-50-ML-G08,Barley Glucan,H?O? oxidation,D4,N3,0.5,0.5,Low,0.8,,,,,,,
BG-HO-D4-N3-R50-50-ML-G20,Barley Glucan,H?O? oxidation,D4,N3,0.5,0.5,Low,2,,,,,,,
BG-HO-D4-N3-R50-50-MU-G01,Barley Glucan,H?O? oxidation,D4,N3,0.5,0.5,Unspecified,0.1,,,,,,,
BG-HO-D4-N3-R50-50-MU-G08,Barley Glucan,H?O? oxidation,D4,N3,0.5,0.5,Unspecified,0.8,,,,,,,
BG-HO-D4-N3-R50-50-MU-G20,Barley Glucan,H?O? oxidation,D4,N3,0.5,0.5,Unspecified,2,,,,,,,
BG-HO-D4-N4-R90-10-MH-G01,Barley Glucan,H?O? oxidation,D4,N4,0.9,0.1,High,0.1,,,,,,,
BG-HO-D4-N4-R90-10-MH-G08,Barley Glucan,H?O? oxidation,D4,N4,0.9,0.1,High,0.8,,,,,,,
BG-HO-D4-N4-R90-10-MH-G20,Barley Glucan,H?O? oxidation,D4,N4,0.9,0.1,High,2,,,,,,,
BG-HO-D4-N4-R90-10-MM-G01,Barley Glucan,H?O? oxidation,D4,N4,0.9,0.1,Medium,0.1,,,,,,,
BG-HO-D4-N4-R90-10-MM-G08,Barley Glucan,H?O? oxidation,D4,N4,0.9,0.1,Medium,0.8,,,,,,,
BG-HO-D4-N4-R90-10-MM-G20,Barley Glucan,H?O? oxidation,D4,N4,0.9,0.1,Medium,2,,,,,,,
BG-HO-D4-N4-R90-10-ML-G01,Barley Glucan,H?O? oxidation,D4,N4,0.9,0.1,Low,0.1,,,,,,,
BG-HO-D4-N4-R90-10-ML-G08,Barley Glucan,H?O? oxidation,D4,N4,0.9,0.1,Low,0.8,,,,,,,
BG-HO-D4-N4-R90-10-ML-G20,Barley Glucan,H?O? oxidation,D4,N4,0.9,0.1,Low,2,,,,,,,
BG-HO-D4-N4-R90-10-MU-G01,Barley Glucan,H?O? oxidation,D4,N4,0.9,0.1,Unspecified,0.1,,,,,,,
BG-HO-D4-N4-R90-10-MU-G08,Barley Glucan,H?O? oxidation,D4,N4,0.9,0.1,Unspecified,0.8,,,,,,,
BG-HO-D4-N4-R90-10-MU-G20,Barley Glucan,H?O? oxidation,D4,N4,0.9,0.1,Unspecified,2,,,,,,,
BG-HO-D4-N4-R70-30-MH-G01,Barley Glucan,H?O? oxidation,D4,N4,0.7,0.3,High,0.1,,,,,,,
BG-HO-D4-N4-R70-30-MH-G08,Barley Glucan,H?O? oxidation,D4,N4,0.7,0.3,High,0.8,,,,,,,
BG-HO-D4-N4-R70-30-MH-G20,Barley Glucan,H?O? oxidation,D4,N4,0.7,0.3,High,2,,,,,,,
BG-HO-D4-N4-R70-30-MM-G01,Barley Glucan,H?O? oxidation,D4,N4,0.7,0.3,Medium,0.1,,,,,,,
BG-HO-D4-N4-R70-30-MM-G08,Barley Glucan,H?O? oxidation,D4,N4,0.7,0.3,Medium,0.8,,,,,,,
BG-HO-D4-N4-R70-30-MM-G20,Barley Glucan,H?O? oxidation,D4,N4,0.7,0.3,Medium,2,,,,,,,
BG-HO-D4-N4-R70-30-ML-G01,Barley Glucan,H?O? oxidation,D4,N4,0.7,0.3,Low,0.1,,,,,,,
BG-HO-D4-N4-R70-30-ML-G08,Barley Glucan,H?O? oxidation,D4,N4,0.7,0.3,Low,0.8,,,,,,,
BG-HO-D4-N4-R70-30-ML-G20,Barley Glucan,H?O? oxidation,D4,N4,0.7,0.3,Low,2,,,,,,,
BG-HO-D4-N4-R70-30-MU-G01,Barley Glucan,H?O? oxidation,D4,N4,0.7,0.3,Unspecified,0.1,,,,,,,
BG-HO-D4-N4-R70-30-MU-G08,Barley Glucan,H?O? oxidation,D4,N4,0.7,0.3,Unspecified,0.8,,,,,,,
BG-HO-D4-N4-R70-30-MU-G20,Barley Glucan,H?O? oxidation,D4,N4,0.7,0.3,Unspecified,2,,,,,,,
BG-HO-D4-N4-R50-50-MH-G01,Barley Glucan,H?O? oxidation,D4,N4,0.5,0.5,High,0.1,,,,,,,
BG-HO-D4-N4-R50-50-MH-G08,Barley Glucan,H?O? oxidation,D4,N4,0.5,0.5,High,0.8,,,,,,,
BG-HO-D4-N4-R50-50-MH-G20,Barley Glucan,H?O? oxidation,D4,N4,0.5,0.5,High,2,,,,,,,
BG-HO-D4-N4-R50-50-MM-G01,Barley Glucan,H?O? oxidation,D4,N4,0.5,0.5,Medium,0.1,,,,,,,
BG-HO-D4-N4-R50-50-MM-G08,Barley Glucan,H?O? oxidation,D4,N4,0.5,0.5,Medium,0.8,,,,,,,
BG-HO-D4-N4-R50-50-MM-G20,Barley Glucan,H?O? oxidation,D4,N4,0.5,0.5,Medium,2,,,,,,,
BG-HO-D4-N4-R50-50-ML-G01,Barley Glucan,H?O? oxidation,D4,N4,0.5,0.5,Low,0.1,,,,,,,
BG-HO-D4-N4-R50-50-ML-G08,Barley Glucan,H?O? oxidation,D4,N4,0.5,0.5,Low,0.8,,,,,,,
BG-HO-D4-N4-R50-50-ML-G20,Barley Glucan,H?O? oxidation,D4,N4,0.5,0.5,Low,2,,,,,,,
BG-HO-D4-N4-R50-50-MU-G01,Barley Glucan,H?O? oxidation,D4,N4,0.5,0.5,Unspecified,0.1,,,,,,,
BG-HO-D4-N4-R50-50-MU-G08,Barley Glucan,H?O? oxidation,D4,N4,0.5,0.5,Unspecified,0.8,,,,,,,
BG-HO-D4-N4-R50-50-MU-G20,Barley Glucan,H?O? oxidation,D4,N4,0.5,0.5,Unspecified,2,,,,,,,
BG-HO-D4-N5-R90-10-MH-G01,Barley Glucan,H?O? oxidation,D4,N5,0.9,0.1,High,0.1,,,,,,,
BG-HO-D4-N5-R90-10-MH-G08,Barley Glucan,H?O? oxidation,D4,N5,0.9,0.1,High,0.8,,,,,,,
BG-HO-D4-N5-R90-10-MH-G20,Barley Glucan,H?O? oxidation,D4,N5,0.9,0.1,High,2,,,,,,,
BG-HO-D4-N5-R90-10-MM-G01,Barley Glucan,H?O? oxidation,D4,N5,0.9,0.1,Medium,0.1,,,,,,,
BG-HO-D4-N5-R90-10-MM-G08,Barley Glucan,H?O? oxidation,D4,N5,0.9,0.1,Medium,0.8,,,,,,,
BG-HO-D4-N5-R90-10-MM-G20,Barley Glucan,H?O? oxidation,D4,N5,0.9,0.1,Medium,2,,,,,,,
BG-HO-D4-N5-R90-10-ML-G01,Barley Glucan,H?O? oxidation,D4,N5,0.9,0.1,Low,0.1,,,,,,,
BG-HO-D4-N5-R90-10-ML-G08,Barley Glucan,H?O? oxidation,D4,N5,0.9,0.1,Low,0.8,,,,,,,
BG-HO-D4-N5-R90-10-ML-G20,Barley Glucan,H?O? oxidation,D4,N5,0.9,0.1,Low,2,,,,,,,
BG-HO-D4-N5-R90-10-MU-G01,Barley Glucan,H?O? oxidation,D4,N5,0.9,0.1,Unspecified,0.1,,,,,,,
BG-HO-D4-N5-R90-10-MU-G08,Barley Glucan,H?O? oxidation,D4,N5,0.9,0.1,Unspecified,0.8,,,,,,,
BG-HO-D4-N5-R90-10-MU-G20,Barley Glucan,H?O? oxidation,D4,N5,0.9,0.1,Unspecified,2,,,,,,,
BG-HO-D4-N5-R70-30-MH-G01,Barley Glucan,H?O? oxidation,D4,N5,0.7,0.3,High,0.1,,,,,,,
BG-HO-D4-N5-R70-30-MH-G08,Barley Glucan,H?O? oxidation,D4,N5,0.7,0.3,High,0.8,,,,,,,
BG-HO-D4-N5-R70-30-MH-G20,Barley Glucan,H?O? oxidation,D4,N5,0.7,0.3,High,2,,,,,,,
BG-HO-D4-N5-R70-30-MM-G01,Barley Glucan,H?O? oxidation,D4,N5,0.7,0.3,Medium,0.1,,,,,,,
BG-HO-D4-N5-R70-30-MM-G08,Barley Glucan,H?O? oxidation,D4,N5,0.7,0.3,Medium,0.8,,,,,,,
BG-HO-D4-N5-R70-30-MM-G20,Barley Glucan,H?O? oxidation,D4,N5,0.7,0.3,Medium,2,,,,,,,
BG-HO-D4-N5-R70-30-ML-G01,Barley Glucan,H?O? oxidation,D4,N5,0.7,0.3,Low,0.1,,,,,,,
BG-HO-D4-N5-R70-30-ML-G08,Barley Glucan,H?O? oxidation,D4,N5,0.7,0.3,Low,0.8,,,,,,,
BG-HO-D4-N5-R70-30-ML-G20,Barley Glucan,H?O? oxidation,D4,N5,0.7,0.3,Low,2,,,,,,,
BG-HO-D4-N5-R70-30-MU-G01,Barley Glucan,H?O? oxidation,D4,N5,0.7,0.3,Unspecified,0.1,,,,,,,
BG-HO-D4-N5-R70-30-MU-G08,Barley Glucan,H?O? oxidation,D4,N5,0.7,0.3,Unspecified,0.8,,,,,,,
BG-HO-D4-N5-R70-30-MU-G20,Barley Glucan,H?O? oxidation,D4,N5,0.7,0.3,Unspecified,2,,,,,,,
BG-HO-D4-N5-R50-50-MH-G01,Barley Glucan,H?O? oxidation,D4,N5,0.5,0.5,High,0.1,,,,,,,
BG-HO-D4-N5-R50-50-MH-G08,Barley Glucan,H?O? oxidation,D4,N5,0.5,0.5,High,0.8,,,,,,,
BG-HO-D4-N5-R50-50-MH-G20,Barley Glucan,H?O? oxidation,D4,N5,0.5,0.5,High,2,,,,,,,
BG-HO-D4-N5-R50-50-MM-G01,Barley Glucan,H?O? oxidation,D4,N5,0.5,0.5,Medium,0.1,,,,,,,
BG-HO-D4-N5-R50-50-MM-G08,Barley Glucan,H?O? oxidation,D4,N5,0.5,0.5,Medium,0.8,,,,,,,
BG-HO-D4-N5-R50-50-MM-G20,Barley Glucan,H?O? oxidation,D4,N5,0.5,0.5,Medium,2,,,,,,,
BG-HO-D4-N5-R50-50-ML-G01,Barley Glucan,H?O? oxidation,D4,N5,0.5,0.5,Low,0.1,,,,,,,
BG-HO-D4-N5-R50-50-ML-G08,Barley Glucan,H?O? oxidation,D4,N5,0.5,0.5,Low,0.8,,,,,,,
BG-HO-D4-N5-R50-50-ML-G20,Barley Glucan,H?O? oxidation,D4,N5,0.5,0.5,Low,2,,,,,,,
BG-HO-D4-N5-R50-50-MU-G01,Barley Glucan,H?O? oxidation,D4,N5,0.5,0.5,Unspecified,0.1,,,,,,,
BG-HO-D4-N5-R50-50-MU-G08,Barley Glucan,H?O? oxidation,D4,N5,0.5,0.5,Unspecified,0.8,,,,,,,
BG-HO-D4-N5-R50-50-MU-G20,Barley Glucan,H?O? oxidation,D4,N5,0.5,0.5,Unspecified,2,,,,,,,
BG-HO-D4-N6-R90-10-MH-G01,Barley Glucan,H?O? oxidation,D4,N6,0.9,0.1,High,0.1,,,,,,,
BG-HO-D4-N6-R90-10-MH-G08,Barley Glucan,H?O? oxidation,D4,N6,0.9,0.1,High,0.8,,,,,,,
BG-HO-D4-N6-R90-10-MH-G20,Barley Glucan,H?O? oxidation,D4,N6,0.9,0.1,High,2,,,,,,,
BG-HO-D4-N6-R90-10-MM-G01,Barley Glucan,H?O? oxidation,D4,N6,0.9,0.1,Medium,0.1,,,,,,,
BG-HO-D4-N6-R90-10-MM-G08,Barley Glucan,H?O? oxidation,D4,N6,0.9,0.1,Medium,0.8,,,,,,,
BG-HO-D4-N6-R90-10-MM-G20,Barley Glucan,H?O? oxidation,D4,N6,0.9,0.1,Medium,2,,,,,,,
BG-HO-D4-N6-R90-10-ML-G01,Barley Glucan,H?O? oxidation,D4,N6,0.9,0.1,Low,0.1,,,,,,,
BG-HO-D4-N6-R90-10-ML-G08,Barley Glucan,H?O? oxidation,D4,N6,0.9,0.1,Low,0.8,,,,,,,
BG-HO-D4-N6-R90-10-ML-G20,Barley Glucan,H?O? oxidation,D4,N6,0.9,0.1,Low,2,,,,,,,
BG-HO-D4-N6-R90-10-MU-G01,Barley Glucan,H?O? oxidation,D4,N6,0.9,0.1,Unspecified,0.1,,,,,,,
BG-HO-D4-N6-R90-10-MU-G08,Barley Glucan,H?O? oxidation,D4,N6,0.9,0.1,Unspecified,0.8,,,,,,,
BG-HO-D4-N6-R90-10-MU-G20,Barley Glucan,H?O? oxidation,D4,N6,0.9,0.1,Unspecified,2,,,,,,,
BG-HO-D4-N6-R70-30-MH-G01,Barley Glucan,H?O? oxidation,D4,N6,0.7,0.3,High,0.1,,,,,,,
BG-HO-D4-N6-R70-30-MH-G08,Barley Glucan,H?O? oxidation,D4,N6,0.7,0.3,High,0.8,,,,,,,
BG-HO-D4-N6-R70-30-MH-G20,Barley Glucan,H?O? oxidation,D4,N6,0.7,0.3,High,2,,,,,,,
BG-HO-D4-N6-R70-30-MM-G01,Barley Glucan,H?O? oxidation,D4,N6,0.7,0.3,Medium,0.1,,,,,,,
BG-HO-D4-N6-R70-30-MM-G08,Barley Glucan,H?O? oxidation,D4,N6,0.7,0.3,Medium,0.8,,,,,,,
BG-HO-D4-N6-R70-30-MM-G20,Barley Glucan,H?O? oxidation,D4,N6,0.7,0.3,Medium,2,,,,,,,
BG-HO-D4-N6-R70-30-ML-G01,Barley Glucan,H?O? oxidation,D4,N6,0.7,0.3,Low,0.1,,,,,,,
BG-HO-D4-N6-R70-30-ML-G08,Barley Glucan,H?O? oxidation,D4,N6,0.7,0.3,Low,0.8,,,,,,,
BG-HO-D4-N6-R70-30-ML-G20,Barley Glucan,H?O? oxidation,D4,N6,0.7,0.3,Low,2,,,,,,,
BG-HO-D4-N6-R70-30-MU-G01,Barley Glucan,H?O? oxidation,D4,N6,0.7,0.3,Unspecified,0.1,,,,,,,
BG-HO-D4-N6-R70-30-MU-G08,Barley Glucan,H?O? oxidation,D4,N6,0.7,0.3,Unspecified,0.8,,,,,,,
BG-HO-D4-N6-R70-30-MU-G20,Barley Glucan,H?O? oxidation,D4,N6,0.7,0.3,Unspecified,2,,,,,,,
BG-HO-D4-N6-R50-50-MH-G01,Barley Glucan,H?O? oxidation,D4,N6,0.5,0.5,High,0.1,,,,,,,
BG-HO-D4-N6-R50-50-MH-G08,Barley Glucan,H?O? oxidation,D4,N6,0.5,0.5,High,0.8,,,,,,,
BG-HO-D4-N6-R50-50-MH-G20,Barley Glucan,H?O? oxidation,D4,N6,0.5,0.5,High,2,,,,,,,
BG-HO-D4-N6-R50-50-MM-G01,Barley Glucan,H?O? oxidation,D4,N6,0.5,0.5,Medium,0.1,,,,,,,
BG-HO-D4-N6-R50-50-MM-G08,Barley Glucan,H?O? oxidation,D4,N6,0.5,0.5,Medium,0.8,,,,,,,
BG-HO-D4-N6-R50-50-MM-G20,Barley Glucan,H?O? oxidation,D4,N6,0.5,0.5,Medium,2,,,,,,,
BG-HO-D4-N6-R50-50-ML-G01,Barley Glucan,H?O? oxidation,D4,N6,0.5,0.5,Low,0.1,,,,,,,
BG-HO-D4-N6-R50-50-ML-G08,Barley Glucan,H?O? oxidation,D4,N6,0.5,0.5,Low,0.8,,,,,,,
BG-HO-D4-N6-R50-50-ML-G20,Barley Glucan,H?O? oxidation,D4,N6,0.5,0.5,Low,2,,,,,,,
BG-HO-D4-N6-R50-50-MU-G01,Barley Glucan,H?O? oxidation,D4,N6,0.5,0.5,Unspecified,0.1,,,,,,,
BG-HO-D4-N6-R50-50-MU-G08,Barley Glucan,H?O? oxidation,D4,N6,0.5,0.5,Unspecified,0.8,,,,,,,
BG-HO-D4-N6-R50-50-MU-G20,Barley Glucan,H?O? oxidation,D4,N6,0.5,0.5,Unspecified,2,,,,,,,
BG-HO-D5-N1-R90-10-MH-G01,Barley Glucan,H?O? oxidation,D5,N1,0.9,0.1,High,0.1,,,,,,,
BG-HO-D5-N1-R90-10-MH-G08,Barley Glucan,H?O? oxidation,D5,N1,0.9,0.1,High,0.8,,,,,,,
BG-HO-D5-N1-R90-10-MH-G20,Barley Glucan,H?O? oxidation,D5,N1,0.9,0.1,High,2,,,,,,,
BG-HO-D5-N1-R90-10-MM-G01,Barley Glucan,H?O? oxidation,D5,N1,0.9,0.1,Medium,0.1,,,,,,,
BG-HO-D5-N1-R90-10-MM-G08,Barley Glucan,H?O? oxidation,D5,N1,0.9,0.1,Medium,0.8,,,,,,,
BG-HO-D5-N1-R90-10-MM-G20,Barley Glucan,H?O? oxidation,D5,N1,0.9,0.1,Medium,2,,,,,,,
BG-HO-D5-N1-R90-10-ML-G01,Barley Glucan,H?O? oxidation,D5,N1,0.9,0.1,Low,0.1,,,,,,,
BG-HO-D5-N1-R90-10-ML-G08,Barley Glucan,H?O? oxidation,D5,N1,0.9,0.1,Low,0.8,,,,,,,
BG-HO-D5-N1-R90-10-ML-G20,Barley Glucan,H?O? oxidation,D5,N1,0.9,0.1,Low,2,,,,,,,
BG-HO-D5-N1-R90-10-MU-G01,Barley Glucan,H?O? oxidation,D5,N1,0.9,0.1,Unspecified,0.1,,,,,,,
BG-HO-D5-N1-R90-10-MU-G08,Barley Glucan,H?O? oxidation,D5,N1,0.9,0.1,Unspecified,0.8,,,,,,,
BG-HO-D5-N1-R90-10-MU-G20,Barley Glucan,H?O? oxidation,D5,N1,0.9,0.1,Unspecified,2,,,,,,,
BG-HO-D5-N1-R70-30-MH-G01,Barley Glucan,H?O? oxidation,D5,N1,0.7,0.3,High,0.1,,,,,,,
BG-HO-D5-N1-R70-30-MH-G08,Barley Glucan,H?O? oxidation,D5,N1,0.7,0.3,High,0.8,,,,,,,
BG-HO-D5-N1-R70-30-MH-G20,Barley Glucan,H?O? oxidation,D5,N1,0.7,0.3,High,2,,,,,,,
BG-HO-D5-N1-R70-30-MM-G01,Barley Glucan,H?O? oxidation,D5,N1,0.7,0.3,Medium,0.1,,,,,,,
BG-HO-D5-N1-R70-30-MM-G08,Barley Glucan,H?O? oxidation,D5,N1,0.7,0.3,Medium,0.8,,,,,,,
BG-HO-D5-N1-R70-30-MM-G20,Barley Glucan,H?O? oxidation,D5,N1,0.7,0.3,Medium,2,,,,,,,
BG-HO-D5-N1-R70-30-ML-G01,Barley Glucan,H?O? oxidation,D5,N1,0.7,0.3,Low,0.1,,,,,,,
BG-HO-D5-N1-R70-30-ML-G08,Barley Glucan,H?O? oxidation,D5,N1,0.7,0.3,Low,0.8,,,,,,,
BG-HO-D5-N1-R70-30-ML-G20,Barley Glucan,H?O? oxidation,D5,N1,0.7,0.3,Low,2,,,,,,,
BG-HO-D5-N1-R70-30-MU-G01,Barley Glucan,H?O? oxidation,D5,N1,0.7,0.3,Unspecified,0.1,,,,,,,
BG-HO-D5-N1-R70-30-MU-G08,Barley Glucan,H?O? oxidation,D5,N1,0.7,0.3,Unspecified,0.8,,,,,,,
BG-HO-D5-N1-R70-30-MU-G20,Barley Glucan,H?O? oxidation,D5,N1,0.7,0.3,Unspecified,2,,,,,,,
BG-HO-D5-N1-R50-50-MH-G01,Barley Glucan,H?O? oxidation,D5,N1,0.5,0.5,High,0.1,,,,,,,
BG-HO-D5-N1-R50-50-MH-G08,Barley Glucan,H?O? oxidation,D5,N1,0.5,0.5,High,0.8,,,,,,,
BG-HO-D5-N1-R50-50-MH-G20,Barley Glucan,H?O? oxidation,D5,N1,0.5,0.5,High,2,,,,,,,
BG-HO-D5-N1-R50-50-MM-G01,Barley Glucan,H?O? oxidation,D5,N1,0.5,0.5,Medium,0.1,,,,,,,
BG-HO-D5-N1-R50-50-MM-G08,Barley Glucan,H?O? oxidation,D5,N1,0.5,0.5,Medium,0.8,,,,,,,
BG-HO-D5-N1-R50-50-MM-G20,Barley Glucan,H?O? oxidation,D5,N1,0.5,0.5,Medium,2,,,,,,,
BG-HO-D5-N1-R50-50-ML-G01,Barley Glucan,H?O? oxidation,D5,N1,0.5,0.5,Low,0.1,,,,,,,
BG-HO-D5-N1-R50-50-ML-G08,Barley Glucan,H?O? oxidation,D5,N1,0.5,0.5,Low,0.8,,,,,,,
BG-HO-D5-N1-R50-50-ML-G20,Barley Glucan,H?O? oxidation,D5,N1,0.5,0.5,Low,2,,,,,,,
BG-HO-D5-N1-R50-50-MU-G01,Barley Glucan,H?O? oxidation,D5,N1,0.5,0.5,Unspecified,0.1,,,,,,,
BG-HO-D5-N1-R50-50-MU-G08,Barley Glucan,H?O? oxidation,D5,N1,0.5,0.5,Unspecified,0.8,,,,,,,
BG-HO-D5-N1-R50-50-MU-G20,Barley Glucan,H?O? oxidation,D5,N1,0.5,0.5,Unspecified,2,,,,,,,
BG-HO-D5-N2-R90-10-MH-G01,Barley Glucan,H?O? oxidation,D5,N2,0.9,0.1,High,0.1,,,,,,,
BG-HO-D5-N2-R90-10-MH-G08,Barley Glucan,H?O? oxidation,D5,N2,0.9,0.1,High,0.8,,,,,,,
BG-HO-D5-N2-R90-10-MH-G20,Barley Glucan,H?O? oxidation,D5,N2,0.9,0.1,High,2,,,,,,,
BG-HO-D5-N2-R90-10-MM-G01,Barley Glucan,H?O? oxidation,D5,N2,0.9,0.1,Medium,0.1,,,,,,,
BG-HO-D5-N2-R90-10-MM-G08,Barley Glucan,H?O? oxidation,D5,N2,0.9,0.1,Medium,0.8,,,,,,,
BG-HO-D5-N2-R90-10-MM-G20,Barley Glucan,H?O? oxidation,D5,N2,0.9,0.1,Medium,2,,,,,,,
BG-HO-D5-N2-R90-10-ML-G01,Barley Glucan,H?O? oxidation,D5,N2,0.9,0.1,Low,0.1,,,,,,,
BG-HO-D5-N2-R90-10-ML-G08,Barley Glucan,H?O? oxidation,D5,N2,0.9,0.1,Low,0.8,,,,,,,
BG-HO-D5-N2-R90-10-ML-G20,Barley Glucan,H?O? oxidation,D5,N2,0.9,0.1,Low,2,,,,,,,
BG-HO-D5-N2-R90-10-MU-G01,Barley Glucan,H?O? oxidation,D5,N2,0.9,0.1,Unspecified,0.1,,,,,,,
BG-HO-D5-N2-R90-10-MU-G08,Barley Glucan,H?O? oxidation,D5,N2,0.9,0.1,Unspecified,0.8,,,,,,,
BG-HO-D5-N2-R90-10-MU-G20,Barley Glucan,H?O? oxidation,D5,N2,0.9,0.1,Unspecified,2,,,,,,,
BG-HO-D5-N2-R70-30-MH-G01,Barley Glucan,H?O? oxidation,D5,N2,0.7,0.3,High,0.1,,,,,,,
BG-HO-D5-N2-R70-30-MH-G08,Barley Glucan,H?O? oxidation,D5,N2,0.7,0.3,High,0.8,,,,,,,
BG-HO-D5-N2-R70-30-MH-G20,Barley Glucan,H?O? oxidation,D5,N2,0.7,0.3,High,2,,,,,,,
BG-HO-D5-N2-R70-30-MM-G01,Barley Glucan,H?O? oxidation,D5,N2,0.7,0.3,Medium,0.1,,,,,,,
BG-HO-D5-N2-R70-30-MM-G08,Barley Glucan,H?O? oxidation,D5,N2,0.7,0.3,Medium,0.8,,,,,,,
BG-HO-D5-N2-R70-30-MM-G20,Barley Glucan,H?O? oxidation,D5,N2,0.7,0.3,Medium,2,,,,,,,
BG-HO-D5-N2-R70-30-ML-G01,Barley Glucan,H?O? oxidation,D5,N2,0.7,0.3,Low,0.1,,,,,,,
BG-HO-D5-N2-R70-30-ML-G08,Barley Glucan,H?O? oxidation,D5,N2,0.7,0.3,Low,0.8,,,,,,,
BG-HO-D5-N2-R70-30-ML-G20,Barley Glucan,H?O? oxidation,D5,N2,0.7,0.3,Low,2,,,,,,,
BG-HO-D5-N2-R70-30-MU-G01,Barley Glucan,H?O? oxidation,D5,N2,0.7,0.3,Unspecified,0.1,,,,,,,
BG-HO-D5-N2-R70-30-MU-G08,Barley Glucan,H?O? oxidation,D5,N2,0.7,0.3,Unspecified,0.8,,,,,,,
BG-HO-D5-N2-R70-30-MU-G20,Barley Glucan,H?O? oxidation,D5,N2,0.7,0.3,Unspecified,2,,,,,,,
BG-HO-D5-N2-R50-50-MH-G01,Barley Glucan,H?O? oxidation,D5,N2,0.5,0.5,High,0.1,,,,,,,
BG-HO-D5-N2-R50-50-MH-G08,Barley Glucan,H?O? oxidation,D5,N2,0.5,0.5,High,0.8,,,,,,,
BG-HO-D5-N2-R50-50-MH-G20,Barley Glucan,H?O? oxidation,D5,N2,0.5,0.5,High,2,,,,,,,
BG-HO-D5-N2-R50-50-MM-G01,Barley Glucan,H?O? oxidation,D5,N2,0.5,0.5,Medium,0.1,,,,,,,
BG-HO-D5-N2-R50-50-MM-G08,Barley Glucan,H?O? oxidation,D5,N2,0.5,0.5,Medium,0.8,,,,,,,
BG-HO-D5-N2-R50-50-MM-G20,Barley Glucan,H?O? oxidation,D5,N2,0.5,0.5,Medium,2,,,,,,,
BG-HO-D5-N2-R50-50-ML-G01,Barley Glucan,H?O? oxidation,D5,N2,0.5,0.5,Low,0.1,,,,,,,
BG-HO-D5-N2-R50-50-ML-G08,Barley Glucan,H?O? oxidation,D5,N2,0.5,0.5,Low,0.8,,,,,,,
BG-HO-D5-N2-R50-50-ML-G20,Barley Glucan,H?O? oxidation,D5,N2,0.5,0.5,Low,2,,,,,,,
BG-HO-D5-N2-R50-50-MU-G01,Barley Glucan,H?O? oxidation,D5,N2,0.5,0.5,Unspecified,0.1,,,,,,,
BG-HO-D5-N2-R50-50-MU-G08,Barley Glucan,H?O? oxidation,D5,N2,0.5,0.5,Unspecified,0.8,,,,,,,
BG-HO-D5-N2-R50-50-MU-G20,Barley Glucan,H?O? oxidation,D5,N2,0.5,0.5,Unspecified,2,,,,,,,
BG-HO-D5-N3-R90-10-MH-G01,Barley Glucan,H?O? oxidation,D5,N3,0.9,0.1,High,0.1,,,,,,,
BG-HO-D5-N3-R90-10-MH-G08,Barley Glucan,H?O? oxidation,D5,N3,0.9,0.1,High,0.8,,,,,,,
BG-HO-D5-N3-R90-10-MH-G20,Barley Glucan,H?O? oxidation,D5,N3,0.9,0.1,High,2,,,,,,,
BG-HO-D5-N3-R90-10-MM-G01,Barley Glucan,H?O? oxidation,D5,N3,0.9,0.1,Medium,0.1,,,,,,,
BG-HO-D5-N3-R90-10-MM-G08,Barley Glucan,H?O? oxidation,D5,N3,0.9,0.1,Medium,0.8,,,,,,,
BG-HO-D5-N3-R90-10-MM-G20,Barley Glucan,H?O? oxidation,D5,N3,0.9,0.1,Medium,2,,,,,,,
BG-HO-D5-N3-R90-10-ML-G01,Barley Glucan,H?O? oxidation,D5,N3,0.9,0.1,Low,0.1,,,,,,,
BG-HO-D5-N3-R90-10-ML-G08,Barley Glucan,H?O? oxidation,D5,N3,0.9,0.1,Low,0.8,,,,,,,
BG-HO-D5-N3-R90-10-ML-G20,Barley Glucan,H?O? oxidation,D5,N3,0.9,0.1,Low,2,,,,,,,
BG-HO-D5-N3-R90-10-MU-G01,Barley Glucan,H?O? oxidation,D5,N3,0.9,0.1,Unspecified,0.1,,,,,,,
BG-HO-D5-N3-R90-10-MU-G08,Barley Glucan,H?O? oxidation,D5,N3,0.9,0.1,Unspecified,0.8,,,,,,,
BG-HO-D5-N3-R90-10-MU-G20,Barley Glucan,H?O? oxidation,D5,N3,0.9,0.1,Unspecified,2,,,,,,,
BG-HO-D5-N3-R70-30-MH-G01,Barley Glucan,H?O? oxidation,D5,N3,0.7,0.3,High,0.1,,,,,,,
BG-HO-D5-N3-R70-30-MH-G08,Barley Glucan,H?O? oxidation,D5,N3,0.7,0.3,High,0.8,,,,,,,
BG-HO-D5-N3-R70-30-MH-G20,Barley Glucan,H?O? oxidation,D5,N3,0.7,0.3,High,2,,,,,,,
BG-HO-D5-N3-R70-30-MM-G01,Barley Glucan,H?O? oxidation,D5,N3,0.7,0.3,Medium,0.1,,,,,,,
BG-HO-D5-N3-R70-30-MM-G08,Barley Glucan,H?O? oxidation,D5,N3,0.7,0.3,Medium,0.8,,,,,,,
BG-HO-D5-N3-R70-30-MM-G20,Barley Glucan,H?O? oxidation,D5,N3,0.7,0.3,Medium,2,,,,,,,
BG-HO-D5-N3-R70-30-ML-G01,Barley Glucan,H?O? oxidation,D5,N3,0.7,0.3,Low,0.1,,,,,,,
BG-HO-D5-N3-R70-30-ML-G08,Barley Glucan,H?O? oxidation,D5,N3,0.7,0.3,Low,0.8,,,,,,,
BG-HO-D5-N3-R70-30-ML-G20,Barley Glucan,H?O? oxidation,D5,N3,0.7,0.3,Low,2,,,,,,,
BG-HO-D5-N3-R70-30-MU-G01,Barley Glucan,H?O? oxidation,D5,N3,0.7,0.3,Unspecified,0.1,,,,,,,
BG-HO-D5-N3-R70-30-MU-G08,Barley Glucan,H?O? oxidation,D5,N3,0.7,0.3,Unspecified,0.8,,,,,,,
BG-HO-D5-N3-R70-30-MU-G20,Barley Glucan,H?O? oxidation,D5,N3,0.7,0.3,Unspecified,2,,,,,,,
BG-HO-D5-N3-R50-50-MH-G01,Barley Glucan,H?O? oxidation,D5,N3,0.5,0.5,High,0.1,,,,,,,
BG-HO-D5-N3-R50-50-MH-G08,Barley Glucan,H?O? oxidation,D5,N3,0.5,0.5,High,0.8,,,,,,,
BG-HO-D5-N3-R50-50-MH-G20,Barley Glucan,H?O? oxidation,D5,N3,0.5,0.5,High,2,,,,,,,
BG-HO-D5-N3-R50-50-MM-G01,Barley Glucan,H?O? oxidation,D5,N3,0.5,0.5,Medium,0.1,,,,,,,
BG-HO-D5-N3-R50-50-MM-G08,Barley Glucan,H?O? oxidation,D5,N3,0.5,0.5,Medium,0.8,,,,,,,
BG-HO-D5-N3-R50-50-MM-G20,Barley Glucan,H?O? oxidation,D5,N3,0.5,0.5,Medium,2,,,,,,,
BG-HO-D5-N3-R50-50-ML-G01,Barley Glucan,H?O? oxidation,D5,N3,0.5,0.5,Low,0.1,,,,,,,
BG-HO-D5-N3-R50-50-ML-G08,Barley Glucan,H?O? oxidation,D5,N3,0.5,0.5,Low,0.8,,,,,,,
BG-HO-D5-N3-R50-50-ML-G20,Barley Glucan,H?O? oxidation,D5,N3,0.5,0.5,Low,2,,,,,,,
BG-HO-D5-N3-R50-50-MU-G01,Barley Glucan,H?O? oxidation,D5,N3,0.5,0.5,Unspecified,0.1,,,,,,,
BG-HO-D5-N3-R50-50-MU-G08,Barley Glucan,H?O? oxidation,D5,N3,0.5,0.5,Unspecified,0.8,,,,,,,
BG-HO-D5-N3-R50-50-MU-G20,Barley Glucan,H?O? oxidation,D5,N3,0.5,0.5,Unspecified,2,,,,,,,
BG-HO-D5-N4-R90-10-MH-G01,Barley Glucan,H?O? oxidation,D5,N4,0.9,0.1,High,0.1,,,,,,,
BG-HO-D5-N4-R90-10-MH-G08,Barley Glucan,H?O? oxidation,D5,N4,0.9,0.1,High,0.8,,,,,,,
BG-HO-D5-N4-R90-10-MH-G20,Barley Glucan,H?O? oxidation,D5,N4,0.9,0.1,High,2,,,,,,,
BG-HO-D5-N4-R90-10-MM-G01,Barley Glucan,H?O? oxidation,D5,N4,0.9,0.1,Medium,0.1,,,,,,,
BG-HO-D5-N4-R90-10-MM-G08,Barley Glucan,H?O? oxidation,D5,N4,0.9,0.1,Medium,0.8,,,,,,,
BG-HO-D5-N4-R90-10-MM-G20,Barley Glucan,H?O? oxidation,D5,N4,0.9,0.1,Medium,2,,,,,,,
BG-HO-D5-N4-R90-10-ML-G01,Barley Glucan,H?O? oxidation,D5,N4,0.9,0.1,Low,0.1,,,,,,,
BG-HO-D5-N4-R90-10-ML-G08,Barley Glucan,H?O? oxidation,D5,N4,0.9,0.1,Low,0.8,,,,,,,
BG-HO-D5-N4-R90-10-ML-G20,Barley Glucan,H?O? oxidation,D5,N4,0.9,0.1,Low,2,,,,,,,
BG-HO-D5-N4-R90-10-MU-G01,Barley Glucan,H?O? oxidation,D5,N4,0.9,0.1,Unspecified,0.1,,,,,,,
BG-HO-D5-N4-R90-10-MU-G08,Barley Glucan,H?O? oxidation,D5,N4,0.9,0.1,Unspecified,0.8,,,,,,,
BG-HO-D5-N4-R90-10-MU-G20,Barley Glucan,H?O? oxidation,D5,N4,0.9,0.1,Unspecified,2,,,,,,,
BG-HO-D5-N4-R70-30-MH-G01,Barley Glucan,H?O? oxidation,D5,N4,0.7,0.3,High,0.1,,,,,,,
BG-HO-D5-N4-R70-30-MH-G08,Barley Glucan,H?O? oxidation,D5,N4,0.7,0.3,High,0.8,,,,,,,
BG-HO-D5-N4-R70-30-MH-G20,Barley Glucan,H?O? oxidation,D5,N4,0.7,0.3,High,2,,,,,,,
BG-HO-D5-N4-R70-30-MM-G01,Barley Glucan,H?O? oxidation,D5,N4,0.7,0.3,Medium,0.1,,,,,,,
BG-HO-D5-N4-R70-30-MM-G08,Barley Glucan,H?O? oxidation,D5,N4,0.7,0.3,Medium,0.8,,,,,,,
BG-HO-D5-N4-R70-30-MM-G20,Barley Glucan,H?O? oxidation,D5,N4,0.7,0.3,Medium,2,,,,,,,
BG-HO-D5-N4-R70-30-ML-G01,Barley Glucan,H?O? oxidation,D5,N4,0.7,0.3,Low,0.1,,,,,,,
BG-HO-D5-N4-R70-30-ML-G08,Barley Glucan,H?O? oxidation,D5,N4,0.7,0.3,Low,0.8,,,,,,,
BG-HO-D5-N4-R70-30-ML-G20,Barley Glucan,H?O? oxidation,D5,N4,0.7,0.3,Low,2,,,,,,,
BG-HO-D5-N4-R70-30-MU-G01,Barley Glucan,H?O? oxidation,D5,N4,0.7,0.3,Unspecified,0.1,,,,,,,
BG-HO-D5-N4-R70-30-MU-G08,Barley Glucan,H?O? oxidation,D5,N4,0.7,0.3,Unspecified,0.8,,,,,,,
BG-HO-D5-N4-R70-30-MU-G20,Barley Glucan,H?O? oxidation,D5,N4,0.7,0.3,Unspecified,2,,,,,,,
BG-HO-D5-N4-R50-50-MH-G01,Barley Glucan,H?O? oxidation,D5,N4,0.5,0.5,High,0.1,,,,,,,
BG-HO-D5-N4-R50-50-MH-G08,Barley Glucan,H?O? oxidation,D5,N4,0.5,0.5,High,0.8,,,,,,,
BG-HO-D5-N4-R50-50-MH-G20,Barley Glucan,H?O? oxidation,D5,N4,0.5,0.5,High,2,,,,,,,
BG-HO-D5-N4-R50-50-MM-G01,Barley Glucan,H?O? oxidation,D5,N4,0.5,0.5,Medium,0.1,,,,,,,
BG-HO-D5-N4-R50-50-MM-G08,Barley Glucan,H?O? oxidation,D5,N4,0.5,0.5,Medium,0.8,,,,,,,
BG-HO-D5-N4-R50-50-MM-G20,Barley Glucan,H?O? oxidation,D5,N4,0.5,0.5,Medium,2,,,,,,,
BG-HO-D5-N4-R50-50-ML-G01,Barley Glucan,H?O? oxidation,D5,N4,0.5,0.5,Low,0.1,,,,,,,
BG-HO-D5-N4-R50-50-ML-G08,Barley Glucan,H?O? oxidation,D5,N4,0.5,0.5,Low,0.8,,,,,,,
BG-HO-D5-N4-R50-50-ML-G20,Barley Glucan,H?O? oxidation,D5,N4,0.5,0.5,Low,2,,,,,,,
BG-HO-D5-N4-R50-50-MU-G01,Barley Glucan,H?O? oxidation,D5,N4,0.5,0.5,Unspecified,0.1,,,,,,,
BG-HO-D5-N4-R50-50-MU-G08,Barley Glucan,H?O? oxidation,D5,N4,0.5,0.5,Unspecified,0.8,,,,,,,
BG-HO-D5-N4-R50-50-MU-G20,Barley Glucan,H?O? oxidation,D5,N4,0.5,0.5,Unspecified,2,,,,,,,
BG-HO-D5-N5-R90-10-MH-G01,Barley Glucan,H?O? oxidation,D5,N5,0.9,0.1,High,0.1,,,,,,,
BG-HO-D5-N5-R90-10-MH-G08,Barley Glucan,H?O? oxidation,D5,N5,0.9,0.1,High,0.8,,,,,,,
BG-HO-D5-N5-R90-10-MH-G20,Barley Glucan,H?O? oxidation,D5,N5,0.9,0.1,High,2,,,,,,,
BG-HO-D5-N5-R90-10-MM-G01,Barley Glucan,H?O? oxidation,D5,N5,0.9,0.1,Medium,0.1,,,,,,,
BG-HO-D5-N5-R90-10-MM-G08,Barley Glucan,H?O? oxidation,D5,N5,0.9,0.1,Medium,0.8,,,,,,,
BG-HO-D5-N5-R90-10-MM-G20,Barley Glucan,H?O? oxidation,D5,N5,0.9,0.1,Medium,2,,,,,,,
BG-HO-D5-N5-R90-10-ML-G01,Barley Glucan,H?O? oxidation,D5,N5,0.9,0.1,Low,0.1,,,,,,,
BG-HO-D5-N5-R90-10-ML-G08,Barley Glucan,H?O? oxidation,D5,N5,0.9,0.1,Low,0.8,,,,,,,
BG-HO-D5-N5-R90-10-ML-G20,Barley Glucan,H?O? oxidation,D5,N5,0.9,0.1,Low,2,,,,,,,
BG-HO-D5-N5-R90-10-MU-G01,Barley Glucan,H?O? oxidation,D5,N5,0.9,0.1,Unspecified,0.1,,,,,,,
BG-HO-D5-N5-R90-10-MU-G08,Barley Glucan,H?O? oxidation,D5,N5,0.9,0.1,Unspecified,0.8,,,,,,,
BG-HO-D5-N5-R90-10-MU-G20,Barley Glucan,H?O? oxidation,D5,N5,0.9,0.1,Unspecified,2,,,,,,,
BG-HO-D5-N5-R70-30-MH-G01,Barley Glucan,H?O? oxidation,D5,N5,0.7,0.3,High,0.1,,,,,,,
BG-HO-D5-N5-R70-30-MH-G08,Barley Glucan,H?O? oxidation,D5,N5,0.7,0.3,High,0.8,,,,,,,
BG-HO-D5-N5-R70-30-MH-G20,Barley Glucan,H?O? oxidation,D5,N5,0.7,0.3,High,2,,,,,,,
BG-HO-D5-N5-R70-30-MM-G01,Barley Glucan,H?O? oxidation,D5,N5,0.7,0.3,Medium,0.1,,,,,,,
BG-HO-D5-N5-R70-30-MM-G08,Barley Glucan,H?O? oxidation,D5,N5,0.7,0.3,Medium,0.8,,,,,,,
BG-HO-D5-N5-R70-30-MM-G20,Barley Glucan,H?O? oxidation,D5,N5,0.7,0.3,Medium,2,,,,,,,
BG-HO-D5-N5-R70-30-ML-G01,Barley Glucan,H?O? oxidation,D5,N5,0.7,0.3,Low,0.1,,,,,,,
BG-HO-D5-N5-R70-30-ML-G08,Barley Glucan,H?O? oxidation,D5,N5,0.7,0.3,Low,0.8,,,,,,,
BG-HO-D5-N5-R70-30-ML-G20,Barley Glucan,H?O? oxidation,D5,N5,0.7,0.3,Low,2,,,,,,,
BG-HO-D5-N5-R70-30-MU-G01,Barley Glucan,H?O? oxidation,D5,N5,0.7,0.3,Unspecified,0.1,,,,,,,
BG-HO-D5-N5-R70-30-MU-G08,Barley Glucan,H?O? oxidation,D5,N5,0.7,0.3,Unspecified,0.8,,,,,,,
BG-HO-D5-N5-R70-30-MU-G20,Barley Glucan,H?O? oxidation,D5,N5,0.7,0.3,Unspecified,2,,,,,,,
BG-HO-D5-N5-R50-50-MH-G01,Barley Glucan,H?O? oxidation,D5,N5,0.5,0.5,High,0.1,,,,,,,
BG-HO-D5-N5-R50-50-MH-G08,Barley Glucan,H?O? oxidation,D5,N5,0.5,0.5,High,0.8,,,,,,,
BG-HO-D5-N5-R50-50-MH-G20,Barley Glucan,H?O? oxidation,D5,N5,0.5,0.5,High,2,,,,,,,
BG-HO-D5-N5-R50-50-MM-G01,Barley Glucan,H?O? oxidation,D5,N5,0.5,0.5,Medium,0.1,,,,,,,
BG-HO-D5-N5-R50-50-MM-G08,Barley Glucan,H?O? oxidation,D5,N5,0.5,0.5,Medium,0.8,,,,,,,
BG-HO-D5-N5-R50-50-MM-G20,Barley Glucan,H?O? oxidation,D5,N5,0.5,0.5,Medium,2,,,,,,,
BG-HO-D5-N5-R50-50-ML-G01,Barley Glucan,H?O? oxidation,D5,N5,0.5,0.5,Low,0.1,,,,,,,
BG-HO-D5-N5-R50-50-ML-G08,Barley Glucan,H?O? oxidation,D5,N5,0.5,0.5,Low,0.8,,,,,,,
BG-HO-D5-N5-R50-50-ML-G20,Barley Glucan,H?O? oxidation,D5,N5,0.5,0.5,Low,2,,,,,,,
BG-HO-D5-N5-R50-50-MU-G01,Barley Glucan,H?O? oxidation,D5,N5,0.5,0.5,Unspecified,0.1,,,,,,,
BG-HO-D5-N5-R50-50-MU-G08,Barley Glucan,H?O? oxidation,D5,N5,0.5,0.5,Unspecified,0.8,,,,,,,
BG-HO-D5-N5-R50-50-MU-G20,Barley Glucan,H?O? oxidation,D5,N5,0.5,0.5,Unspecified,2,,,,,,,
BG-HO-D5-N6-R90-10-MH-G01,Barley Glucan,H?O? oxidation,D5,N6,0.9,0.1,High,0.1,,,,,,,
BG-HO-D5-N6-R90-10-MH-G08,Barley Glucan,H?O? oxidation,D5,N6,0.9,0.1,High,0.8,,,,,,,
BG-HO-D5-N6-R90-10-MH-G20,Barley Glucan,H?O? oxidation,D5,N6,0.9,0.1,High,2,,,,,,,
BG-HO-D5-N6-R90-10-MM-G01,Barley Glucan,H?O? oxidation,D5,N6,0.9,0.1,Medium,0.1,,,,,,,
BG-HO-D5-N6-R90-10-MM-G08,Barley Glucan,H?O? oxidation,D5,N6,0.9,0.1,Medium,0.8,,,,,,,
BG-HO-D5-N6-R90-10-MM-G20,Barley Glucan,H?O? oxidation,D5,N6,0.9,0.1,Medium,2,,,,,,,
BG-HO-D5-N6-R90-10-ML-G01,Barley Glucan,H?O? oxidation,D5,N6,0.9,0.1,Low,0.1,,,,,,,
BG-HO-D5-N6-R90-10-ML-G08,Barley Glucan,H?O? oxidation,D5,N6,0.9,0.1,Low,0.8,,,,,,,
BG-HO-D5-N6-R90-10-ML-G20,Barley Glucan,H?O? oxidation,D5,N6,0.9,0.1,Low,2,,,,,,,
BG-HO-D5-N6-R90-10-MU-G01,Barley Glucan,H?O? oxidation,D5,N6,0.9,0.1,Unspecified,0.1,,,,,,,
BG-HO-D5-N6-R90-10-MU-G08,Barley Glucan,H?O? oxidation,D5,N6,0.9,0.1,Unspecified,0.8,,,,,,,
BG-HO-D5-N6-R90-10-MU-G20,Barley Glucan,H?O? oxidation,D5,N6,0.9,0.1,Unspecified,2,,,,,,,
BG-HO-D5-N6-R70-30-MH-G01,Barley Glucan,H?O? oxidation,D5,N6,0.7,0.3,High,0.1,,,,,,,
BG-HO-D5-N6-R70-30-MH-G08,Barley Glucan,H?O? oxidation,D5,N6,0.7,0.3,High,0.8,,,,,,,
BG-HO-D5-N6-R70-30-MH-G20,Barley Glucan,H?O? oxidation,D5,N6,0.7,0.3,High,2,,,,,,,
BG-HO-D5-N6-R70-30-MM-G01,Barley Glucan,H?O? oxidation,D5,N6,0.7,0.3,Medium,0.1,,,,,,,
BG-HO-D5-N6-R70-30-MM-G08,Barley Glucan,H?O? oxidation,D5,N6,0.7,0.3,Medium,0.8,,,,,,,
BG-HO-D5-N6-R70-30-MM-G20,Barley Glucan,H?O? oxidation,D5,N6,0.7,0.3,Medium,2,,,,,,,
BG-HO-D5-N6-R70-30-ML-G01,Barley Glucan,H?O? oxidation,D5,N6,0.7,0.3,Low,0.1,,,,,,,
BG-HO-D5-N6-R70-30-ML-G08,Barley Glucan,H?O? oxidation,D5,N6,0.7,0.3,Low,0.8,,,,,,,
BG-HO-D5-N6-R70-30-ML-G20,Barley Glucan,H?O? oxidation,D5,N6,0.7,0.3,Low,2,,,,,,,
BG-HO-D5-N6-R70-30-MU-G01,Barley Glucan,H?O? oxidation,D5,N6,0.7,0.3,Unspecified,0.1,,,,,,,
BG-HO-D5-N6-R70-30-MU-G08,Barley Glucan,H?O? oxidation,D5,N6,0.7,0.3,Unspecified,0.8,,,,,,,
BG-HO-D5-N6-R70-30-MU-G20,Barley Glucan,H?O? oxidation,D5,N6,0.7,0.3,Unspecified,2,,,,,,,
BG-HO-D5-N6-R50-50-MH-G01,Barley Glucan,H?O? oxidation,D5,N6,0.5,0.5,High,0.1,,,,,,,
BG-HO-D5-N6-R50-50-MH-G08,Barley Glucan,H?O? oxidation,D5,N6,0.5,0.5,High,0.8,,,,,,,
BG-HO-D5-N6-R50-50-MH-G20,Barley Glucan,H?O? oxidation,D5,N6,0.5,0.5,High,2,,,,,,,
BG-HO-D5-N6-R50-50-MM-G01,Barley Glucan,H?O? oxidation,D5,N6,0.5,0.5,Medium,0.1,,,,,,,
BG-HO-D5-N6-R50-50-MM-G08,Barley Glucan,H?O? oxidation,D5,N6,0.5,0.5,Medium,0.8,,,,,,,
BG-HO-D5-N6-R50-50-MM-G20,Barley Glucan,H?O? oxidation,D5,N6,0.5,0.5,Medium,2,,,,,,,
BG-HO-D5-N6-R50-50-ML-G01,Barley Glucan,H?O? oxidation,D5,N6,0.5,0.5,Low,0.1,,,,,,,
BG-HO-D5-N6-R50-50-ML-G08,Barley Glucan,H?O? oxidation,D5,N6,0.5,0.5,Low,0.8,,,,,,,
BG-HO-D5-N6-R50-50-ML-G20,Barley Glucan,H?O? oxidation,D5,N6,0.5,0.5,Low,2,,,,,,,
BG-HO-D5-N6-R50-50-MU-G01,Barley Glucan,H?O? oxidation,D5,N6,0.5,0.5,Unspecified,0.1,,,,,,,
BG-HO-D5-N6-R50-50-MU-G08,Barley Glucan,H?O? oxidation,D5,N6,0.5,0.5,Unspecified,0.8,,,,,,,
BG-HO-D5-N6-R50-50-MU-G20,Barley Glucan,H?O? oxidation,D5,N6,0.5,0.5,Unspecified,2,,,,,,,
C-SA-D1-N1-R90-10-MH-G01,Curdlan,Succinic anhydride modification,D1,N1,0.9,0.1,High,0.1,,,,,,,
C-SA-D1-N1-R90-10-MH-G08,Curdlan,Succinic anhydride modification,D1,N1,0.9,0.1,High,0.8,,,,,,,
C-SA-D1-N1-R90-10-MH-G20,Curdlan,Succinic anhydride modification,D1,N1,0.9,0.1,High,2,,,,,,,
C-SA-D1-N1-R90-10-MM-G01,Curdlan,Succinic anhydride modification,D1,N1,0.9,0.1,Medium,0.1,,,,,,,
C-SA-D1-N1-R90-10-MM-G08,Curdlan,Succinic anhydride modification,D1,N1,0.9,0.1,Medium,0.8,,,,,,,
C-SA-D1-N1-R90-10-MM-G20,Curdlan,Succinic anhydride modification,D1,N1,0.9,0.1,Medium,2,,,,,,,
C-SA-D1-N1-R90-10-ML-G01,Curdlan,Succinic anhydride modification,D1,N1,0.9,0.1,Low,0.1,,,,,,,
C-SA-D1-N1-R90-10-ML-G08,Curdlan,Succinic anhydride modification,D1,N1,0.9,0.1,Low,0.8,,,,,,,
C-SA-D1-N1-R90-10-ML-G20,Curdlan,Succinic anhydride modification,D1,N1,0.9,0.1,Low,2,,,,,,,
C-SA-D1-N1-R90-10-MU-G01,Curdlan,Succinic anhydride modification,D1,N1,0.9,0.1,Unspecified,0.1,,,,,,,
C-SA-D1-N1-R90-10-MU-G08,Curdlan,Succinic anhydride modification,D1,N1,0.9,0.1,Unspecified,0.8,,,,,,,
C-SA-D1-N1-R90-10-MU-G20,Curdlan,Succinic anhydride modification,D1,N1,0.9,0.1,Unspecified,2,,,,,,,
C-SA-D1-N1-R70-30-MH-G01,Curdlan,Succinic anhydride modification,D1,N1,0.7,0.3,High,0.1,,,,,,,
C-SA-D1-N1-R70-30-MH-G08,Curdlan,Succinic anhydride modification,D1,N1,0.7,0.3,High,0.8,,,,,,,
C-SA-D1-N1-R70-30-MH-G20,Curdlan,Succinic anhydride modification,D1,N1,0.7,0.3,High,2,,,,,,,
C-SA-D1-N1-R70-30-MM-G01,Curdlan,Succinic anhydride modification,D1,N1,0.7,0.3,Medium,0.1,,,,,,,
C-SA-D1-N1-R70-30-MM-G08,Curdlan,Succinic anhydride modification,D1,N1,0.7,0.3,Medium,0.8,,,,,,,
C-SA-D1-N1-R70-30-MM-G20,Curdlan,Succinic anhydride modification,D1,N1,0.7,0.3,Medium,2,,,,,,,
C-SA-D1-N1-R70-30-ML-G01,Curdlan,Succinic anhydride modification,D1,N1,0.7,0.3,Low,0.1,,,,,,,
C-SA-D1-N1-R70-30-ML-G08,Curdlan,Succinic anhydride modification,D1,N1,0.7,0.3,Low,0.8,,,,,,,
C-SA-D1-N1-R70-30-ML-G20,Curdlan,Succinic anhydride modification,D1,N1,0.7,0.3,Low,2,,,,,,,
C-SA-D1-N1-R70-30-MU-G01,Curdlan,Succinic anhydride modification,D1,N1,0.7,0.3,Unspecified,0.1,,,,,,,
C-SA-D1-N1-R70-30-MU-G08,Curdlan,Succinic anhydride modification,D1,N1,0.7,0.3,Unspecified,0.8,,,,,,,
C-SA-D1-N1-R70-30-MU-G20,Curdlan,Succinic anhydride modification,D1,N1,0.7,0.3,Unspecified,2,,,,,,,
C-SA-D1-N1-R50-50-MH-G01,Curdlan,Succinic anhydride modification,D1,N1,0.5,0.5,High,0.1,,,,,,,
C-SA-D1-N1-R50-50-MH-G08,Curdlan,Succinic anhydride modification,D1,N1,0.5,0.5,High,0.8,,,,,,,
C-SA-D1-N1-R50-50-MH-G20,Curdlan,Succinic anhydride modification,D1,N1,0.5,0.5,High,2,,,,,,,
C-SA-D1-N1-R50-50-MM-G01,Curdlan,Succinic anhydride modification,D1,N1,0.5,0.5,Medium,0.1,,,,,,,
C-SA-D1-N1-R50-50-MM-G08,Curdlan,Succinic anhydride modification,D1,N1,0.5,0.5,Medium,0.8,,,,,,,
C-SA-D1-N1-R50-50-MM-G20,Curdlan,Succinic anhydride modification,D1,N1,0.5,0.5,Medium,2,,,,,,,
C-SA-D1-N1-R50-50-ML-G01,Curdlan,Succinic anhydride modification,D1,N1,0.5,0.5,Low,0.1,,,,,,,
C-SA-D1-N1-R50-50-ML-G08,Curdlan,Succinic anhydride modification,D1,N1,0.5,0.5,Low,0.8,,,,,,,
C-SA-D1-N1-R50-50-ML-G20,Curdlan,Succinic anhydride modification,D1,N1,0.5,0.5,Low,2,,,,,,,
C-SA-D1-N1-R50-50-MU-G01,Curdlan,Succinic anhydride modification,D1,N1,0.5,0.5,Unspecified,0.1,,,,,,,
C-SA-D1-N1-R50-50-MU-G08,Curdlan,Succinic anhydride modification,D1,N1,0.5,0.5,Unspecified,0.8,,,,,,,
C-SA-D1-N1-R50-50-MU-G20,Curdlan,Succinic anhydride modification,D1,N1,0.5,0.5,Unspecified,2,,,,,,,
C-SA-D1-N2-R90-10-MH-G01,Curdlan,Succinic anhydride modification,D1,N2,0.9,0.1,High,0.1,,,,,,,
C-SA-D1-N2-R90-10-MH-G08,Curdlan,Succinic anhydride modification,D1,N2,0.9,0.1,High,0.8,,,,,,,
C-SA-D1-N2-R90-10-MH-G20,Curdlan,Succinic anhydride modification,D1,N2,0.9,0.1,High,2,,,,,,,
C-SA-D1-N2-R90-10-MM-G01,Curdlan,Succinic anhydride modification,D1,N2,0.9,0.1,Medium,0.1,,,,,,,
C-SA-D1-N2-R90-10-MM-G08,Curdlan,Succinic anhydride modification,D1,N2,0.9,0.1,Medium,0.8,,,,,,,
C-SA-D1-N2-R90-10-MM-G20,Curdlan,Succinic anhydride modification,D1,N2,0.9,0.1,Medium,2,,,,,,,
C-SA-D1-N2-R90-10-ML-G01,Curdlan,Succinic anhydride modification,D1,N2,0.9,0.1,Low,0.1,,,,,,,
C-SA-D1-N2-R90-10-ML-G08,Curdlan,Succinic anhydride modification,D1,N2,0.9,0.1,Low,0.8,,,,,,,
C-SA-D1-N2-R90-10-ML-G20,Curdlan,Succinic anhydride modification,D1,N2,0.9,0.1,Low,2,,,,,,,
C-SA-D1-N2-R90-10-MU-G01,Curdlan,Succinic anhydride modification,D1,N2,0.9,0.1,Unspecified,0.1,,,,,,,
C-SA-D1-N2-R90-10-MU-G08,Curdlan,Succinic anhydride modification,D1,N2,0.9,0.1,Unspecified,0.8,,,,,,,
C-SA-D1-N2-R90-10-MU-G20,Curdlan,Succinic anhydride modification,D1,N2,0.9,0.1,Unspecified,2,,,,,,,
C-SA-D1-N2-R70-30-MH-G01,Curdlan,Succinic anhydride modification,D1,N2,0.7,0.3,High,0.1,,,,,,,
C-SA-D1-N2-R70-30-MH-G08,Curdlan,Succinic anhydride modification,D1,N2,0.7,0.3,High,0.8,,,,,,,
C-SA-D1-N2-R70-30-MH-G20,Curdlan,Succinic anhydride modification,D1,N2,0.7,0.3,High,2,,,,,,,
C-SA-D1-N2-R70-30-MM-G01,Curdlan,Succinic anhydride modification,D1,N2,0.7,0.3,Medium,0.1,,,,,,,
C-SA-D1-N2-R70-30-MM-G08,Curdlan,Succinic anhydride modification,D1,N2,0.7,0.3,Medium,0.8,,,,,,,
C-SA-D1-N2-R70-30-MM-G20,Curdlan,Succinic anhydride modification,D1,N2,0.7,0.3,Medium,2,,,,,,,
C-SA-D1-N2-R70-30-ML-G01,Curdlan,Succinic anhydride modification,D1,N2,0.7,0.3,Low,0.1,,,,,,,
C-SA-D1-N2-R70-30-ML-G08,Curdlan,Succinic anhydride modification,D1,N2,0.7,0.3,Low,0.8,,,,,,,
C-SA-D1-N2-R70-30-ML-G20,Curdlan,Succinic anhydride modification,D1,N2,0.7,0.3,Low,2,,,,,,,
C-SA-D1-N2-R70-30-MU-G01,Curdlan,Succinic anhydride modification,D1,N2,0.7,0.3,Unspecified,0.1,,,,,,,
C-SA-D1-N2-R70-30-MU-G08,Curdlan,Succinic anhydride modification,D1,N2,0.7,0.3,Unspecified,0.8,,,,,,,
C-SA-D1-N2-R70-30-MU-G20,Curdlan,Succinic anhydride modification,D1,N2,0.7,0.3,Unspecified,2,,,,,,,
C-SA-D1-N2-R50-50-MH-G01,Curdlan,Succinic anhydride modification,D1,N2,0.5,0.5,High,0.1,,,,,,,
C-SA-D1-N2-R50-50-MH-G08,Curdlan,Succinic anhydride modification,D1,N2,0.5,0.5,High,0.8,,,,,,,
C-SA-D1-N2-R50-50-MH-G20,Curdlan,Succinic anhydride modification,D1,N2,0.5,0.5,High,2,,,,,,,
C-SA-D1-N2-R50-50-MM-G01,Curdlan,Succinic anhydride modification,D1,N2,0.5,0.5,Medium,0.1,,,,,,,
C-SA-D1-N2-R50-50-MM-G08,Curdlan,Succinic anhydride modification,D1,N2,0.5,0.5,Medium,0.8,,,,,,,
C-SA-D1-N2-R50-50-MM-G20,Curdlan,Succinic anhydride modification,D1,N2,0.5,0.5,Medium,2,,,,,,,
C-SA-D1-N2-R50-50-ML-G01,Curdlan,Succinic anhydride modification,D1,N2,0.5,0.5,Low,0.1,,,,,,,
C-SA-D1-N2-R50-50-ML-G08,Curdlan,Succinic anhydride modification,D1,N2,0.5,0.5,Low,0.8,,,,,,,
C-SA-D1-N2-R50-50-ML-G20,Curdlan,Succinic anhydride modification,D1,N2,0.5,0.5,Low,2,,,,,,,
C-SA-D1-N2-R50-50-MU-G01,Curdlan,Succinic anhydride modification,D1,N2,0.5,0.5,Unspecified,0.1,,,,,,,
C-SA-D1-N2-R50-50-MU-G08,Curdlan,Succinic anhydride modification,D1,N2,0.5,0.5,Unspecified,0.8,,,,,,,
C-SA-D1-N2-R50-50-MU-G20,Curdlan,Succinic anhydride modification,D1,N2,0.5,0.5,Unspecified,2,,,,,,,
C-SA-D1-N3-R90-10-MH-G01,Curdlan,Succinic anhydride modification,D1,N3,0.9,0.1,High,0.1,,,,,,,
C-SA-D1-N3-R90-10-MH-G08,Curdlan,Succinic anhydride modification,D1,N3,0.9,0.1,High,0.8,,,,,,,
C-SA-D1-N3-R90-10-MH-G20,Curdlan,Succinic anhydride modification,D1,N3,0.9,0.1,High,2,,,,,,,
C-SA-D1-N3-R90-10-MM-G01,Curdlan,Succinic anhydride modification,D1,N3,0.9,0.1,Medium,0.1,,,,,,,
C-SA-D1-N3-R90-10-MM-G08,Curdlan,Succinic anhydride modification,D1,N3,0.9,0.1,Medium,0.8,,,,,,,
C-SA-D1-N3-R90-10-MM-G20,Curdlan,Succinic anhydride modification,D1,N3,0.9,0.1,Medium,2,,,,,,,
C-SA-D1-N3-R90-10-ML-G01,Curdlan,Succinic anhydride modification,D1,N3,0.9,0.1,Low,0.1,,,,,,,
C-SA-D1-N3-R90-10-ML-G08,Curdlan,Succinic anhydride modification,D1,N3,0.9,0.1,Low,0.8,,,,,,,
C-SA-D1-N3-R90-10-ML-G20,Curdlan,Succinic anhydride modification,D1,N3,0.9,0.1,Low,2,,,,,,,
C-SA-D1-N3-R90-10-MU-G01,Curdlan,Succinic anhydride modification,D1,N3,0.9,0.1,Unspecified,0.1,,,,,,,
C-SA-D1-N3-R90-10-MU-G08,Curdlan,Succinic anhydride modification,D1,N3,0.9,0.1,Unspecified,0.8,,,,,,,
C-SA-D1-N3-R90-10-MU-G20,Curdlan,Succinic anhydride modification,D1,N3,0.9,0.1,Unspecified,2,,,,,,,
C-SA-D1-N3-R70-30-MH-G01,Curdlan,Succinic anhydride modification,D1,N3,0.7,0.3,High,0.1,,,,,,,
C-SA-D1-N3-R70-30-MH-G08,Curdlan,Succinic anhydride modification,D1,N3,0.7,0.3,High,0.8,,,,,,,
C-SA-D1-N3-R70-30-MH-G20,Curdlan,Succinic anhydride modification,D1,N3,0.7,0.3,High,2,,,,,,,
C-SA-D1-N3-R70-30-MM-G01,Curdlan,Succinic anhydride modification,D1,N3,0.7,0.3,Medium,0.1,,,,,,,
C-SA-D1-N3-R70-30-MM-G08,Curdlan,Succinic anhydride modification,D1,N3,0.7,0.3,Medium,0.8,,,,,,,
C-SA-D1-N3-R70-30-MM-G20,Curdlan,Succinic anhydride modification,D1,N3,0.7,0.3,Medium,2,,,,,,,
C-SA-D1-N3-R70-30-ML-G01,Curdlan,Succinic anhydride modification,D1,N3,0.7,0.3,Low,0.1,,,,,,,
C-SA-D1-N3-R70-30-ML-G08,Curdlan,Succinic anhydride modification,D1,N3,0.7,0.3,Low,0.8,,,,,,,
C-SA-D1-N3-R70-30-ML-G20,Curdlan,Succinic anhydride modification,D1,N3,0.7,0.3,Low,2,,,,,,,
C-SA-D1-N3-R70-30-MU-G01,Curdlan,Succinic anhydride modification,D1,N3,0.7,0.3,Unspecified,0.1,,,,,,,
C-SA-D1-N3-R70-30-MU-G08,Curdlan,Succinic anhydride modification,D1,N3,0.7,0.3,Unspecified,0.8,,,,,,,
C-SA-D1-N3-R70-30-MU-G20,Curdlan,Succinic anhydride modification,D1,N3,0.7,0.3,Unspecified,2,,,,,,,
C-SA-D1-N3-R50-50-MH-G01,Curdlan,Succinic anhydride modification,D1,N3,0.5,0.5,High,0.1,,,,,,,
C-SA-D1-N3-R50-50-MH-G08,Curdlan,Succinic anhydride modification,D1,N3,0.5,0.5,High,0.8,,,,,,,
C-SA-D1-N3-R50-50-MH-G20,Curdlan,Succinic anhydride modification,D1,N3,0.5,0.5,High,2,,,,,,,
C-SA-D1-N3-R50-50-MM-G01,Curdlan,Succinic anhydride modification,D1,N3,0.5,0.5,Medium,0.1,,,,,,,
C-SA-D1-N3-R50-50-MM-G08,Curdlan,Succinic anhydride modification,D1,N3,0.5,0.5,Medium,0.8,,,,,,,
C-SA-D1-N3-R50-50-MM-G20,Curdlan,Succinic anhydride modification,D1,N3,0.5,0.5,Medium,2,,,,,,,
C-SA-D1-N3-R50-50-ML-G01,Curdlan,Succinic anhydride modification,D1,N3,0.5,0.5,Low,0.1,,,,,,,
C-SA-D1-N3-R50-50-ML-G08,Curdlan,Succinic anhydride modification,D1,N3,0.5,0.5,Low,0.8,,,,,,,
C-SA-D1-N3-R50-50-ML-G20,Curdlan,Succinic anhydride modification,D1,N3,0.5,0.5,Low,2,,,,,,,
C-SA-D1-N3-R50-50-MU-G01,Curdlan,Succinic anhydride modification,D1,N3,0.5,0.5,Unspecified,0.1,,,,,,,
C-SA-D1-N3-R50-50-MU-G08,Curdlan,Succinic anhydride modification,D1,N3,0.5,0.5,Unspecified,0.8,,,,,,,
C-SA-D1-N3-R50-50-MU-G20,Curdlan,Succinic anhydride modification,D1,N3,0.5,0.5,Unspecified,2,,,,,,,
C-SA-D1-N4-R90-10-MH-G01,Curdlan,Succinic anhydride modification,D1,N4,0.9,0.1,High,0.1,,,,,,,
C-SA-D1-N4-R90-10-MH-G08,Curdlan,Succinic anhydride modification,D1,N4,0.9,0.1,High,0.8,,,,,,,
C-SA-D1-N4-R90-10-MH-G20,Curdlan,Succinic anhydride modification,D1,N4,0.9,0.1,High,2,,,,,,,
C-SA-D1-N4-R90-10-MM-G01,Curdlan,Succinic anhydride modification,D1,N4,0.9,0.1,Medium,0.1,,,,,,,
C-SA-D1-N4-R90-10-MM-G08,Curdlan,Succinic anhydride modification,D1,N4,0.9,0.1,Medium,0.8,,,,,,,
C-SA-D1-N4-R90-10-MM-G20,Curdlan,Succinic anhydride modification,D1,N4,0.9,0.1,Medium,2,,,,,,,
C-SA-D1-N4-R90-10-ML-G01,Curdlan,Succinic anhydride modification,D1,N4,0.9,0.1,Low,0.1,,,,,,,
C-SA-D1-N4-R90-10-ML-G08,Curdlan,Succinic anhydride modification,D1,N4,0.9,0.1,Low,0.8,,,,,,,
C-SA-D1-N4-R90-10-ML-G20,Curdlan,Succinic anhydride modification,D1,N4,0.9,0.1,Low,2,,,,,,,
C-SA-D1-N4-R90-10-MU-G01,Curdlan,Succinic anhydride modification,D1,N4,0.9,0.1,Unspecified,0.1,,,,,,,
C-SA-D1-N4-R90-10-MU-G08,Curdlan,Succinic anhydride modification,D1,N4,0.9,0.1,Unspecified,0.8,,,,,,,
C-SA-D1-N4-R90-10-MU-G20,Curdlan,Succinic anhydride modification,D1,N4,0.9,0.1,Unspecified,2,,,,,,,
C-SA-D1-N4-R70-30-MH-G01,Curdlan,Succinic anhydride modification,D1,N4,0.7,0.3,High,0.1,,,,,,,
C-SA-D1-N4-R70-30-MH-G08,Curdlan,Succinic anhydride modification,D1,N4,0.7,0.3,High,0.8,,,,,,,
C-SA-D1-N4-R70-30-MH-G20,Curdlan,Succinic anhydride modification,D1,N4,0.7,0.3,High,2,,,,,,,
C-SA-D1-N4-R70-30-MM-G01,Curdlan,Succinic anhydride modification,D1,N4,0.7,0.3,Medium,0.1,,,,,,,
C-SA-D1-N4-R70-30-MM-G08,Curdlan,Succinic anhydride modification,D1,N4,0.7,0.3,Medium,0.8,,,,,,,
C-SA-D1-N4-R70-30-MM-G20,Curdlan,Succinic anhydride modification,D1,N4,0.7,0.3,Medium,2,,,,,,,
C-SA-D1-N4-R70-30-ML-G01,Curdlan,Succinic anhydride modification,D1,N4,0.7,0.3,Low,0.1,,,,,,,
C-SA-D1-N4-R70-30-ML-G08,Curdlan,Succinic anhydride modification,D1,N4,0.7,0.3,Low,0.8,,,,,,,
C-SA-D1-N4-R70-30-ML-G20,Curdlan,Succinic anhydride modification,D1,N4,0.7,0.3,Low,2,,,,,,,
C-SA-D1-N4-R70-30-MU-G01,Curdlan,Succinic anhydride modification,D1,N4,0.7,0.3,Unspecified,0.1,,,,,,,
C-SA-D1-N4-R70-30-MU-G08,Curdlan,Succinic anhydride modification,D1,N4,0.7,0.3,Unspecified,0.8,,,,,,,
C-SA-D1-N4-R70-30-MU-G20,Curdlan,Succinic anhydride modification,D1,N4,0.7,0.3,Unspecified,2,,,,,,,
C-SA-D1-N4-R50-50-MH-G01,Curdlan,Succinic anhydride modification,D1,N4,0.5,0.5,High,0.1,,,,,,,
C-SA-D1-N4-R50-50-MH-G08,Curdlan,Succinic anhydride modification,D1,N4,0.5,0.5,High,0.8,,,,,,,
C-SA-D1-N4-R50-50-MH-G20,Curdlan,Succinic anhydride modification,D1,N4,0.5,0.5,High,2,,,,,,,
C-SA-D1-N4-R50-50-MM-G01,Curdlan,Succinic anhydride modification,D1,N4,0.5,0.5,Medium,0.1,,,,,,,
C-SA-D1-N4-R50-50-MM-G08,Curdlan,Succinic anhydride modification,D1,N4,0.5,0.5,Medium,0.8,,,,,,,
C-SA-D1-N4-R50-50-MM-G20,Curdlan,Succinic anhydride modification,D1,N4,0.5,0.5,Medium,2,,,,,,,
C-SA-D1-N4-R50-50-ML-G01,Curdlan,Succinic anhydride modification,D1,N4,0.5,0.5,Low,0.1,,,,,,,
C-SA-D1-N4-R50-50-ML-G08,Curdlan,Succinic anhydride modification,D1,N4,0.5,0.5,Low,0.8,,,,,,,
C-SA-D1-N4-R50-50-ML-G20,Curdlan,Succinic anhydride modification,D1,N4,0.5,0.5,Low,2,,,,,,,
C-SA-D1-N4-R50-50-MU-G01,Curdlan,Succinic anhydride modification,D1,N4,0.5,0.5,Unspecified,0.1,,,,,,,
C-SA-D1-N4-R50-50-MU-G08,Curdlan,Succinic anhydride modification,D1,N4,0.5,0.5,Unspecified,0.8,,,,,,,
C-SA-D1-N4-R50-50-MU-G20,Curdlan,Succinic anhydride modification,D1,N4,0.5,0.5,Unspecified,2,,,,,,,
C-SA-D1-N5-R90-10-MH-G01,Curdlan,Succinic anhydride modification,D1,N5,0.9,0.1,High,0.1,,,,,,,
C-SA-D1-N5-R90-10-MH-G08,Curdlan,Succinic anhydride modification,D1,N5,0.9,0.1,High,0.8,,,,,,,
C-SA-D1-N5-R90-10-MH-G20,Curdlan,Succinic anhydride modification,D1,N5,0.9,0.1,High,2,,,,,,,
C-SA-D1-N5-R90-10-MM-G01,Curdlan,Succinic anhydride modification,D1,N5,0.9,0.1,Medium,0.1,,,,,,,
C-SA-D1-N5-R90-10-MM-G08,Curdlan,Succinic anhydride modification,D1,N5,0.9,0.1,Medium,0.8,,,,,,,
C-SA-D1-N5-R90-10-MM-G20,Curdlan,Succinic anhydride modification,D1,N5,0.9,0.1,Medium,2,,,,,,,
C-SA-D1-N5-R90-10-ML-G01,Curdlan,Succinic anhydride modification,D1,N5,0.9,0.1,Low,0.1,,,,,,,
C-SA-D1-N5-R90-10-ML-G08,Curdlan,Succinic anhydride modification,D1,N5,0.9,0.1,Low,0.8,,,,,,,
C-SA-D1-N5-R90-10-ML-G20,Curdlan,Succinic anhydride modification,D1,N5,0.9,0.1,Low,2,,,,,,,
C-SA-D1-N5-R90-10-MU-G01,Curdlan,Succinic anhydride modification,D1,N5,0.9,0.1,Unspecified,0.1,,,,,,,
C-SA-D1-N5-R90-10-MU-G08,Curdlan,Succinic anhydride modification,D1,N5,0.9,0.1,Unspecified,0.8,,,,,,,
C-SA-D1-N5-R90-10-MU-G20,Curdlan,Succinic anhydride modification,D1,N5,0.9,0.1,Unspecified,2,,,,,,,
C-SA-D1-N5-R70-30-MH-G01,Curdlan,Succinic anhydride modification,D1,N5,0.7,0.3,High,0.1,,,,,,,
C-SA-D1-N5-R70-30-MH-G08,Curdlan,Succinic anhydride modification,D1,N5,0.7,0.3,High,0.8,,,,,,,
C-SA-D1-N5-R70-30-MH-G20,Curdlan,Succinic anhydride modification,D1,N5,0.7,0.3,High,2,,,,,,,
C-SA-D1-N5-R70-30-MM-G01,Curdlan,Succinic anhydride modification,D1,N5,0.7,0.3,Medium,0.1,,,,,,,
C-SA-D1-N5-R70-30-MM-G08,Curdlan,Succinic anhydride modification,D1,N5,0.7,0.3,Medium,0.8,,,,,,,
C-SA-D1-N5-R70-30-MM-G20,Curdlan,Succinic anhydride modification,D1,N5,0.7,0.3,Medium,2,,,,,,,
C-SA-D1-N5-R70-30-ML-G01,Curdlan,Succinic anhydride modification,D1,N5,0.7,0.3,Low,0.1,,,,,,,
C-SA-D1-N5-R70-30-ML-G08,Curdlan,Succinic anhydride modification,D1,N5,0.7,0.3,Low,0.8,,,,,,,
C-SA-D1-N5-R70-30-ML-G20,Curdlan,Succinic anhydride modification,D1,N5,0.7,0.3,Low,2,,,,,,,
C-SA-D1-N5-R70-30-MU-G01,Curdlan,Succinic anhydride modification,D1,N5,0.7,0.3,Unspecified,0.1,,,,,,,
C-SA-D1-N5-R70-30-MU-G08,Curdlan,Succinic anhydride modification,D1,N5,0.7,0.3,Unspecified,0.8,,,,,,,
C-SA-D1-N5-R70-30-MU-G20,Curdlan,Succinic anhydride modification,D1,N5,0.7,0.3,Unspecified,2,,,,,,,
C-SA-D1-N5-R50-50-MH-G01,Curdlan,Succinic anhydride modification,D1,N5,0.5,0.5,High,0.1,,,,,,,
C-SA-D1-N5-R50-50-MH-G08,Curdlan,Succinic anhydride modification,D1,N5,0.5,0.5,High,0.8,,,,,,,
C-SA-D1-N5-R50-50-MH-G20,Curdlan,Succinic anhydride modification,D1,N5,0.5,0.5,High,2,,,,,,,
C-SA-D1-N5-R50-50-MM-G01,Curdlan,Succinic anhydride modification,D1,N5,0.5,0.5,Medium,0.1,,,,,,,
C-SA-D1-N5-R50-50-MM-G08,Curdlan,Succinic anhydride modification,D1,N5,0.5,0.5,Medium,0.8,,,,,,,
C-SA-D1-N5-R50-50-MM-G20,Curdlan,Succinic anhydride modification,D1,N5,0.5,0.5,Medium,2,,,,,,,
C-SA-D1-N5-R50-50-ML-G01,Curdlan,Succinic anhydride modification,D1,N5,0.5,0.5,Low,0.1,,,,,,,
C-SA-D1-N5-R50-50-ML-G08,Curdlan,Succinic anhydride modification,D1,N5,0.5,0.5,Low,0.8,,,,,,,
C-SA-D1-N5-R50-50-ML-G20,Curdlan,Succinic anhydride modification,D1,N5,0.5,0.5,Low,2,,,,,,,
C-SA-D1-N5-R50-50-MU-G01,Curdlan,Succinic anhydride modification,D1,N5,0.5,0.5,Unspecified,0.1,,,,,,,
C-SA-D1-N5-R50-50-MU-G08,Curdlan,Succinic anhydride modification,D1,N5,0.5,0.5,Unspecified,0.8,,,,,,,
C-SA-D1-N5-R50-50-MU-G20,Curdlan,Succinic anhydride modification,D1,N5,0.5,0.5,Unspecified,2,,,,,,,
C-SA-D1-N6-R90-10-MH-G01,Curdlan,Succinic anhydride modification,D1,N6,0.9,0.1,High,0.1,,,,,,,
C-SA-D1-N6-R90-10-MH-G08,Curdlan,Succinic anhydride modification,D1,N6,0.9,0.1,High,0.8,,,,,,,
C-SA-D1-N6-R90-10-MH-G20,Curdlan,Succinic anhydride modification,D1,N6,0.9,0.1,High,2,,,,,,,
C-SA-D1-N6-R90-10-MM-G01,Curdlan,Succinic anhydride modification,D1,N6,0.9,0.1,Medium,0.1,,,,,,,
C-SA-D1-N6-R90-10-MM-G08,Curdlan,Succinic anhydride modification,D1,N6,0.9,0.1,Medium,0.8,,,,,,,
C-SA-D1-N6-R90-10-MM-G20,Curdlan,Succinic anhydride modification,D1,N6,0.9,0.1,Medium,2,,,,,,,
C-SA-D1-N6-R90-10-ML-G01,Curdlan,Succinic anhydride modification,D1,N6,0.9,0.1,Low,0.1,,,,,,,
C-SA-D1-N6-R90-10-ML-G08,Curdlan,Succinic anhydride modification,D1,N6,0.9,0.1,Low,0.8,,,,,,,
C-SA-D1-N6-R90-10-ML-G20,Curdlan,Succinic anhydride modification,D1,N6,0.9,0.1,Low,2,,,,,,,
C-SA-D1-N6-R90-10-MU-G01,Curdlan,Succinic anhydride modification,D1,N6,0.9,0.1,Unspecified,0.1,,,,,,,
C-SA-D1-N6-R90-10-MU-G08,Curdlan,Succinic anhydride modification,D1,N6,0.9,0.1,Unspecified,0.8,,,,,,,
C-SA-D1-N6-R90-10-MU-G20,Curdlan,Succinic anhydride modification,D1,N6,0.9,0.1,Unspecified,2,,,,,,,
C-SA-D1-N6-R70-30-MH-G01,Curdlan,Succinic anhydride modification,D1,N6,0.7,0.3,High,0.1,,,,,,,
C-SA-D1-N6-R70-30-MH-G08,Curdlan,Succinic anhydride modification,D1,N6,0.7,0.3,High,0.8,,,,,,,
C-SA-D1-N6-R70-30-MH-G20,Curdlan,Succinic anhydride modification,D1,N6,0.7,0.3,High,2,,,,,,,
C-SA-D1-N6-R70-30-MM-G01,Curdlan,Succinic anhydride modification,D1,N6,0.7,0.3,Medium,0.1,,,,,,,
C-SA-D1-N6-R70-30-MM-G08,Curdlan,Succinic anhydride modification,D1,N6,0.7,0.3,Medium,0.8,,,,,,,
C-SA-D1-N6-R70-30-MM-G20,Curdlan,Succinic anhydride modification,D1,N6,0.7,0.3,Medium,2,,,,,,,
C-SA-D1-N6-R70-30-ML-G01,Curdlan,Succinic anhydride modification,D1,N6,0.7,0.3,Low,0.1,,,,,,,
C-SA-D1-N6-R70-30-ML-G08,Curdlan,Succinic anhydride modification,D1,N6,0.7,0.3,Low,0.8,,,,,,,
C-SA-D1-N6-R70-30-ML-G20,Curdlan,Succinic anhydride modification,D1,N6,0.7,0.3,Low,2,,,,,,,
C-SA-D1-N6-R70-30-MU-G01,Curdlan,Succinic anhydride modification,D1,N6,0.7,0.3,Unspecified,0.1,,,,,,,
C-SA-D1-N6-R70-30-MU-G08,Curdlan,Succinic anhydride modification,D1,N6,0.7,0.3,Unspecified,0.8,,,,,,,
C-SA-D1-N6-R70-30-MU-G20,Curdlan,Succinic anhydride modification,D1,N6,0.7,0.3,Unspecified,2,,,,,,,
C-SA-D1-N6-R50-50-MH-G01,Curdlan,Succinic anhydride modification,D1,N6,0.5,0.5,High,0.1,,,,,,,
C-SA-D1-N6-R50-50-MH-G08,Curdlan,Succinic anhydride modification,D1,N6,0.5,0.5,High,0.8,,,,,,,
C-SA-D1-N6-R50-50-MH-G20,Curdlan,Succinic anhydride modification,D1,N6,0.5,0.5,High,2,,,,,,,
C-SA-D1-N6-R50-50-MM-G01,Curdlan,Succinic anhydride modification,D1,N6,0.5,0.5,Medium,0.1,,,,,,,
C-SA-D1-N6-R50-50-MM-G08,Curdlan,Succinic anhydride modification,D1,N6,0.5,0.5,Medium,0.8,,,,,,,
C-SA-D1-N6-R50-50-MM-G20,Curdlan,Succinic anhydride modification,D1,N6,0.5,0.5,Medium,2,,,,,,,
C-SA-D1-N6-R50-50-ML-G01,Curdlan,Succinic anhydride modification,D1,N6,0.5,0.5,Low,0.1,,,,,,,
C-SA-D1-N6-R50-50-ML-G08,Curdlan,Succinic anhydride modification,D1,N6,0.5,0.5,Low,0.8,,,,,,,
C-SA-D1-N6-R50-50-ML-G20,Curdlan,Succinic anhydride modification,D1,N6,0.5,0.5,Low,2,,,,,,,
C-SA-D1-N6-R50-50-MU-G01,Curdlan,Succinic anhydride modification,D1,N6,0.5,0.5,Unspecified,0.1,,,,,,,
C-SA-D1-N6-R50-50-MU-G08,Curdlan,Succinic anhydride modification,D1,N6,0.5,0.5,Unspecified,0.8,,,,,,,
C-SA-D1-N6-R50-50-MU-G20,Curdlan,Succinic anhydride modification,D1,N6,0.5,0.5,Unspecified,2,,,,,,,
C-SA-D2-N1-R90-10-MH-G01,Curdlan,Succinic anhydride modification,D2,N1,0.9,0.1,High,0.1,,,,,,,
C-SA-D2-N1-R90-10-MH-G08,Curdlan,Succinic anhydride modification,D2,N1,0.9,0.1,High,0.8,,,,,,,
C-SA-D2-N1-R90-10-MH-G20,Curdlan,Succinic anhydride modification,D2,N1,0.9,0.1,High,2,,,,,,,
C-SA-D2-N1-R90-10-MM-G01,Curdlan,Succinic anhydride modification,D2,N1,0.9,0.1,Medium,0.1,,,,,,,
C-SA-D2-N1-R90-10-MM-G08,Curdlan,Succinic anhydride modification,D2,N1,0.9,0.1,Medium,0.8,,,,,,,
C-SA-D2-N1-R90-10-MM-G20,Curdlan,Succinic anhydride modification,D2,N1,0.9,0.1,Medium,2,,,,,,,
C-SA-D2-N1-R90-10-ML-G01,Curdlan,Succinic anhydride modification,D2,N1,0.9,0.1,Low,0.1,,,,,,,
C-SA-D2-N1-R90-10-ML-G08,Curdlan,Succinic anhydride modification,D2,N1,0.9,0.1,Low,0.8,,,,,,,
C-SA-D2-N1-R90-10-ML-G20,Curdlan,Succinic anhydride modification,D2,N1,0.9,0.1,Low,2,,,,,,,
C-SA-D2-N1-R90-10-MU-G01,Curdlan,Succinic anhydride modification,D2,N1,0.9,0.1,Unspecified,0.1,,,,,,,
C-SA-D2-N1-R90-10-MU-G08,Curdlan,Succinic anhydride modification,D2,N1,0.9,0.1,Unspecified,0.8,,,,,,,
C-SA-D2-N1-R90-10-MU-G20,Curdlan,Succinic anhydride modification,D2,N1,0.9,0.1,Unspecified,2,,,,,,,
C-SA-D2-N1-R70-30-MH-G01,Curdlan,Succinic anhydride modification,D2,N1,0.7,0.3,High,0.1,,,,,,,
C-SA-D2-N1-R70-30-MH-G08,Curdlan,Succinic anhydride modification,D2,N1,0.7,0.3,High,0.8,,,,,,,
C-SA-D2-N1-R70-30-MH-G20,Curdlan,Succinic anhydride modification,D2,N1,0.7,0.3,High,2,,,,,,,
C-SA-D2-N1-R70-30-MM-G01,Curdlan,Succinic anhydride modification,D2,N1,0.7,0.3,Medium,0.1,,,,,,,
C-SA-D2-N1-R70-30-MM-G08,Curdlan,Succinic anhydride modification,D2,N1,0.7,0.3,Medium,0.8,,,,,,,
C-SA-D2-N1-R70-30-MM-G20,Curdlan,Succinic anhydride modification,D2,N1,0.7,0.3,Medium,2,,,,,,,
C-SA-D2-N1-R70-30-ML-G01,Curdlan,Succinic anhydride modification,D2,N1,0.7,0.3,Low,0.1,,,,,,,
C-SA-D2-N1-R70-30-ML-G08,Curdlan,Succinic anhydride modification,D2,N1,0.7,0.3,Low,0.8,,,,,,,
C-SA-D2-N1-R70-30-ML-G20,Curdlan,Succinic anhydride modification,D2,N1,0.7,0.3,Low,2,,,,,,,
C-SA-D2-N1-R70-30-MU-G01,Curdlan,Succinic anhydride modification,D2,N1,0.7,0.3,Unspecified,0.1,,,,,,,
C-SA-D2-N1-R70-30-MU-G08,Curdlan,Succinic anhydride modification,D2,N1,0.7,0.3,Unspecified,0.8,,,,,,,
C-SA-D2-N1-R70-30-MU-G20,Curdlan,Succinic anhydride modification,D2,N1,0.7,0.3,Unspecified,2,,,,,,,
C-SA-D2-N1-R50-50-MH-G01,Curdlan,Succinic anhydride modification,D2,N1,0.5,0.5,High,0.1,,,,,,,
C-SA-D2-N1-R50-50-MH-G08,Curdlan,Succinic anhydride modification,D2,N1,0.5,0.5,High,0.8,,,,,,,
C-SA-D2-N1-R50-50-MH-G20,Curdlan,Succinic anhydride modification,D2,N1,0.5,0.5,High,2,,,,,,,
C-SA-D2-N1-R50-50-MM-G01,Curdlan,Succinic anhydride modification,D2,N1,0.5,0.5,Medium,0.1,,,,,,,
C-SA-D2-N1-R50-50-MM-G08,Curdlan,Succinic anhydride modification,D2,N1,0.5,0.5,Medium,0.8,,,,,,,
C-SA-D2-N1-R50-50-MM-G20,Curdlan,Succinic anhydride modification,D2,N1,0.5,0.5,Medium,2,,,,,,,
C-SA-D2-N1-R50-50-ML-G01,Curdlan,Succinic anhydride modification,D2,N1,0.5,0.5,Low,0.1,,,,,,,
C-SA-D2-N1-R50-50-ML-G08,Curdlan,Succinic anhydride modification,D2,N1,0.5,0.5,Low,0.8,,,,,,,
C-SA-D2-N1-R50-50-ML-G20,Curdlan,Succinic anhydride modification,D2,N1,0.5,0.5,Low,2,,,,,,,
C-SA-D2-N1-R50-50-MU-G01,Curdlan,Succinic anhydride modification,D2,N1,0.5,0.5,Unspecified,0.1,,,,,,,
C-SA-D2-N1-R50-50-MU-G08,Curdlan,Succinic anhydride modification,D2,N1,0.5,0.5,Unspecified,0.8,,,,,,,
C-SA-D2-N1-R50-50-MU-G20,Curdlan,Succinic anhydride modification,D2,N1,0.5,0.5,Unspecified,2,,,,,,,
C-SA-D2-N2-R90-10-MH-G01,Curdlan,Succinic anhydride modification,D2,N2,0.9,0.1,High,0.1,,,,,,,
C-SA-D2-N2-R90-10-MH-G08,Curdlan,Succinic anhydride modification,D2,N2,0.9,0.1,High,0.8,,,,,,,
C-SA-D2-N2-R90-10-MH-G20,Curdlan,Succinic anhydride modification,D2,N2,0.9,0.1,High,2,,,,,,,
C-SA-D2-N2-R90-10-MM-G01,Curdlan,Succinic anhydride modification,D2,N2,0.9,0.1,Medium,0.1,,,,,,,
C-SA-D2-N2-R90-10-MM-G08,Curdlan,Succinic anhydride modification,D2,N2,0.9,0.1,Medium,0.8,,,,,,,
C-SA-D2-N2-R90-10-MM-G20,Curdlan,Succinic anhydride modification,D2,N2,0.9,0.1,Medium,2,,,,,,,
C-SA-D2-N2-R90-10-ML-G01,Curdlan,Succinic anhydride modification,D2,N2,0.9,0.1,Low,0.1,,,,,,,
C-SA-D2-N2-R90-10-ML-G08,Curdlan,Succinic anhydride modification,D2,N2,0.9,0.1,Low,0.8,,,,,,,
C-SA-D2-N2-R90-10-ML-G20,Curdlan,Succinic anhydride modification,D2,N2,0.9,0.1,Low,2,,,,,,,
C-SA-D2-N2-R90-10-MU-G01,Curdlan,Succinic anhydride modification,D2,N2,0.9,0.1,Unspecified,0.1,,,,,,,
C-SA-D2-N2-R90-10-MU-G08,Curdlan,Succinic anhydride modification,D2,N2,0.9,0.1,Unspecified,0.8,,,,,,,
C-SA-D2-N2-R90-10-MU-G20,Curdlan,Succinic anhydride modification,D2,N2,0.9,0.1,Unspecified,2,,,,,,,
C-SA-D2-N2-R70-30-MH-G01,Curdlan,Succinic anhydride modification,D2,N2,0.7,0.3,High,0.1,,,,,,,
C-SA-D2-N2-R70-30-MH-G08,Curdlan,Succinic anhydride modification,D2,N2,0.7,0.3,High,0.8,,,,,,,
C-SA-D2-N2-R70-30-MH-G20,Curdlan,Succinic anhydride modification,D2,N2,0.7,0.3,High,2,,,,,,,
C-SA-D2-N2-R70-30-MM-G01,Curdlan,Succinic anhydride modification,D2,N2,0.7,0.3,Medium,0.1,,,,,,,
C-SA-D2-N2-R70-30-MM-G08,Curdlan,Succinic anhydride modification,D2,N2,0.7,0.3,Medium,0.8,,,,,,,
C-SA-D2-N2-R70-30-MM-G20,Curdlan,Succinic anhydride modification,D2,N2,0.7,0.3,Medium,2,,,,,,,
C-SA-D2-N2-R70-30-ML-G01,Curdlan,Succinic anhydride modification,D2,N2,0.7,0.3,Low,0.1,,,,,,,
C-SA-D2-N2-R70-30-ML-G08,Curdlan,Succinic anhydride modification,D2,N2,0.7,0.3,Low,0.8,,,,,,,
C-SA-D2-N2-R70-30-ML-G20,Curdlan,Succinic anhydride modification,D2,N2,0.7,0.3,Low,2,,,,,,,
C-SA-D2-N2-R70-30-MU-G01,Curdlan,Succinic anhydride modification,D2,N2,0.7,0.3,Unspecified,0.1,,,,,,,
C-SA-D2-N2-R70-30-MU-G08,Curdlan,Succinic anhydride modification,D2,N2,0.7,0.3,Unspecified,0.8,,,,,,,
C-SA-D2-N2-R70-30-MU-G20,Curdlan,Succinic anhydride modification,D2,N2,0.7,0.3,Unspecified,2,,,,,,,
C-SA-D2-N2-R50-50-MH-G01,Curdlan,Succinic anhydride modification,D2,N2,0.5,0.5,High,0.1,,,,,,,
C-SA-D2-N2-R50-50-MH-G08,Curdlan,Succinic anhydride modification,D2,N2,0.5,0.5,High,0.8,,,,,,,
C-SA-D2-N2-R50-50-MH-G20,Curdlan,Succinic anhydride modification,D2,N2,0.5,0.5,High,2,,,,,,,
C-SA-D2-N2-R50-50-MM-G01,Curdlan,Succinic anhydride modification,D2,N2,0.5,0.5,Medium,0.1,,,,,,,
C-SA-D2-N2-R50-50-MM-G08,Curdlan,Succinic anhydride modification,D2,N2,0.5,0.5,Medium,0.8,,,,,,,
C-SA-D2-N2-R50-50-MM-G20,Curdlan,Succinic anhydride modification,D2,N2,0.5,0.5,Medium,2,,,,,,,
C-SA-D2-N2-R50-50-ML-G01,Curdlan,Succinic anhydride modification,D2,N2,0.5,0.5,Low,0.1,,,,,,,
C-SA-D2-N2-R50-50-ML-G08,Curdlan,Succinic anhydride modification,D2,N2,0.5,0.5,Low,0.8,,,,,,,
C-SA-D2-N2-R50-50-ML-G20,Curdlan,Succinic anhydride modification,D2,N2,0.5,0.5,Low,2,,,,,,,
C-SA-D2-N2-R50-50-MU-G01,Curdlan,Succinic anhydride modification,D2,N2,0.5,0.5,Unspecified,0.1,,,,,,,
C-SA-D2-N2-R50-50-MU-G08,Curdlan,Succinic anhydride modification,D2,N2,0.5,0.5,Unspecified,0.8,,,,,,,
C-SA-D2-N2-R50-50-MU-G20,Curdlan,Succinic anhydride modification,D2,N2,0.5,0.5,Unspecified,2,,,,,,,
C-SA-D2-N3-R90-10-MH-G01,Curdlan,Succinic anhydride modification,D2,N3,0.9,0.1,High,0.1,,,,,,,
C-SA-D2-N3-R90-10-MH-G08,Curdlan,Succinic anhydride modification,D2,N3,0.9,0.1,High,0.8,,,,,,,
C-SA-D2-N3-R90-10-MH-G20,Curdlan,Succinic anhydride modification,D2,N3,0.9,0.1,High,2,,,,,,,
C-SA-D2-N3-R90-10-MM-G01,Curdlan,Succinic anhydride modification,D2,N3,0.9,0.1,Medium,0.1,,,,,,,
C-SA-D2-N3-R90-10-MM-G08,Curdlan,Succinic anhydride modification,D2,N3,0.9,0.1,Medium,0.8,,,,,,,
C-SA-D2-N3-R90-10-MM-G20,Curdlan,Succinic anhydride modification,D2,N3,0.9,0.1,Medium,2,,,,,,,
C-SA-D2-N3-R90-10-ML-G01,Curdlan,Succinic anhydride modification,D2,N3,0.9,0.1,Low,0.1,,,,,,,
C-SA-D2-N3-R90-10-ML-G08,Curdlan,Succinic anhydride modification,D2,N3,0.9,0.1,Low,0.8,,,,,,,
C-SA-D2-N3-R90-10-ML-G20,Curdlan,Succinic anhydride modification,D2,N3,0.9,0.1,Low,2,,,,,,,
C-SA-D2-N3-R90-10-MU-G01,Curdlan,Succinic anhydride modification,D2,N3,0.9,0.1,Unspecified,0.1,,,,,,,
C-SA-D2-N3-R90-10-MU-G08,Curdlan,Succinic anhydride modification,D2,N3,0.9,0.1,Unspecified,0.8,,,,,,,
C-SA-D2-N3-R90-10-MU-G20,Curdlan,Succinic anhydride modification,D2,N3,0.9,0.1,Unspecified,2,,,,,,,
C-SA-D2-N3-R70-30-MH-G01,Curdlan,Succinic anhydride modification,D2,N3,0.7,0.3,High,0.1,,,,,,,
C-SA-D2-N3-R70-30-MH-G08,Curdlan,Succinic anhydride modification,D2,N3,0.7,0.3,High,0.8,,,,,,,
C-SA-D2-N3-R70-30-MH-G20,Curdlan,Succinic anhydride modification,D2,N3,0.7,0.3,High,2,,,,,,,
C-SA-D2-N3-R70-30-MM-G01,Curdlan,Succinic anhydride modification,D2,N3,0.7,0.3,Medium,0.1,,,,,,,
C-SA-D2-N3-R70-30-MM-G08,Curdlan,Succinic anhydride modification,D2,N3,0.7,0.3,Medium,0.8,,,,,,,
C-SA-D2-N3-R70-30-MM-G20,Curdlan,Succinic anhydride modification,D2,N3,0.7,0.3,Medium,2,,,,,,,
C-SA-D2-N3-R70-30-ML-G01,Curdlan,Succinic anhydride modification,D2,N3,0.7,0.3,Low,0.1,,,,,,,
C-SA-D2-N3-R70-30-ML-G08,Curdlan,Succinic anhydride modification,D2,N3,0.7,0.3,Low,0.8,,,,,,,
C-SA-D2-N3-R70-30-ML-G20,Curdlan,Succinic anhydride modification,D2,N3,0.7,0.3,Low,2,,,,,,,
C-SA-D2-N3-R70-30-MU-G01,Curdlan,Succinic anhydride modification,D2,N3,0.7,0.3,Unspecified,0.1,,,,,,,
C-SA-D2-N3-R70-30-MU-G08,Curdlan,Succinic anhydride modification,D2,N3,0.7,0.3,Unspecified,0.8,,,,,,,
C-SA-D2-N3-R70-30-MU-G20,Curdlan,Succinic anhydride modification,D2,N3,0.7,0.3,Unspecified,2,,,,,,,
C-SA-D2-N3-R50-50-MH-G01,Curdlan,Succinic anhydride modification,D2,N3,0.5,0.5,High,0.1,,,,,,,
C-SA-D2-N3-R50-50-MH-G08,Curdlan,Succinic anhydride modification,D2,N3,0.5,0.5,High,0.8,,,,,,,
C-SA-D2-N3-R50-50-MH-G20,Curdlan,Succinic anhydride modification,D2,N3,0.5,0.5,High,2,,,,,,,
C-SA-D2-N3-R50-50-MM-G01,Curdlan,Succinic anhydride modification,D2,N3,0.5,0.5,Medium,0.1,,,,,,,
C-SA-D2-N3-R50-50-MM-G08,Curdlan,Succinic anhydride modification,D2,N3,0.5,0.5,Medium,0.8,,,,,,,
C-SA-D2-N3-R50-50-MM-G20,Curdlan,Succinic anhydride modification,D2,N3,0.5,0.5,Medium,2,,,,,,,
C-SA-D2-N3-R50-50-ML-G01,Curdlan,Succinic anhydride modification,D2,N3,0.5,0.5,Low,0.1,,,,,,,
C-SA-D2-N3-R50-50-ML-G08,Curdlan,Succinic anhydride modification,D2,N3,0.5,0.5,Low,0.8,,,,,,,
C-SA-D2-N3-R50-50-ML-G20,Curdlan,Succinic anhydride modification,D2,N3,0.5,0.5,Low,2,,,,,,,
C-SA-D2-N3-R50-50-MU-G01,Curdlan,Succinic anhydride modification,D2,N3,0.5,0.5,Unspecified,0.1,,,,,,,
C-SA-D2-N3-R50-50-MU-G08,Curdlan,Succinic anhydride modification,D2,N3,0.5,0.5,Unspecified,0.8,,,,,,,
C-SA-D2-N3-R50-50-MU-G20,Curdlan,Succinic anhydride modification,D2,N3,0.5,0.5,Unspecified,2,,,,,,,
C-SA-D2-N4-R90-10-MH-G01,Curdlan,Succinic anhydride modification,D2,N4,0.9,0.1,High,0.1,,,,,,,
C-SA-D2-N4-R90-10-MH-G08,Curdlan,Succinic anhydride modification,D2,N4,0.9,0.1,High,0.8,,,,,,,
C-SA-D2-N4-R90-10-MH-G20,Curdlan,Succinic anhydride modification,D2,N4,0.9,0.1,High,2,,,,,,,
C-SA-D2-N4-R90-10-MM-G01,Curdlan,Succinic anhydride modification,D2,N4,0.9,0.1,Medium,0.1,,,,,,,
C-SA-D2-N4-R90-10-MM-G08,Curdlan,Succinic anhydride modification,D2,N4,0.9,0.1,Medium,0.8,,,,,,,
C-SA-D2-N4-R90-10-MM-G20,Curdlan,Succinic anhydride modification,D2,N4,0.9,0.1,Medium,2,,,,,,,
C-SA-D2-N4-R90-10-ML-G01,Curdlan,Succinic anhydride modification,D2,N4,0.9,0.1,Low,0.1,,,,,,,
C-SA-D2-N4-R90-10-ML-G08,Curdlan,Succinic anhydride modification,D2,N4,0.9,0.1,Low,0.8,,,,,,,
C-SA-D2-N4-R90-10-ML-G20,Curdlan,Succinic anhydride modification,D2,N4,0.9,0.1,Low,2,,,,,,,
C-SA-D2-N4-R90-10-MU-G01,Curdlan,Succinic anhydride modification,D2,N4,0.9,0.1,Unspecified,0.1,,,,,,,
C-SA-D2-N4-R90-10-MU-G08,Curdlan,Succinic anhydride modification,D2,N4,0.9,0.1,Unspecified,0.8,,,,,,,
C-SA-D2-N4-R90-10-MU-G20,Curdlan,Succinic anhydride modification,D2,N4,0.9,0.1,Unspecified,2,,,,,,,
C-SA-D2-N4-R70-30-MH-G01,Curdlan,Succinic anhydride modification,D2,N4,0.7,0.3,High,0.1,,,,,,,
C-SA-D2-N4-R70-30-MH-G08,Curdlan,Succinic anhydride modification,D2,N4,0.7,0.3,High,0.8,,,,,,,
C-SA-D2-N4-R70-30-MH-G20,Curdlan,Succinic anhydride modification,D2,N4,0.7,0.3,High,2,,,,,,,
C-SA-D2-N4-R70-30-MM-G01,Curdlan,Succinic anhydride modification,D2,N4,0.7,0.3,Medium,0.1,,,,,,,
C-SA-D2-N4-R70-30-MM-G08,Curdlan,Succinic anhydride modification,D2,N4,0.7,0.3,Medium,0.8,,,,,,,
C-SA-D2-N4-R70-30-MM-G20,Curdlan,Succinic anhydride modification,D2,N4,0.7,0.3,Medium,2,,,,,,,
C-SA-D2-N4-R70-30-ML-G01,Curdlan,Succinic anhydride modification,D2,N4,0.7,0.3,Low,0.1,,,,,,,
C-SA-D2-N4-R70-30-ML-G08,Curdlan,Succinic anhydride modification,D2,N4,0.7,0.3,Low,0.8,,,,,,,
C-SA-D2-N4-R70-30-ML-G20,Curdlan,Succinic anhydride modification,D2,N4,0.7,0.3,Low,2,,,,,,,
C-SA-D2-N4-R70-30-MU-G01,Curdlan,Succinic anhydride modification,D2,N4,0.7,0.3,Unspecified,0.1,,,,,,,
C-SA-D2-N4-R70-30-MU-G08,Curdlan,Succinic anhydride modification,D2,N4,0.7,0.3,Unspecified,0.8,,,,,,,
C-SA-D2-N4-R70-30-MU-G20,Curdlan,Succinic anhydride modification,D2,N4,0.7,0.3,Unspecified,2,,,,,,,
C-SA-D2-N4-R50-50-MH-G01,Curdlan,Succinic anhydride modification,D2,N4,0.5,0.5,High,0.1,,,,,,,
C-SA-D2-N4-R50-50-MH-G08,Curdlan,Succinic anhydride modification,D2,N4,0.5,0.5,High,0.8,,,,,,,
C-SA-D2-N4-R50-50-MH-G20,Curdlan,Succinic anhydride modification,D2,N4,0.5,0.5,High,2,,,,,,,
C-SA-D2-N4-R50-50-MM-G01,Curdlan,Succinic anhydride modification,D2,N4,0.5,0.5,Medium,0.1,,,,,,,
C-SA-D2-N4-R50-50-MM-G08,Curdlan,Succinic anhydride modification,D2,N4,0.5,0.5,Medium,0.8,,,,,,,
C-SA-D2-N4-R50-50-MM-G20,Curdlan,Succinic anhydride modification,D2,N4,0.5,0.5,Medium,2,,,,,,,
C-SA-D2-N4-R50-50-ML-G01,Curdlan,Succinic anhydride modification,D2,N4,0.5,0.5,Low,0.1,,,,,,,
C-SA-D2-N4-R50-50-ML-G08,Curdlan,Succinic anhydride modification,D2,N4,0.5,0.5,Low,0.8,,,,,,,
C-SA-D2-N4-R50-50-ML-G20,Curdlan,Succinic anhydride modification,D2,N4,0.5,0.5,Low,2,,,,,,,
C-SA-D2-N4-R50-50-MU-G01,Curdlan,Succinic anhydride modification,D2,N4,0.5,0.5,Unspecified,0.1,,,,,,,
C-SA-D2-N4-R50-50-MU-G08,Curdlan,Succinic anhydride modification,D2,N4,0.5,0.5,Unspecified,0.8,,,,,,,
C-SA-D2-N4-R50-50-MU-G20,Curdlan,Succinic anhydride modification,D2,N4,0.5,0.5,Unspecified,2,,,,,,,
C-SA-D2-N5-R90-10-MH-G01,Curdlan,Succinic anhydride modification,D2,N5,0.9,0.1,High,0.1,,,,,,,
C-SA-D2-N5-R90-10-MH-G08,Curdlan,Succinic anhydride modification,D2,N5,0.9,0.1,High,0.8,,,,,,,
C-SA-D2-N5-R90-10-MH-G20,Curdlan,Succinic anhydride modification,D2,N5,0.9,0.1,High,2,,,,,,,
C-SA-D2-N5-R90-10-MM-G01,Curdlan,Succinic anhydride modification,D2,N5,0.9,0.1,Medium,0.1,,,,,,,
C-SA-D2-N5-R90-10-MM-G08,Curdlan,Succinic anhydride modification,D2,N5,0.9,0.1,Medium,0.8,,,,,,,
C-SA-D2-N5-R90-10-MM-G20,Curdlan,Succinic anhydride modification,D2,N5,0.9,0.1,Medium,2,,,,,,,
C-SA-D2-N5-R90-10-ML-G01,Curdlan,Succinic anhydride modification,D2,N5,0.9,0.1,Low,0.1,,,,,,,
C-SA-D2-N5-R90-10-ML-G08,Curdlan,Succinic anhydride modification,D2,N5,0.9,0.1,Low,0.8,,,,,,,
C-SA-D2-N5-R90-10-ML-G20,Curdlan,Succinic anhydride modification,D2,N5,0.9,0.1,Low,2,,,,,,,
C-SA-D2-N5-R90-10-MU-G01,Curdlan,Succinic anhydride modification,D2,N5,0.9,0.1,Unspecified,0.1,,,,,,,
C-SA-D2-N5-R90-10-MU-G08,Curdlan,Succinic anhydride modification,D2,N5,0.9,0.1,Unspecified,0.8,,,,,,,
C-SA-D2-N5-R90-10-MU-G20,Curdlan,Succinic anhydride modification,D2,N5,0.9,0.1,Unspecified,2,,,,,,,
C-SA-D2-N5-R70-30-MH-G01,Curdlan,Succinic anhydride modification,D2,N5,0.7,0.3,High,0.1,,,,,,,
C-SA-D2-N5-R70-30-MH-G08,Curdlan,Succinic anhydride modification,D2,N5,0.7,0.3,High,0.8,,,,,,,
C-SA-D2-N5-R70-30-MH-G20,Curdlan,Succinic anhydride modification,D2,N5,0.7,0.3,High,2,,,,,,,
C-SA-D2-N5-R70-30-MM-G01,Curdlan,Succinic anhydride modification,D2,N5,0.7,0.3,Medium,0.1,,,,,,,
C-SA-D2-N5-R70-30-MM-G08,Curdlan,Succinic anhydride modification,D2,N5,0.7,0.3,Medium,0.8,,,,,,,
C-SA-D2-N5-R70-30-MM-G20,Curdlan,Succinic anhydride modification,D2,N5,0.7,0.3,Medium,2,,,,,,,
C-SA-D2-N5-R70-30-ML-G01,Curdlan,Succinic anhydride modification,D2,N5,0.7,0.3,Low,0.1,,,,,,,
C-SA-D2-N5-R70-30-ML-G08,Curdlan,Succinic anhydride modification,D2,N5,0.7,0.3,Low,0.8,,,,,,,
C-SA-D2-N5-R70-30-ML-G20,Curdlan,Succinic anhydride modification,D2,N5,0.7,0.3,Low,2,,,,,,,
C-SA-D2-N5-R70-30-MU-G01,Curdlan,Succinic anhydride modification,D2,N5,0.7,0.3,Unspecified,0.1,,,,,,,
C-SA-D2-N5-R70-30-MU-G08,Curdlan,Succinic anhydride modification,D2,N5,0.7,0.3,Unspecified,0.8,,,,,,,
C-SA-D2-N5-R70-30-MU-G20,Curdlan,Succinic anhydride modification,D2,N5,0.7,0.3,Unspecified,2,,,,,,,
C-SA-D2-N5-R50-50-MH-G01,Curdlan,Succinic anhydride modification,D2,N5,0.5,0.5,High,0.1,,,,,,,
C-SA-D2-N5-R50-50-MH-G08,Curdlan,Succinic anhydride modification,D2,N5,0.5,0.5,High,0.8,,,,,,,
C-SA-D2-N5-R50-50-MH-G20,Curdlan,Succinic anhydride modification,D2,N5,0.5,0.5,High,2,,,,,,,
C-SA-D2-N5-R50-50-MM-G01,Curdlan,Succinic anhydride modification,D2,N5,0.5,0.5,Medium,0.1,,,,,,,
C-SA-D2-N5-R50-50-MM-G08,Curdlan,Succinic anhydride modification,D2,N5,0.5,0.5,Medium,0.8,,,,,,,
C-SA-D2-N5-R50-50-MM-G20,Curdlan,Succinic anhydride modification,D2,N5,0.5,0.5,Medium,2,,,,,,,
C-SA-D2-N5-R50-50-ML-G01,Curdlan,Succinic anhydride modification,D2,N5,0.5,0.5,Low,0.1,,,,,,,
C-SA-D2-N5-R50-50-ML-G08,Curdlan,Succinic anhydride modification,D2,N5,0.5,0.5,Low,0.8,,,,,,,
C-SA-D2-N5-R50-50-ML-G20,Curdlan,Succinic anhydride modification,D2,N5,0.5,0.5,Low,2,,,,,,,
C-SA-D2-N5-R50-50-MU-G01,Curdlan,Succinic anhydride modification,D2,N5,0.5,0.5,Unspecified,0.1,,,,,,,
C-SA-D2-N5-R50-50-MU-G08,Curdlan,Succinic anhydride modification,D2,N5,0.5,0.5,Unspecified,0.8,,,,,,,
C-SA-D2-N5-R50-50-MU-G20,Curdlan,Succinic anhydride modification,D2,N5,0.5,0.5,Unspecified,2,,,,,,,
C-SA-D2-N6-R90-10-MH-G01,Curdlan,Succinic anhydride modification,D2,N6,0.9,0.1,High,0.1,,,,,,,
C-SA-D2-N6-R90-10-MH-G08,Curdlan,Succinic anhydride modification,D2,N6,0.9,0.1,High,0.8,,,,,,,
C-SA-D2-N6-R90-10-MH-G20,Curdlan,Succinic anhydride modification,D2,N6,0.9,0.1,High,2,,,,,,,
C-SA-D2-N6-R90-10-MM-G01,Curdlan,Succinic anhydride modification,D2,N6,0.9,0.1,Medium,0.1,,,,,,,
C-SA-D2-N6-R90-10-MM-G08,Curdlan,Succinic anhydride modification,D2,N6,0.9,0.1,Medium,0.8,,,,,,,
C-SA-D2-N6-R90-10-MM-G20,Curdlan,Succinic anhydride modification,D2,N6,0.9,0.1,Medium,2,,,,,,,
C-SA-D2-N6-R90-10-ML-G01,Curdlan,Succinic anhydride modification,D2,N6,0.9,0.1,Low,0.1,,,,,,,
C-SA-D2-N6-R90-10-ML-G08,Curdlan,Succinic anhydride modification,D2,N6,0.9,0.1,Low,0.8,,,,,,,
C-SA-D2-N6-R90-10-ML-G20,Curdlan,Succinic anhydride modification,D2,N6,0.9,0.1,Low,2,,,,,,,
C-SA-D2-N6-R90-10-MU-G01,Curdlan,Succinic anhydride modification,D2,N6,0.9,0.1,Unspecified,0.1,,,,,,,
C-SA-D2-N6-R90-10-MU-G08,Curdlan,Succinic anhydride modification,D2,N6,0.9,0.1,Unspecified,0.8,,,,,,,
C-SA-D2-N6-R90-10-MU-G20,Curdlan,Succinic anhydride modification,D2,N6,0.9,0.1,Unspecified,2,,,,,,,
C-SA-D2-N6-R70-30-MH-G01,Curdlan,Succinic anhydride modification,D2,N6,0.7,0.3,High,0.1,,,,,,,
C-SA-D2-N6-R70-30-MH-G08,Curdlan,Succinic anhydride modification,D2,N6,0.7,0.3,High,0.8,,,,,,,
C-SA-D2-N6-R70-30-MH-G20,Curdlan,Succinic anhydride modification,D2,N6,0.7,0.3,High,2,,,,,,,
C-SA-D2-N6-R70-30-MM-G01,Curdlan,Succinic anhydride modification,D2,N6,0.7,0.3,Medium,0.1,,,,,,,
C-SA-D2-N6-R70-30-MM-G08,Curdlan,Succinic anhydride modification,D2,N6,0.7,0.3,Medium,0.8,,,,,,,
C-SA-D2-N6-R70-30-MM-G20,Curdlan,Succinic anhydride modification,D2,N6,0.7,0.3,Medium,2,,,,,,,
C-SA-D2-N6-R70-30-ML-G01,Curdlan,Succinic anhydride modification,D2,N6,0.7,0.3,Low,0.1,,,,,,,
C-SA-D2-N6-R70-30-ML-G08,Curdlan,Succinic anhydride modification,D2,N6,0.7,0.3,Low,0.8,,,,,,,
C-SA-D2-N6-R70-30-ML-G20,Curdlan,Succinic anhydride modification,D2,N6,0.7,0.3,Low,2,,,,,,,
C-SA-D2-N6-R70-30-MU-G01,Curdlan,Succinic anhydride modification,D2,N6,0.7,0.3,Unspecified,0.1,,,,,,,
C-SA-D2-N6-R70-30-MU-G08,Curdlan,Succinic anhydride modification,D2,N6,0.7,0.3,Unspecified,0.8,,,,,,,
C-SA-D2-N6-R70-30-MU-G20,Curdlan,Succinic anhydride modification,D2,N6,0.7,0.3,Unspecified,2,,,,,,,
C-SA-D2-N6-R50-50-MH-G01,Curdlan,Succinic anhydride modification,D2,N6,0.5,0.5,High,0.1,,,,,,,
C-SA-D2-N6-R50-50-MH-G08,Curdlan,Succinic anhydride modification,D2,N6,0.5,0.5,High,0.8,,,,,,,
C-SA-D2-N6-R50-50-MH-G20,Curdlan,Succinic anhydride modification,D2,N6,0.5,0.5,High,2,,,,,,,
C-SA-D2-N6-R50-50-MM-G01,Curdlan,Succinic anhydride modification,D2,N6,0.5,0.5,Medium,0.1,,,,,,,
C-SA-D2-N6-R50-50-MM-G08,Curdlan,Succinic anhydride modification,D2,N6,0.5,0.5,Medium,0.8,,,,,,,
C-SA-D2-N6-R50-50-MM-G20,Curdlan,Succinic anhydride modification,D2,N6,0.5,0.5,Medium,2,,,,,,,
C-SA-D2-N6-R50-50-ML-G01,Curdlan,Succinic anhydride modification,D2,N6,0.5,0.5,Low,0.1,,,,,,,
C-SA-D2-N6-R50-50-ML-G08,Curdlan,Succinic anhydride modification,D2,N6,0.5,0.5,Low,0.8,,,,,,,
C-SA-D2-N6-R50-50-ML-G20,Curdlan,Succinic anhydride modification,D2,N6,0.5,0.5,Low,2,,,,,,,
C-SA-D2-N6-R50-50-MU-G01,Curdlan,Succinic anhydride modification,D2,N6,0.5,0.5,Unspecified,0.1,,,,,,,
C-SA-D2-N6-R50-50-MU-G08,Curdlan,Succinic anhydride modification,D2,N6,0.5,0.5,Unspecified,0.8,,,,,,,
C-SA-D2-N6-R50-50-MU-G20,Curdlan,Succinic anhydride modification,D2,N6,0.5,0.5,Unspecified,2,,,,,,,
C-SA-D3-N1-R90-10-MH-G01,Curdlan,Succinic anhydride modification,D3,N1,0.9,0.1,High,0.1,,,,,,,
C-SA-D3-N1-R90-10-MH-G08,Curdlan,Succinic anhydride modification,D3,N1,0.9,0.1,High,0.8,,,,,,,
C-SA-D3-N1-R90-10-MH-G20,Curdlan,Succinic anhydride modification,D3,N1,0.9,0.1,High,2,,,,,,,
C-SA-D3-N1-R90-10-MM-G01,Curdlan,Succinic anhydride modification,D3,N1,0.9,0.1,Medium,0.1,,,,,,,
C-SA-D3-N1-R90-10-MM-G08,Curdlan,Succinic anhydride modification,D3,N1,0.9,0.1,Medium,0.8,,,,,,,
C-SA-D3-N1-R90-10-MM-G20,Curdlan,Succinic anhydride modification,D3,N1,0.9,0.1,Medium,2,,,,,,,
C-SA-D3-N1-R90-10-ML-G01,Curdlan,Succinic anhydride modification,D3,N1,0.9,0.1,Low,0.1,,,,,,,
C-SA-D3-N1-R90-10-ML-G08,Curdlan,Succinic anhydride modification,D3,N1,0.9,0.1,Low,0.8,,,,,,,
C-SA-D3-N1-R90-10-ML-G20,Curdlan,Succinic anhydride modification,D3,N1,0.9,0.1,Low,2,,,,,,,
C-SA-D3-N1-R90-10-MU-G01,Curdlan,Succinic anhydride modification,D3,N1,0.9,0.1,Unspecified,0.1,,,,,,,
C-SA-D3-N1-R90-10-MU-G08,Curdlan,Succinic anhydride modification,D3,N1,0.9,0.1,Unspecified,0.8,,,,,,,
C-SA-D3-N1-R90-10-MU-G20,Curdlan,Succinic anhydride modification,D3,N1,0.9,0.1,Unspecified,2,,,,,,,
C-SA-D3-N1-R70-30-MH-G01,Curdlan,Succinic anhydride modification,D3,N1,0.7,0.3,High,0.1,,,,,,,
C-SA-D3-N1-R70-30-MH-G08,Curdlan,Succinic anhydride modification,D3,N1,0.7,0.3,High,0.8,,,,,,,
C-SA-D3-N1-R70-30-MH-G20,Curdlan,Succinic anhydride modification,D3,N1,0.7,0.3,High,2,,,,,,,
C-SA-D3-N1-R70-30-MM-G01,Curdlan,Succinic anhydride modification,D3,N1,0.7,0.3,Medium,0.1,,,,,,,
C-SA-D3-N1-R70-30-MM-G08,Curdlan,Succinic anhydride modification,D3,N1,0.7,0.3,Medium,0.8,,,,,,,
C-SA-D3-N1-R70-30-MM-G20,Curdlan,Succinic anhydride modification,D3,N1,0.7,0.3,Medium,2,,,,,,,
C-SA-D3-N1-R70-30-ML-G01,Curdlan,Succinic anhydride modification,D3,N1,0.7,0.3,Low,0.1,,,,,,,
C-SA-D3-N1-R70-30-ML-G08,Curdlan,Succinic anhydride modification,D3,N1,0.7,0.3,Low,0.8,,,,,,,
C-SA-D3-N1-R70-30-ML-G20,Curdlan,Succinic anhydride modification,D3,N1,0.7,0.3,Low,2,,,,,,,
C-SA-D3-N1-R70-30-MU-G01,Curdlan,Succinic anhydride modification,D3,N1,0.7,0.3,Unspecified,0.1,,,,,,,
C-SA-D3-N1-R70-30-MU-G08,Curdlan,Succinic anhydride modification,D3,N1,0.7,0.3,Unspecified,0.8,,,,,,,
C-SA-D3-N1-R70-30-MU-G20,Curdlan,Succinic anhydride modification,D3,N1,0.7,0.3,Unspecified,2,,,,,,,
C-SA-D3-N1-R50-50-MH-G01,Curdlan,Succinic anhydride modification,D3,N1,0.5,0.5,High,0.1,,,,,,,
C-SA-D3-N1-R50-50-MH-G08,Curdlan,Succinic anhydride modification,D3,N1,0.5,0.5,High,0.8,,,,,,,
C-SA-D3-N1-R50-50-MH-G20,Curdlan,Succinic anhydride modification,D3,N1,0.5,0.5,High,2,,,,,,,
C-SA-D3-N1-R50-50-MM-G01,Curdlan,Succinic anhydride modification,D3,N1,0.5,0.5,Medium,0.1,,,,,,,
C-SA-D3-N1-R50-50-MM-G08,Curdlan,Succinic anhydride modification,D3,N1,0.5,0.5,Medium,0.8,,,,,,,
C-SA-D3-N1-R50-50-MM-G20,Curdlan,Succinic anhydride modification,D3,N1,0.5,0.5,Medium,2,,,,,,,
C-SA-D3-N1-R50-50-ML-G01,Curdlan,Succinic anhydride modification,D3,N1,0.5,0.5,Low,0.1,,,,,,,
C-SA-D3-N1-R50-50-ML-G08,Curdlan,Succinic anhydride modification,D3,N1,0.5,0.5,Low,0.8,,,,,,,
C-SA-D3-N1-R50-50-ML-G20,Curdlan,Succinic anhydride modification,D3,N1,0.5,0.5,Low,2,,,,,,,
C-SA-D3-N1-R50-50-MU-G01,Curdlan,Succinic anhydride modification,D3,N1,0.5,0.5,Unspecified,0.1,,,,,,,
C-SA-D3-N1-R50-50-MU-G08,Curdlan,Succinic anhydride modification,D3,N1,0.5,0.5,Unspecified,0.8,,,,,,,
C-SA-D3-N1-R50-50-MU-G20,Curdlan,Succinic anhydride modification,D3,N1,0.5,0.5,Unspecified,2,,,,,,,
C-SA-D3-N2-R90-10-MH-G01,Curdlan,Succinic anhydride modification,D3,N2,0.9,0.1,High,0.1,,,,,,,
C-SA-D3-N2-R90-10-MH-G08,Curdlan,Succinic anhydride modification,D3,N2,0.9,0.1,High,0.8,,,,,,,
C-SA-D3-N2-R90-10-MH-G20,Curdlan,Succinic anhydride modification,D3,N2,0.9,0.1,High,2,,,,,,,
C-SA-D3-N2-R90-10-MM-G01,Curdlan,Succinic anhydride modification,D3,N2,0.9,0.1,Medium,0.1,,,,,,,
C-SA-D3-N2-R90-10-MM-G08,Curdlan,Succinic anhydride modification,D3,N2,0.9,0.1,Medium,0.8,,,,,,,
C-SA-D3-N2-R90-10-MM-G20,Curdlan,Succinic anhydride modification,D3,N2,0.9,0.1,Medium,2,,,,,,,
C-SA-D3-N2-R90-10-ML-G01,Curdlan,Succinic anhydride modification,D3,N2,0.9,0.1,Low,0.1,,,,,,,
C-SA-D3-N2-R90-10-ML-G08,Curdlan,Succinic anhydride modification,D3,N2,0.9,0.1,Low,0.8,,,,,,,
C-SA-D3-N2-R90-10-ML-G20,Curdlan,Succinic anhydride modification,D3,N2,0.9,0.1,Low,2,,,,,,,
C-SA-D3-N2-R90-10-MU-G01,Curdlan,Succinic anhydride modification,D3,N2,0.9,0.1,Unspecified,0.1,,,,,,,
C-SA-D3-N2-R90-10-MU-G08,Curdlan,Succinic anhydride modification,D3,N2,0.9,0.1,Unspecified,0.8,,,,,,,
C-SA-D3-N2-R90-10-MU-G20,Curdlan,Succinic anhydride modification,D3,N2,0.9,0.1,Unspecified,2,,,,,,,
C-SA-D3-N2-R70-30-MH-G01,Curdlan,Succinic anhydride modification,D3,N2,0.7,0.3,High,0.1,,,,,,,
C-SA-D3-N2-R70-30-MH-G08,Curdlan,Succinic anhydride modification,D3,N2,0.7,0.3,High,0.8,,,,,,,
C-SA-D3-N2-R70-30-MH-G20,Curdlan,Succinic anhydride modification,D3,N2,0.7,0.3,High,2,,,,,,,
C-SA-D3-N2-R70-30-MM-G01,Curdlan,Succinic anhydride modification,D3,N2,0.7,0.3,Medium,0.1,,,,,,,
C-SA-D3-N2-R70-30-MM-G08,Curdlan,Succinic anhydride modification,D3,N2,0.7,0.3,Medium,0.8,,,,,,,
C-SA-D3-N2-R70-30-MM-G20,Curdlan,Succinic anhydride modification,D3,N2,0.7,0.3,Medium,2,,,,,,,
C-SA-D3-N2-R70-30-ML-G01,Curdlan,Succinic anhydride modification,D3,N2,0.7,0.3,Low,0.1,,,,,,,
C-SA-D3-N2-R70-30-ML-G08,Curdlan,Succinic anhydride modification,D3,N2,0.7,0.3,Low,0.8,,,,,,,
C-SA-D3-N2-R70-30-ML-G20,Curdlan,Succinic anhydride modification,D3,N2,0.7,0.3,Low,2,,,,,,,
C-SA-D3-N2-R70-30-MU-G01,Curdlan,Succinic anhydride modification,D3,N2,0.7,0.3,Unspecified,0.1,,,,,,,
C-SA-D3-N2-R70-30-MU-G08,Curdlan,Succinic anhydride modification,D3,N2,0.7,0.3,Unspecified,0.8,,,,,,,
C-SA-D3-N2-R70-30-MU-G20,Curdlan,Succinic anhydride modification,D3,N2,0.7,0.3,Unspecified,2,,,,,,,
C-SA-D3-N2-R50-50-MH-G01,Curdlan,Succinic anhydride modification,D3,N2,0.5,0.5,High,0.1,,,,,,,
C-SA-D3-N2-R50-50-MH-G08,Curdlan,Succinic anhydride modification,D3,N2,0.5,0.5,High,0.8,,,,,,,
C-SA-D3-N2-R50-50-MH-G20,Curdlan,Succinic anhydride modification,D3,N2,0.5,0.5,High,2,,,,,,,
C-SA-D3-N2-R50-50-MM-G01,Curdlan,Succinic anhydride modification,D3,N2,0.5,0.5,Medium,0.1,,,,,,,
C-SA-D3-N2-R50-50-MM-G08,Curdlan,Succinic anhydride modification,D3,N2,0.5,0.5,Medium,0.8,,,,,,,
C-SA-D3-N2-R50-50-MM-G20,Curdlan,Succinic anhydride modification,D3,N2,0.5,0.5,Medium,2,,,,,,,
C-SA-D3-N2-R50-50-ML-G01,Curdlan,Succinic anhydride modification,D3,N2,0.5,0.5,Low,0.1,,,,,,,
C-SA-D3-N2-R50-50-ML-G08,Curdlan,Succinic anhydride modification,D3,N2,0.5,0.5,Low,0.8,,,,,,,
C-SA-D3-N2-R50-50-ML-G20,Curdlan,Succinic anhydride modification,D3,N2,0.5,0.5,Low,2,,,,,,,
C-SA-D3-N2-R50-50-MU-G01,Curdlan,Succinic anhydride modification,D3,N2,0.5,0.5,Unspecified,0.1,,,,,,,
C-SA-D3-N2-R50-50-MU-G08,Curdlan,Succinic anhydride modification,D3,N2,0.5,0.5,Unspecified,0.8,,,,,,,
C-SA-D3-N2-R50-50-MU-G20,Curdlan,Succinic anhydride modification,D3,N2,0.5,0.5,Unspecified,2,,,,,,,
C-SA-D3-N3-R90-10-MH-G01,Curdlan,Succinic anhydride modification,D3,N3,0.9,0.1,High,0.1,,,,,,,
C-SA-D3-N3-R90-10-MH-G08,Curdlan,Succinic anhydride modification,D3,N3,0.9,0.1,High,0.8,,,,,,,
C-SA-D3-N3-R90-10-MH-G20,Curdlan,Succinic anhydride modification,D3,N3,0.9,0.1,High,2,,,,,,,
C-SA-D3-N3-R90-10-MM-G01,Curdlan,Succinic anhydride modification,D3,N3,0.9,0.1,Medium,0.1,,,,,,,
C-SA-D3-N3-R90-10-MM-G08,Curdlan,Succinic anhydride modification,D3,N3,0.9,0.1,Medium,0.8,,,,,,,
C-SA-D3-N3-R90-10-MM-G20,Curdlan,Succinic anhydride modification,D3,N3,0.9,0.1,Medium,2,,,,,,,
C-SA-D3-N3-R90-10-ML-G01,Curdlan,Succinic anhydride modification,D3,N3,0.9,0.1,Low,0.1,,,,,,,
C-SA-D3-N3-R90-10-ML-G08,Curdlan,Succinic anhydride modification,D3,N3,0.9,0.1,Low,0.8,,,,,,,
C-SA-D3-N3-R90-10-ML-G20,Curdlan,Succinic anhydride modification,D3,N3,0.9,0.1,Low,2,,,,,,,
C-SA-D3-N3-R90-10-MU-G01,Curdlan,Succinic anhydride modification,D3,N3,0.9,0.1,Unspecified,0.1,,,,,,,
C-SA-D3-N3-R90-10-MU-G08,Curdlan,Succinic anhydride modification,D3,N3,0.9,0.1,Unspecified,0.8,,,,,,,
C-SA-D3-N3-R90-10-MU-G20,Curdlan,Succinic anhydride modification,D3,N3,0.9,0.1,Unspecified,2,,,,,,,
C-SA-D3-N3-R70-30-MH-G01,Curdlan,Succinic anhydride modification,D3,N3,0.7,0.3,High,0.1,,,,,,,
C-SA-D3-N3-R70-30-MH-G08,Curdlan,Succinic anhydride modification,D3,N3,0.7,0.3,High,0.8,,,,,,,
C-SA-D3-N3-R70-30-MH-G20,Curdlan,Succinic anhydride modification,D3,N3,0.7,0.3,High,2,,,,,,,
C-SA-D3-N3-R70-30-MM-G01,Curdlan,Succinic anhydride modification,D3,N3,0.7,0.3,Medium,0.1,,,,,,,
C-SA-D3-N3-R70-30-MM-G08,Curdlan,Succinic anhydride modification,D3,N3,0.7,0.3,Medium,0.8,,,,,,,
C-SA-D3-N3-R70-30-MM-G20,Curdlan,Succinic anhydride modification,D3,N3,0.7,0.3,Medium,2,,,,,,,
C-SA-D3-N3-R70-30-ML-G01,Curdlan,Succinic anhydride modification,D3,N3,0.7,0.3,Low,0.1,,,,,,,
C-SA-D3-N3-R70-30-ML-G08,Curdlan,Succinic anhydride modification,D3,N3,0.7,0.3,Low,0.8,,,,,,,
C-SA-D3-N3-R70-30-ML-G20,Curdlan,Succinic anhydride modification,D3,N3,0.7,0.3,Low,2,,,,,,,
C-SA-D3-N3-R70-30-MU-G01,Curdlan,Succinic anhydride modification,D3,N3,0.7,0.3,Unspecified,0.1,,,,,,,
C-SA-D3-N3-R70-30-MU-G08,Curdlan,Succinic anhydride modification,D3,N3,0.7,0.3,Unspecified,0.8,,,,,,,
C-SA-D3-N3-R70-30-MU-G20,Curdlan,Succinic anhydride modification,D3,N3,0.7,0.3,Unspecified,2,,,,,,,
C-SA-D3-N3-R50-50-MH-G01,Curdlan,Succinic anhydride modification,D3,N3,0.5,0.5,High,0.1,,,,,,,
C-SA-D3-N3-R50-50-MH-G08,Curdlan,Succinic anhydride modification,D3,N3,0.5,0.5,High,0.8,,,,,,,
C-SA-D3-N3-R50-50-MH-G20,Curdlan,Succinic anhydride modification,D3,N3,0.5,0.5,High,2,,,,,,,
C-SA-D3-N3-R50-50-MM-G01,Curdlan,Succinic anhydride modification,D3,N3,0.5,0.5,Medium,0.1,,,,,,,
C-SA-D3-N3-R50-50-MM-G08,Curdlan,Succinic anhydride modification,D3,N3,0.5,0.5,Medium,0.8,,,,,,,
C-SA-D3-N3-R50-50-MM-G20,Curdlan,Succinic anhydride modification,D3,N3,0.5,0.5,Medium,2,,,,,,,
C-SA-D3-N3-R50-50-ML-G01,Curdlan,Succinic anhydride modification,D3,N3,0.5,0.5,Low,0.1,,,,,,,
C-SA-D3-N3-R50-50-ML-G08,Curdlan,Succinic anhydride modification,D3,N3,0.5,0.5,Low,0.8,,,,,,,
C-SA-D3-N3-R50-50-ML-G20,Curdlan,Succinic anhydride modification,D3,N3,0.5,0.5,Low,2,,,,,,,
C-SA-D3-N3-R50-50-MU-G01,Curdlan,Succinic anhydride modification,D3,N3,0.5,0.5,Unspecified,0.1,,,,,,,
C-SA-D3-N3-R50-50-MU-G08,Curdlan,Succinic anhydride modification,D3,N3,0.5,0.5,Unspecified,0.8,,,,,,,
C-SA-D3-N3-R50-50-MU-G20,Curdlan,Succinic anhydride modification,D3,N3,0.5,0.5,Unspecified,2,,,,,,,
C-SA-D3-N4-R90-10-MH-G01,Curdlan,Succinic anhydride modification,D3,N4,0.9,0.1,High,0.1,,,,,,,
C-SA-D3-N4-R90-10-MH-G08,Curdlan,Succinic anhydride modification,D3,N4,0.9,0.1,High,0.8,,,,,,,
C-SA-D3-N4-R90-10-MH-G20,Curdlan,Succinic anhydride modification,D3,N4,0.9,0.1,High,2,,,,,,,
C-SA-D3-N4-R90-10-MM-G01,Curdlan,Succinic anhydride modification,D3,N4,0.9,0.1,Medium,0.1,,,,,,,
C-SA-D3-N4-R90-10-MM-G08,Curdlan,Succinic anhydride modification,D3,N4,0.9,0.1,Medium,0.8,,,,,,,
C-SA-D3-N4-R90-10-MM-G20,Curdlan,Succinic anhydride modification,D3,N4,0.9,0.1,Medium,2,,,,,,,
C-SA-D3-N4-R90-10-ML-G01,Curdlan,Succinic anhydride modification,D3,N4,0.9,0.1,Low,0.1,,,,,,,
C-SA-D3-N4-R90-10-ML-G08,Curdlan,Succinic anhydride modification,D3,N4,0.9,0.1,Low,0.8,,,,,,,
C-SA-D3-N4-R90-10-ML-G20,Curdlan,Succinic anhydride modification,D3,N4,0.9,0.1,Low,2,,,,,,,
C-SA-D3-N4-R90-10-MU-G01,Curdlan,Succinic anhydride modification,D3,N4,0.9,0.1,Unspecified,0.1,,,,,,,
C-SA-D3-N4-R90-10-MU-G08,Curdlan,Succinic anhydride modification,D3,N4,0.9,0.1,Unspecified,0.8,,,,,,,
C-SA-D3-N4-R90-10-MU-G20,Curdlan,Succinic anhydride modification,D3,N4,0.9,0.1,Unspecified,2,,,,,,,
C-SA-D3-N4-R70-30-MH-G01,Curdlan,Succinic anhydride modification,D3,N4,0.7,0.3,High,0.1,,,,,,,
C-SA-D3-N4-R70-30-MH-G08,Curdlan,Succinic anhydride modification,D3,N4,0.7,0.3,High,0.8,,,,,,,
C-SA-D3-N4-R70-30-MH-G20,Curdlan,Succinic anhydride modification,D3,N4,0.7,0.3,High,2,,,,,,,
C-SA-D3-N4-R70-30-MM-G01,Curdlan,Succinic anhydride modification,D3,N4,0.7,0.3,Medium,0.1,,,,,,,
C-SA-D3-N4-R70-30-MM-G08,Curdlan,Succinic anhydride modification,D3,N4,0.7,0.3,Medium,0.8,,,,,,,
C-SA-D3-N4-R70-30-MM-G20,Curdlan,Succinic anhydride modification,D3,N4,0.7,0.3,Medium,2,,,,,,,
C-SA-D3-N4-R70-30-ML-G01,Curdlan,Succinic anhydride modification,D3,N4,0.7,0.3,Low,0.1,,,,,,,
C-SA-D3-N4-R70-30-ML-G08,Curdlan,Succinic anhydride modification,D3,N4,0.7,0.3,Low,0.8,,,,,,,
C-SA-D3-N4-R70-30-ML-G20,Curdlan,Succinic anhydride modification,D3,N4,0.7,0.3,Low,2,,,,,,,
C-SA-D3-N4-R70-30-MU-G01,Curdlan,Succinic anhydride modification,D3,N4,0.7,0.3,Unspecified,0.1,,,,,,,
C-SA-D3-N4-R70-30-MU-G08,Curdlan,Succinic anhydride modification,D3,N4,0.7,0.3,Unspecified,0.8,,,,,,,
C-SA-D3-N4-R70-30-MU-G20,Curdlan,Succinic anhydride modification,D3,N4,0.7,0.3,Unspecified,2,,,,,,,
C-SA-D3-N4-R50-50-MH-G01,Curdlan,Succinic anhydride modification,D3,N4,0.5,0.5,High,0.1,,,,,,,
C-SA-D3-N4-R50-50-MH-G08,Curdlan,Succinic anhydride modification,D3,N4,0.5,0.5,High,0.8,,,,,,,
C-SA-D3-N4-R50-50-MH-G20,Curdlan,Succinic anhydride modification,D3,N4,0.5,0.5,High,2,,,,,,,
C-SA-D3-N4-R50-50-MM-G01,Curdlan,Succinic anhydride modification,D3,N4,0.5,0.5,Medium,0.1,,,,,,,
C-SA-D3-N4-R50-50-MM-G08,Curdlan,Succinic anhydride modification,D3,N4,0.5,0.5,Medium,0.8,,,,,,,
C-SA-D3-N4-R50-50-MM-G20,Curdlan,Succinic anhydride modification,D3,N4,0.5,0.5,Medium,2,,,,,,,
C-SA-D3-N4-R50-50-ML-G01,Curdlan,Succinic anhydride modification,D3,N4,0.5,0.5,Low,0.1,,,,,,,
C-SA-D3-N4-R50-50-ML-G08,Curdlan,Succinic anhydride modification,D3,N4,0.5,0.5,Low,0.8,,,,,,,
C-SA-D3-N4-R50-50-ML-G20,Curdlan,Succinic anhydride modification,D3,N4,0.5,0.5,Low,2,,,,,,,
C-SA-D3-N4-R50-50-MU-G01,Curdlan,Succinic anhydride modification,D3,N4,0.5,0.5,Unspecified,0.1,,,,,,,
C-SA-D3-N4-R50-50-MU-G08,Curdlan,Succinic anhydride modification,D3,N4,0.5,0.5,Unspecified,0.8,,,,,,,
C-SA-D3-N4-R50-50-MU-G20,Curdlan,Succinic anhydride modification,D3,N4,0.5,0.5,Unspecified,2,,,,,,,
C-SA-D3-N5-R90-10-MH-G01,Curdlan,Succinic anhydride modification,D3,N5,0.9,0.1,High,0.1,,,,,,,
C-SA-D3-N5-R90-10-MH-G08,Curdlan,Succinic anhydride modification,D3,N5,0.9,0.1,High,0.8,,,,,,,
C-SA-D3-N5-R90-10-MH-G20,Curdlan,Succinic anhydride modification,D3,N5,0.9,0.1,High,2,,,,,,,
C-SA-D3-N5-R90-10-MM-G01,Curdlan,Succinic anhydride modification,D3,N5,0.9,0.1,Medium,0.1,,,,,,,
C-SA-D3-N5-R90-10-MM-G08,Curdlan,Succinic anhydride modification,D3,N5,0.9,0.1,Medium,0.8,,,,,,,
C-SA-D3-N5-R90-10-MM-G20,Curdlan,Succinic anhydride modification,D3,N5,0.9,0.1,Medium,2,,,,,,,
C-SA-D3-N5-R90-10-ML-G01,Curdlan,Succinic anhydride modification,D3,N5,0.9,0.1,Low,0.1,,,,,,,
C-SA-D3-N5-R90-10-ML-G08,Curdlan,Succinic anhydride modification,D3,N5,0.9,0.1,Low,0.8,,,,,,,
C-SA-D3-N5-R90-10-ML-G20,Curdlan,Succinic anhydride modification,D3,N5,0.9,0.1,Low,2,,,,,,,
C-SA-D3-N5-R90-10-MU-G01,Curdlan,Succinic anhydride modification,D3,N5,0.9,0.1,Unspecified,0.1,,,,,,,
C-SA-D3-N5-R90-10-MU-G08,Curdlan,Succinic anhydride modification,D3,N5,0.9,0.1,Unspecified,0.8,,,,,,,
C-SA-D3-N5-R90-10-MU-G20,Curdlan,Succinic anhydride modification,D3,N5,0.9,0.1,Unspecified,2,,,,,,,
C-SA-D3-N5-R70-30-MH-G01,Curdlan,Succinic anhydride modification,D3,N5,0.7,0.3,High,0.1,,,,,,,
C-SA-D3-N5-R70-30-MH-G08,Curdlan,Succinic anhydride modification,D3,N5,0.7,0.3,High,0.8,,,,,,,
C-SA-D3-N5-R70-30-MH-G20,Curdlan,Succinic anhydride modification,D3,N5,0.7,0.3,High,2,,,,,,,
C-SA-D3-N5-R70-30-MM-G01,Curdlan,Succinic anhydride modification,D3,N5,0.7,0.3,Medium,0.1,,,,,,,
C-SA-D3-N5-R70-30-MM-G08,Curdlan,Succinic anhydride modification,D3,N5,0.7,0.3,Medium,0.8,,,,,,,
C-SA-D3-N5-R70-30-MM-G20,Curdlan,Succinic anhydride modification,D3,N5,0.7,0.3,Medium,2,,,,,,,
C-SA-D3-N5-R70-30-ML-G01,Curdlan,Succinic anhydride modification,D3,N5,0.7,0.3,Low,0.1,,,,,,,
C-SA-D3-N5-R70-30-ML-G08,Curdlan,Succinic anhydride modification,D3,N5,0.7,0.3,Low,0.8,,,,,,,
C-SA-D3-N5-R70-30-ML-G20,Curdlan,Succinic anhydride modification,D3,N5,0.7,0.3,Low,2,,,,,,,
C-SA-D3-N5-R70-30-MU-G01,Curdlan,Succinic anhydride modification,D3,N5,0.7,0.3,Unspecified,0.1,,,,,,,
C-SA-D3-N5-R70-30-MU-G08,Curdlan,Succinic anhydride modification,D3,N5,0.7,0.3,Unspecified,0.8,,,,,,,
C-SA-D3-N5-R70-30-MU-G20,Curdlan,Succinic anhydride modification,D3,N5,0.7,0.3,Unspecified,2,,,,,,,
C-SA-D3-N5-R50-50-MH-G01,Curdlan,Succinic anhydride modification,D3,N5,0.5,0.5,High,0.1,,,,,,,
C-SA-D3-N5-R50-50-MH-G08,Curdlan,Succinic anhydride modification,D3,N5,0.5,0.5,High,0.8,,,,,,,
C-SA-D3-N5-R50-50-MH-G20,Curdlan,Succinic anhydride modification,D3,N5,0.5,0.5,High,2,,,,,,,
C-SA-D3-N5-R50-50-MM-G01,Curdlan,Succinic anhydride modification,D3,N5,0.5,0.5,Medium,0.1,,,,,,,
C-SA-D3-N5-R50-50-MM-G08,Curdlan,Succinic anhydride modification,D3,N5,0.5,0.5,Medium,0.8,,,,,,,
C-SA-D3-N5-R50-50-MM-G20,Curdlan,Succinic anhydride modification,D3,N5,0.5,0.5,Medium,2,,,,,,,
C-SA-D3-N5-R50-50-ML-G01,Curdlan,Succinic anhydride modification,D3,N5,0.5,0.5,Low,0.1,,,,,,,
C-SA-D3-N5-R50-50-ML-G08,Curdlan,Succinic anhydride modification,D3,N5,0.5,0.5,Low,0.8,,,,,,,
C-SA-D3-N5-R50-50-ML-G20,Curdlan,Succinic anhydride modification,D3,N5,0.5,0.5,Low,2,,,,,,,
C-SA-D3-N5-R50-50-MU-G01,Curdlan,Succinic anhydride modification,D3,N5,0.5,0.5,Unspecified,0.1,,,,,,,
C-SA-D3-N5-R50-50-MU-G08,Curdlan,Succinic anhydride modification,D3,N5,0.5,0.5,Unspecified,0.8,,,,,,,
C-SA-D3-N5-R50-50-MU-G20,Curdlan,Succinic anhydride modification,D3,N5,0.5,0.5,Unspecified,2,,,,,,,
C-SA-D3-N6-R90-10-MH-G01,Curdlan,Succinic anhydride modification,D3,N6,0.9,0.1,High,0.1,,,,,,,
C-SA-D3-N6-R90-10-MH-G08,Curdlan,Succinic anhydride modification,D3,N6,0.9,0.1,High,0.8,,,,,,,
C-SA-D3-N6-R90-10-MH-G20,Curdlan,Succinic anhydride modification,D3,N6,0.9,0.1,High,2,,,,,,,
C-SA-D3-N6-R90-10-MM-G01,Curdlan,Succinic anhydride modification,D3,N6,0.9,0.1,Medium,0.1,,,,,,,
C-SA-D3-N6-R90-10-MM-G08,Curdlan,Succinic anhydride modification,D3,N6,0.9,0.1,Medium,0.8,,,,,,,
C-SA-D3-N6-R90-10-MM-G20,Curdlan,Succinic anhydride modification,D3,N6,0.9,0.1,Medium,2,,,,,,,
C-SA-D3-N6-R90-10-ML-G01,Curdlan,Succinic anhydride modification,D3,N6,0.9,0.1,Low,0.1,,,,,,,
C-SA-D3-N6-R90-10-ML-G08,Curdlan,Succinic anhydride modification,D3,N6,0.9,0.1,Low,0.8,,,,,,,
C-SA-D3-N6-R90-10-ML-G20,Curdlan,Succinic anhydride modification,D3,N6,0.9,0.1,Low,2,,,,,,,
C-SA-D3-N6-R90-10-MU-G01,Curdlan,Succinic anhydride modification,D3,N6,0.9,0.1,Unspecified,0.1,,,,,,,
C-SA-D3-N6-R90-10-MU-G08,Curdlan,Succinic anhydride modification,D3,N6,0.9,0.1,Unspecified,0.8,,,,,,,
C-SA-D3-N6-R90-10-MU-G20,Curdlan,Succinic anhydride modification,D3,N6,0.9,0.1,Unspecified,2,,,,,,,
C-SA-D3-N6-R70-30-MH-G01,Curdlan,Succinic anhydride modification,D3,N6,0.7,0.3,High,0.1,,,,,,,
C-SA-D3-N6-R70-30-MH-G08,Curdlan,Succinic anhydride modification,D3,N6,0.7,0.3,High,0.8,,,,,,,
C-SA-D3-N6-R70-30-MH-G20,Curdlan,Succinic anhydride modification,D3,N6,0.7,0.3,High,2,,,,,,,
C-SA-D3-N6-R70-30-MM-G01,Curdlan,Succinic anhydride modification,D3,N6,0.7,0.3,Medium,0.1,,,,,,,
C-SA-D3-N6-R70-30-MM-G08,Curdlan,Succinic anhydride modification,D3,N6,0.7,0.3,Medium,0.8,,,,,,,
C-SA-D3-N6-R70-30-MM-G20,Curdlan,Succinic anhydride modification,D3,N6,0.7,0.3,Medium,2,,,,,,,
C-SA-D3-N6-R70-30-ML-G01,Curdlan,Succinic anhydride modification,D3,N6,0.7,0.3,Low,0.1,,,,,,,
C-SA-D3-N6-R70-30-ML-G08,Curdlan,Succinic anhydride modification,D3,N6,0.7,0.3,Low,0.8,,,,,,,
C-SA-D3-N6-R70-30-ML-G20,Curdlan,Succinic anhydride modification,D3,N6,0.7,0.3,Low,2,,,,,,,
C-SA-D3-N6-R70-30-MU-G01,Curdlan,Succinic anhydride modification,D3,N6,0.7,0.3,Unspecified,0.1,,,,,,,
C-SA-D3-N6-R70-30-MU-G08,Curdlan,Succinic anhydride modification,D3,N6,0.7,0.3,Unspecified,0.8,,,,,,,
C-SA-D3-N6-R70-30-MU-G20,Curdlan,Succinic anhydride modification,D3,N6,0.7,0.3,Unspecified,2,,,,,,,
C-SA-D3-N6-R50-50-MH-G01,Curdlan,Succinic anhydride modification,D3,N6,0.5,0.5,High,0.1,,,,,,,
C-SA-D3-N6-R50-50-MH-G08,Curdlan,Succinic anhydride modification,D3,N6,0.5,0.5,High,0.8,,,,,,,
C-SA-D3-N6-R50-50-MH-G20,Curdlan,Succinic anhydride modification,D3,N6,0.5,0.5,High,2,,,,,,,
C-SA-D3-N6-R50-50-MM-G01,Curdlan,Succinic anhydride modification,D3,N6,0.5,0.5,Medium,0.1,,,,,,,
C-SA-D3-N6-R50-50-MM-G08,Curdlan,Succinic anhydride modification,D3,N6,0.5,0.5,Medium,0.8,,,,,,,
C-SA-D3-N6-R50-50-MM-G20,Curdlan,Succinic anhydride modification,D3,N6,0.5,0.5,Medium,2,,,,,,,
C-SA-D3-N6-R50-50-ML-G01,Curdlan,Succinic anhydride modification,D3,N6,0.5,0.5,Low,0.1,,,,,,,
C-SA-D3-N6-R50-50-ML-G08,Curdlan,Succinic anhydride modification,D3,N6,0.5,0.5,Low,0.8,,,,,,,
C-SA-D3-N6-R50-50-ML-G20,Curdlan,Succinic anhydride modification,D3,N6,0.5,0.5,Low,2,,,,,,,
C-SA-D3-N6-R50-50-MU-G01,Curdlan,Succinic anhydride modification,D3,N6,0.5,0.5,Unspecified,0.1,,,,,,,
C-SA-D3-N6-R50-50-MU-G08,Curdlan,Succinic anhydride modification,D3,N6,0.5,0.5,Unspecified,0.8,,,,,,,
C-SA-D3-N6-R50-50-MU-G20,Curdlan,Succinic anhydride modification,D3,N6,0.5,0.5,Unspecified,2,,,,,,,
C-SA-D4-N1-R90-10-MH-G01,Curdlan,Succinic anhydride modification,D4,N1,0.9,0.1,High,0.1,,,,,,,
C-SA-D4-N1-R90-10-MH-G08,Curdlan,Succinic anhydride modification,D4,N1,0.9,0.1,High,0.8,,,,,,,
C-SA-D4-N1-R90-10-MH-G20,Curdlan,Succinic anhydride modification,D4,N1,0.9,0.1,High,2,,,,,,,
C-SA-D4-N1-R90-10-MM-G01,Curdlan,Succinic anhydride modification,D4,N1,0.9,0.1,Medium,0.1,,,,,,,
C-SA-D4-N1-R90-10-MM-G08,Curdlan,Succinic anhydride modification,D4,N1,0.9,0.1,Medium,0.8,,,,,,,
C-SA-D4-N1-R90-10-MM-G20,Curdlan,Succinic anhydride modification,D4,N1,0.9,0.1,Medium,2,,,,,,,
C-SA-D4-N1-R90-10-ML-G01,Curdlan,Succinic anhydride modification,D4,N1,0.9,0.1,Low,0.1,,,,,,,
C-SA-D4-N1-R90-10-ML-G08,Curdlan,Succinic anhydride modification,D4,N1,0.9,0.1,Low,0.8,,,,,,,
C-SA-D4-N1-R90-10-ML-G20,Curdlan,Succinic anhydride modification,D4,N1,0.9,0.1,Low,2,,,,,,,
C-SA-D4-N1-R90-10-MU-G01,Curdlan,Succinic anhydride modification,D4,N1,0.9,0.1,Unspecified,0.1,,,,,,,
C-SA-D4-N1-R90-10-MU-G08,Curdlan,Succinic anhydride modification,D4,N1,0.9,0.1,Unspecified,0.8,,,,,,,
C-SA-D4-N1-R90-10-MU-G20,Curdlan,Succinic anhydride modification,D4,N1,0.9,0.1,Unspecified,2,,,,,,,
C-SA-D4-N1-R70-30-MH-G01,Curdlan,Succinic anhydride modification,D4,N1,0.7,0.3,High,0.1,,,,,,,
C-SA-D4-N1-R70-30-MH-G08,Curdlan,Succinic anhydride modification,D4,N1,0.7,0.3,High,0.8,,,,,,,
C-SA-D4-N1-R70-30-MH-G20,Curdlan,Succinic anhydride modification,D4,N1,0.7,0.3,High,2,,,,,,,
C-SA-D4-N1-R70-30-MM-G01,Curdlan,Succinic anhydride modification,D4,N1,0.7,0.3,Medium,0.1,,,,,,,
C-SA-D4-N1-R70-30-MM-G08,Curdlan,Succinic anhydride modification,D4,N1,0.7,0.3,Medium,0.8,,,,,,,
C-SA-D4-N1-R70-30-MM-G20,Curdlan,Succinic anhydride modification,D4,N1,0.7,0.3,Medium,2,,,,,,,
C-SA-D4-N1-R70-30-ML-G01,Curdlan,Succinic anhydride modification,D4,N1,0.7,0.3,Low,0.1,,,,,,,
C-SA-D4-N1-R70-30-ML-G08,Curdlan,Succinic anhydride modification,D4,N1,0.7,0.3,Low,0.8,,,,,,,
C-SA-D4-N1-R70-30-ML-G20,Curdlan,Succinic anhydride modification,D4,N1,0.7,0.3,Low,2,,,,,,,
C-SA-D4-N1-R70-30-MU-G01,Curdlan,Succinic anhydride modification,D4,N1,0.7,0.3,Unspecified,0.1,,,,,,,
C-SA-D4-N1-R70-30-MU-G08,Curdlan,Succinic anhydride modification,D4,N1,0.7,0.3,Unspecified,0.8,,,,,,,
C-SA-D4-N1-R70-30-MU-G20,Curdlan,Succinic anhydride modification,D4,N1,0.7,0.3,Unspecified,2,,,,,,,
C-SA-D4-N1-R50-50-MH-G01,Curdlan,Succinic anhydride modification,D4,N1,0.5,0.5,High,0.1,,,,,,,
C-SA-D4-N1-R50-50-MH-G08,Curdlan,Succinic anhydride modification,D4,N1,0.5,0.5,High,0.8,,,,,,,
C-SA-D4-N1-R50-50-MH-G20,Curdlan,Succinic anhydride modification,D4,N1,0.5,0.5,High,2,,,,,,,
C-SA-D4-N1-R50-50-MM-G01,Curdlan,Succinic anhydride modification,D4,N1,0.5,0.5,Medium,0.1,,,,,,,
C-SA-D4-N1-R50-50-MM-G08,Curdlan,Succinic anhydride modification,D4,N1,0.5,0.5,Medium,0.8,,,,,,,
C-SA-D4-N1-R50-50-MM-G20,Curdlan,Succinic anhydride modification,D4,N1,0.5,0.5,Medium,2,,,,,,,
C-SA-D4-N1-R50-50-ML-G01,Curdlan,Succinic anhydride modification,D4,N1,0.5,0.5,Low,0.1,,,,,,,
C-SA-D4-N1-R50-50-ML-G08,Curdlan,Succinic anhydride modification,D4,N1,0.5,0.5,Low,0.8,,,,,,,
C-SA-D4-N1-R50-50-ML-G20,Curdlan,Succinic anhydride modification,D4,N1,0.5,0.5,Low,2,,,,,,,
C-SA-D4-N1-R50-50-MU-G01,Curdlan,Succinic anhydride modification,D4,N1,0.5,0.5,Unspecified,0.1,,,,,,,
C-SA-D4-N1-R50-50-MU-G08,Curdlan,Succinic anhydride modification,D4,N1,0.5,0.5,Unspecified,0.8,,,,,,,
C-SA-D4-N1-R50-50-MU-G20,Curdlan,Succinic anhydride modification,D4,N1,0.5,0.5,Unspecified,2,,,,,,,
C-SA-D4-N2-R90-10-MH-G01,Curdlan,Succinic anhydride modification,D4,N2,0.9,0.1,High,0.1,,,,,,,
C-SA-D4-N2-R90-10-MH-G08,Curdlan,Succinic anhydride modification,D4,N2,0.9,0.1,High,0.8,,,,,,,
C-SA-D4-N2-R90-10-MH-G20,Curdlan,Succinic anhydride modification,D4,N2,0.9,0.1,High,2,,,,,,,
C-SA-D4-N2-R90-10-MM-G01,Curdlan,Succinic anhydride modification,D4,N2,0.9,0.1,Medium,0.1,,,,,,,
C-SA-D4-N2-R90-10-MM-G08,Curdlan,Succinic anhydride modification,D4,N2,0.9,0.1,Medium,0.8,,,,,,,
C-SA-D4-N2-R90-10-MM-G20,Curdlan,Succinic anhydride modification,D4,N2,0.9,0.1,Medium,2,,,,,,,
C-SA-D4-N2-R90-10-ML-G01,Curdlan,Succinic anhydride modification,D4,N2,0.9,0.1,Low,0.1,,,,,,,
C-SA-D4-N2-R90-10-ML-G08,Curdlan,Succinic anhydride modification,D4,N2,0.9,0.1,Low,0.8,,,,,,,
C-SA-D4-N2-R90-10-ML-G20,Curdlan,Succinic anhydride modification,D4,N2,0.9,0.1,Low,2,,,,,,,
C-SA-D4-N2-R90-10-MU-G01,Curdlan,Succinic anhydride modification,D4,N2,0.9,0.1,Unspecified,0.1,,,,,,,
C-SA-D4-N2-R90-10-MU-G08,Curdlan,Succinic anhydride modification,D4,N2,0.9,0.1,Unspecified,0.8,,,,,,,
C-SA-D4-N2-R90-10-MU-G20,Curdlan,Succinic anhydride modification,D4,N2,0.9,0.1,Unspecified,2,,,,,,,
C-SA-D4-N2-R70-30-MH-G01,Curdlan,Succinic anhydride modification,D4,N2,0.7,0.3,High,0.1,,,,,,,
C-SA-D4-N2-R70-30-MH-G08,Curdlan,Succinic anhydride modification,D4,N2,0.7,0.3,High,0.8,,,,,,,
C-SA-D4-N2-R70-30-MH-G20,Curdlan,Succinic anhydride modification,D4,N2,0.7,0.3,High,2,,,,,,,
C-SA-D4-N2-R70-30-MM-G01,Curdlan,Succinic anhydride modification,D4,N2,0.7,0.3,Medium,0.1,,,,,,,
C-SA-D4-N2-R70-30-MM-G08,Curdlan,Succinic anhydride modification,D4,N2,0.7,0.3,Medium,0.8,,,,,,,
C-SA-D4-N2-R70-30-MM-G20,Curdlan,Succinic anhydride modification,D4,N2,0.7,0.3,Medium,2,,,,,,,
C-SA-D4-N2-R70-30-ML-G01,Curdlan,Succinic anhydride modification,D4,N2,0.7,0.3,Low,0.1,,,,,,,
C-SA-D4-N2-R70-30-ML-G08,Curdlan,Succinic anhydride modification,D4,N2,0.7,0.3,Low,0.8,,,,,,,
C-SA-D4-N2-R70-30-ML-G20,Curdlan,Succinic anhydride modification,D4,N2,0.7,0.3,Low,2,,,,,,,
C-SA-D4-N2-R70-30-MU-G01,Curdlan,Succinic anhydride modification,D4,N2,0.7,0.3,Unspecified,0.1,,,,,,,
C-SA-D4-N2-R70-30-MU-G08,Curdlan,Succinic anhydride modification,D4,N2,0.7,0.3,Unspecified,0.8,,,,,,,
C-SA-D4-N2-R70-30-MU-G20,Curdlan,Succinic anhydride modification,D4,N2,0.7,0.3,Unspecified,2,,,,,,,
C-SA-D4-N2-R50-50-MH-G01,Curdlan,Succinic anhydride modification,D4,N2,0.5,0.5,High,0.1,,,,,,,
C-SA-D4-N2-R50-50-MH-G08,Curdlan,Succinic anhydride modification,D4,N2,0.5,0.5,High,0.8,,,,,,,
C-SA-D4-N2-R50-50-MH-G20,Curdlan,Succinic anhydride modification,D4,N2,0.5,0.5,High,2,,,,,,,
C-SA-D4-N2-R50-50-MM-G01,Curdlan,Succinic anhydride modification,D4,N2,0.5,0.5,Medium,0.1,,,,,,,
C-SA-D4-N2-R50-50-MM-G08,Curdlan,Succinic anhydride modification,D4,N2,0.5,0.5,Medium,0.8,,,,,,,
C-SA-D4-N2-R50-50-MM-G20,Curdlan,Succinic anhydride modification,D4,N2,0.5,0.5,Medium,2,,,,,,,
C-SA-D4-N2-R50-50-ML-G01,Curdlan,Succinic anhydride modification,D4,N2,0.5,0.5,Low,0.1,,,,,,,
C-SA-D4-N2-R50-50-ML-G08,Curdlan,Succinic anhydride modification,D4,N2,0.5,0.5,Low,0.8,,,,,,,
C-SA-D4-N2-R50-50-ML-G20,Curdlan,Succinic anhydride modification,D4,N2,0.5,0.5,Low,2,,,,,,,
C-SA-D4-N2-R50-50-MU-G01,Curdlan,Succinic anhydride modification,D4,N2,0.5,0.5,Unspecified,0.1,,,,,,,
C-SA-D4-N2-R50-50-MU-G08,Curdlan,Succinic anhydride modification,D4,N2,0.5,0.5,Unspecified,0.8,,,,,,,
C-SA-D4-N2-R50-50-MU-G20,Curdlan,Succinic anhydride modification,D4,N2,0.5,0.5,Unspecified,2,,,,,,,
C-SA-D4-N3-R90-10-MH-G01,Curdlan,Succinic anhydride modification,D4,N3,0.9,0.1,High,0.1,,,,,,,
C-SA-D4-N3-R90-10-MH-G08,Curdlan,Succinic anhydride modification,D4,N3,0.9,0.1,High,0.8,,,,,,,
C-SA-D4-N3-R90-10-MH-G20,Curdlan,Succinic anhydride modification,D4,N3,0.9,0.1,High,2,,,,,,,
C-SA-D4-N3-R90-10-MM-G01,Curdlan,Succinic anhydride modification,D4,N3,0.9,0.1,Medium,0.1,,,,,,,
C-SA-D4-N3-R90-10-MM-G08,Curdlan,Succinic anhydride modification,D4,N3,0.9,0.1,Medium,0.8,,,,,,,
C-SA-D4-N3-R90-10-MM-G20,Curdlan,Succinic anhydride modification,D4,N3,0.9,0.1,Medium,2,,,,,,,
C-SA-D4-N3-R90-10-ML-G01,Curdlan,Succinic anhydride modification,D4,N3,0.9,0.1,Low,0.1,,,,,,,
C-SA-D4-N3-R90-10-ML-G08,Curdlan,Succinic anhydride modification,D4,N3,0.9,0.1,Low,0.8,,,,,,,
C-SA-D4-N3-R90-10-ML-G20,Curdlan,Succinic anhydride modification,D4,N3,0.9,0.1,Low,2,,,,,,,
C-SA-D4-N3-R90-10-MU-G01,Curdlan,Succinic anhydride modification,D4,N3,0.9,0.1,Unspecified,0.1,,,,,,,
C-SA-D4-N3-R90-10-MU-G08,Curdlan,Succinic anhydride modification,D4,N3,0.9,0.1,Unspecified,0.8,,,,,,,
C-SA-D4-N3-R90-10-MU-G20,Curdlan,Succinic anhydride modification,D4,N3,0.9,0.1,Unspecified,2,,,,,,,
C-SA-D4-N3-R70-30-MH-G01,Curdlan,Succinic anhydride modification,D4,N3,0.7,0.3,High,0.1,,,,,,,
C-SA-D4-N3-R70-30-MH-G08,Curdlan,Succinic anhydride modification,D4,N3,0.7,0.3,High,0.8,,,,,,,
C-SA-D4-N3-R70-30-MH-G20,Curdlan,Succinic anhydride modification,D4,N3,0.7,0.3,High,2,,,,,,,
C-SA-D4-N3-R70-30-MM-G01,Curdlan,Succinic anhydride modification,D4,N3,0.7,0.3,Medium,0.1,,,,,,,
C-SA-D4-N3-R70-30-MM-G08,Curdlan,Succinic anhydride modification,D4,N3,0.7,0.3,Medium,0.8,,,,,,,
C-SA-D4-N3-R70-30-MM-G20,Curdlan,Succinic anhydride modification,D4,N3,0.7,0.3,Medium,2,,,,,,,
C-SA-D4-N3-R70-30-ML-G01,Curdlan,Succinic anhydride modification,D4,N3,0.7,0.3,Low,0.1,,,,,,,
C-SA-D4-N3-R70-30-ML-G08,Curdlan,Succinic anhydride modification,D4,N3,0.7,0.3,Low,0.8,,,,,,,
C-SA-D4-N3-R70-30-ML-G20,Curdlan,Succinic anhydride modification,D4,N3,0.7,0.3,Low,2,,,,,,,
C-SA-D4-N3-R70-30-MU-G01,Curdlan,Succinic anhydride modification,D4,N3,0.7,0.3,Unspecified,0.1,,,,,,,
C-SA-D4-N3-R70-30-MU-G08,Curdlan,Succinic anhydride modification,D4,N3,0.7,0.3,Unspecified,0.8,,,,,,,
C-SA-D4-N3-R70-30-MU-G20,Curdlan,Succinic anhydride modification,D4,N3,0.7,0.3,Unspecified,2,,,,,,,
C-SA-D4-N3-R50-50-MH-G01,Curdlan,Succinic anhydride modification,D4,N3,0.5,0.5,High,0.1,,,,,,,
C-SA-D4-N3-R50-50-MH-G08,Curdlan,Succinic anhydride modification,D4,N3,0.5,0.5,High,0.8,,,,,,,
C-SA-D4-N3-R50-50-MH-G20,Curdlan,Succinic anhydride modification,D4,N3,0.5,0.5,High,2,,,,,,,
C-SA-D4-N3-R50-50-MM-G01,Curdlan,Succinic anhydride modification,D4,N3,0.5,0.5,Medium,0.1,,,,,,,
C-SA-D4-N3-R50-50-MM-G08,Curdlan,Succinic anhydride modification,D4,N3,0.5,0.5,Medium,0.8,,,,,,,
C-SA-D4-N3-R50-50-MM-G20,Curdlan,Succinic anhydride modification,D4,N3,0.5,0.5,Medium,2,,,,,,,
C-SA-D4-N3-R50-50-ML-G01,Curdlan,Succinic anhydride modification,D4,N3,0.5,0.5,Low,0.1,,,,,,,
C-SA-D4-N3-R50-50-ML-G08,Curdlan,Succinic anhydride modification,D4,N3,0.5,0.5,Low,0.8,,,,,,,
C-SA-D4-N3-R50-50-ML-G20,Curdlan,Succinic anhydride modification,D4,N3,0.5,0.5,Low,2,,,,,,,
C-SA-D4-N3-R50-50-MU-G01,Curdlan,Succinic anhydride modification,D4,N3,0.5,0.5,Unspecified,0.1,,,,,,,
C-SA-D4-N3-R50-50-MU-G08,Curdlan,Succinic anhydride modification,D4,N3,0.5,0.5,Unspecified,0.8,,,,,,,
C-SA-D4-N3-R50-50-MU-G20,Curdlan,Succinic anhydride modification,D4,N3,0.5,0.5,Unspecified,2,,,,,,,
C-SA-D4-N4-R90-10-MH-G01,Curdlan,Succinic anhydride modification,D4,N4,0.9,0.1,High,0.1,,,,,,,
C-SA-D4-N4-R90-10-MH-G08,Curdlan,Succinic anhydride modification,D4,N4,0.9,0.1,High,0.8,,,,,,,
C-SA-D4-N4-R90-10-MH-G20,Curdlan,Succinic anhydride modification,D4,N4,0.9,0.1,High,2,,,,,,,
C-SA-D4-N4-R90-10-MM-G01,Curdlan,Succinic anhydride modification,D4,N4,0.9,0.1,Medium,0.1,,,,,,,
C-SA-D4-N4-R90-10-MM-G08,Curdlan,Succinic anhydride modification,D4,N4,0.9,0.1,Medium,0.8,,,,,,,
C-SA-D4-N4-R90-10-MM-G20,Curdlan,Succinic anhydride modification,D4,N4,0.9,0.1,Medium,2,,,,,,,
C-SA-D4-N4-R90-10-ML-G01,Curdlan,Succinic anhydride modification,D4,N4,0.9,0.1,Low,0.1,,,,,,,
C-SA-D4-N4-R90-10-ML-G08,Curdlan,Succinic anhydride modification,D4,N4,0.9,0.1,Low,0.8,,,,,,,
C-SA-D4-N4-R90-10-ML-G20,Curdlan,Succinic anhydride modification,D4,N4,0.9,0.1,Low,2,,,,,,,
C-SA-D4-N4-R90-10-MU-G01,Curdlan,Succinic anhydride modification,D4,N4,0.9,0.1,Unspecified,0.1,,,,,,,
C-SA-D4-N4-R90-10-MU-G08,Curdlan,Succinic anhydride modification,D4,N4,0.9,0.1,Unspecified,0.8,,,,,,,
C-SA-D4-N4-R90-10-MU-G20,Curdlan,Succinic anhydride modification,D4,N4,0.9,0.1,Unspecified,2,,,,,,,
C-SA-D4-N4-R70-30-MH-G01,Curdlan,Succinic anhydride modification,D4,N4,0.7,0.3,High,0.1,,,,,,,
C-SA-D4-N4-R70-30-MH-G08,Curdlan,Succinic anhydride modification,D4,N4,0.7,0.3,High,0.8,,,,,,,
C-SA-D4-N4-R70-30-MH-G20,Curdlan,Succinic anhydride modification,D4,N4,0.7,0.3,High,2,,,,,,,
C-SA-D4-N4-R70-30-MM-G01,Curdlan,Succinic anhydride modification,D4,N4,0.7,0.3,Medium,0.1,,,,,,,
C-SA-D4-N4-R70-30-MM-G08,Curdlan,Succinic anhydride modification,D4,N4,0.7,0.3,Medium,0.8,,,,,,,
C-SA-D4-N4-R70-30-MM-G20,Curdlan,Succinic anhydride modification,D4,N4,0.7,0.3,Medium,2,,,,,,,
C-SA-D4-N4-R70-30-ML-G01,Curdlan,Succinic anhydride modification,D4,N4,0.7,0.3,Low,0.1,,,,,,,
C-SA-D4-N4-R70-30-ML-G08,Curdlan,Succinic anhydride modification,D4,N4,0.7,0.3,Low,0.8,,,,,,,
C-SA-D4-N4-R70-30-ML-G20,Curdlan,Succinic anhydride modification,D4,N4,0.7,0.3,Low,2,,,,,,,
C-SA-D4-N4-R70-30-MU-G01,Curdlan,Succinic anhydride modification,D4,N4,0.7,0.3,Unspecified,0.1,,,,,,,
C-SA-D4-N4-R70-30-MU-G08,Curdlan,Succinic anhydride modification,D4,N4,0.7,0.3,Unspecified,0.8,,,,,,,
C-SA-D4-N4-R70-30-MU-G20,Curdlan,Succinic anhydride modification,D4,N4,0.7,0.3,Unspecified,2,,,,,,,
C-SA-D4-N4-R50-50-MH-G01,Curdlan,Succinic anhydride modification,D4,N4,0.5,0.5,High,0.1,,,,,,,
C-SA-D4-N4-R50-50-MH-G08,Curdlan,Succinic anhydride modification,D4,N4,0.5,0.5,High,0.8,,,,,,,
C-SA-D4-N4-R50-50-MH-G20,Curdlan,Succinic anhydride modification,D4,N4,0.5,0.5,High,2,,,,,,,
C-SA-D4-N4-R50-50-MM-G01,Curdlan,Succinic anhydride modification,D4,N4,0.5,0.5,Medium,0.1,,,,,,,
C-SA-D4-N4-R50-50-MM-G08,Curdlan,Succinic anhydride modification,D4,N4,0.5,0.5,Medium,0.8,,,,,,,
C-SA-D4-N4-R50-50-MM-G20,Curdlan,Succinic anhydride modification,D4,N4,0.5,0.5,Medium,2,,,,,,,
C-SA-D4-N4-R50-50-ML-G01,Curdlan,Succinic anhydride modification,D4,N4,0.5,0.5,Low,0.1,,,,,,,
C-SA-D4-N4-R50-50-ML-G08,Curdlan,Succinic anhydride modification,D4,N4,0.5,0.5,Low,0.8,,,,,,,
C-SA-D4-N4-R50-50-ML-G20,Curdlan,Succinic anhydride modification,D4,N4,0.5,0.5,Low,2,,,,,,,
C-SA-D4-N4-R50-50-MU-G01,Curdlan,Succinic anhydride modification,D4,N4,0.5,0.5,Unspecified,0.1,,,,,,,
C-SA-D4-N4-R50-50-MU-G08,Curdlan,Succinic anhydride modification,D4,N4,0.5,0.5,Unspecified,0.8,,,,,,,
C-SA-D4-N4-R50-50-MU-G20,Curdlan,Succinic anhydride modification,D4,N4,0.5,0.5,Unspecified,2,,,,,,,
C-SA-D4-N5-R90-10-MH-G01,Curdlan,Succinic anhydride modification,D4,N5,0.9,0.1,High,0.1,,,,,,,
C-SA-D4-N5-R90-10-MH-G08,Curdlan,Succinic anhydride modification,D4,N5,0.9,0.1,High,0.8,,,,,,,
C-SA-D4-N5-R90-10-MH-G20,Curdlan,Succinic anhydride modification,D4,N5,0.9,0.1,High,2,,,,,,,
C-SA-D4-N5-R90-10-MM-G01,Curdlan,Succinic anhydride modification,D4,N5,0.9,0.1,Medium,0.1,,,,,,,
C-SA-D4-N5-R90-10-MM-G08,Curdlan,Succinic anhydride modification,D4,N5,0.9,0.1,Medium,0.8,,,,,,,
C-SA-D4-N5-R90-10-MM-G20,Curdlan,Succinic anhydride modification,D4,N5,0.9,0.1,Medium,2,,,,,,,
C-SA-D4-N5-R90-10-ML-G01,Curdlan,Succinic anhydride modification,D4,N5,0.9,0.1,Low,0.1,,,,,,,
C-SA-D4-N5-R90-10-ML-G08,Curdlan,Succinic anhydride modification,D4,N5,0.9,0.1,Low,0.8,,,,,,,
C-SA-D4-N5-R90-10-ML-G20,Curdlan,Succinic anhydride modification,D4,N5,0.9,0.1,Low,2,,,,,,,
C-SA-D4-N5-R90-10-MU-G01,Curdlan,Succinic anhydride modification,D4,N5,0.9,0.1,Unspecified,0.1,,,,,,,
C-SA-D4-N5-R90-10-MU-G08,Curdlan,Succinic anhydride modification,D4,N5,0.9,0.1,Unspecified,0.8,,,,,,,
C-SA-D4-N5-R90-10-MU-G20,Curdlan,Succinic anhydride modification,D4,N5,0.9,0.1,Unspecified,2,,,,,,,
C-SA-D4-N5-R70-30-MH-G01,Curdlan,Succinic anhydride modification,D4,N5,0.7,0.3,High,0.1,,,,,,,
C-SA-D4-N5-R70-30-MH-G08,Curdlan,Succinic anhydride modification,D4,N5,0.7,0.3,High,0.8,,,,,,,
C-SA-D4-N5-R70-30-MH-G20,Curdlan,Succinic anhydride modification,D4,N5,0.7,0.3,High,2,,,,,,,
C-SA-D4-N5-R70-30-MM-G01,Curdlan,Succinic anhydride modification,D4,N5,0.7,0.3,Medium,0.1,,,,,,,
C-SA-D4-N5-R70-30-MM-G08,Curdlan,Succinic anhydride modification,D4,N5,0.7,0.3,Medium,0.8,,,,,,,
C-SA-D4-N5-R70-30-MM-G20,Curdlan,Succinic anhydride modification,D4,N5,0.7,0.3,Medium,2,,,,,,,
C-SA-D4-N5-R70-30-ML-G01,Curdlan,Succinic anhydride modification,D4,N5,0.7,0.3,Low,0.1,,,,,,,
C-SA-D4-N5-R70-30-ML-G08,Curdlan,Succinic anhydride modification,D4,N5,0.7,0.3,Low,0.8,,,,,,,
C-SA-D4-N5-R70-30-ML-G20,Curdlan,Succinic anhydride modification,D4,N5,0.7,0.3,Low,2,,,,,,,
C-SA-D4-N5-R70-30-MU-G01,Curdlan,Succinic anhydride modification,D4,N5,0.7,0.3,Unspecified,0.1,,,,,,,
C-SA-D4-N5-R70-30-MU-G08,Curdlan,Succinic anhydride modification,D4,N5,0.7,0.3,Unspecified,0.8,,,,,,,
C-SA-D4-N5-R70-30-MU-G20,Curdlan,Succinic anhydride modification,D4,N5,0.7,0.3,Unspecified,2,,,,,,,
C-SA-D4-N5-R50-50-MH-G01,Curdlan,Succinic anhydride modification,D4,N5,0.5,0.5,High,0.1,,,,,,,
C-SA-D4-N5-R50-50-MH-G08,Curdlan,Succinic anhydride modification,D4,N5,0.5,0.5,High,0.8,,,,,,,
C-SA-D4-N5-R50-50-MH-G20,Curdlan,Succinic anhydride modification,D4,N5,0.5,0.5,High,2,,,,,,,
C-SA-D4-N5-R50-50-MM-G01,Curdlan,Succinic anhydride modification,D4,N5,0.5,0.5,Medium,0.1,,,,,,,
C-SA-D4-N5-R50-50-MM-G08,Curdlan,Succinic anhydride modification,D4,N5,0.5,0.5,Medium,0.8,,,,,,,
C-SA-D4-N5-R50-50-MM-G20,Curdlan,Succinic anhydride modification,D4,N5,0.5,0.5,Medium,2,,,,,,,
C-SA-D4-N5-R50-50-ML-G01,Curdlan,Succinic anhydride modification,D4,N5,0.5,0.5,Low,0.1,,,,,,,
C-SA-D4-N5-R50-50-ML-G08,Curdlan,Succinic anhydride modification,D4,N5,0.5,0.5,Low,0.8,,,,,,,
C-SA-D4-N5-R50-50-ML-G20,Curdlan,Succinic anhydride modification,D4,N5,0.5,0.5,Low,2,,,,,,,
C-SA-D4-N5-R50-50-MU-G01,Curdlan,Succinic anhydride modification,D4,N5,0.5,0.5,Unspecified,0.1,,,,,,,
C-SA-D4-N5-R50-50-MU-G08,Curdlan,Succinic anhydride modification,D4,N5,0.5,0.5,Unspecified,0.8,,,,,,,
C-SA-D4-N5-R50-50-MU-G20,Curdlan,Succinic anhydride modification,D4,N5,0.5,0.5,Unspecified,2,,,,,,,
C-SA-D4-N6-R90-10-MH-G01,Curdlan,Succinic anhydride modification,D4,N6,0.9,0.1,High,0.1,,,,,,,
C-SA-D4-N6-R90-10-MH-G08,Curdlan,Succinic anhydride modification,D4,N6,0.9,0.1,High,0.8,,,,,,,
C-SA-D4-N6-R90-10-MH-G20,Curdlan,Succinic anhydride modification,D4,N6,0.9,0.1,High,2,,,,,,,
C-SA-D4-N6-R90-10-MM-G01,Curdlan,Succinic anhydride modification,D4,N6,0.9,0.1,Medium,0.1,,,,,,,
C-SA-D4-N6-R90-10-MM-G08,Curdlan,Succinic anhydride modification,D4,N6,0.9,0.1,Medium,0.8,,,,,,,
C-SA-D4-N6-R90-10-MM-G20,Curdlan,Succinic anhydride modification,D4,N6,0.9,0.1,Medium,2,,,,,,,
C-SA-D4-N6-R90-10-ML-G01,Curdlan,Succinic anhydride modification,D4,N6,0.9,0.1,Low,0.1,,,,,,,
C-SA-D4-N6-R90-10-ML-G08,Curdlan,Succinic anhydride modification,D4,N6,0.9,0.1,Low,0.8,,,,,,,
C-SA-D4-N6-R90-10-ML-G20,Curdlan,Succinic anhydride modification,D4,N6,0.9,0.1,Low,2,,,,,,,
C-SA-D4-N6-R90-10-MU-G01,Curdlan,Succinic anhydride modification,D4,N6,0.9,0.1,Unspecified,0.1,,,,,,,
C-SA-D4-N6-R90-10-MU-G08,Curdlan,Succinic anhydride modification,D4,N6,0.9,0.1,Unspecified,0.8,,,,,,,
C-SA-D4-N6-R90-10-MU-G20,Curdlan,Succinic anhydride modification,D4,N6,0.9,0.1,Unspecified,2,,,,,,,
C-SA-D4-N6-R70-30-MH-G01,Curdlan,Succinic anhydride modification,D4,N6,0.7,0.3,High,0.1,,,,,,,
C-SA-D4-N6-R70-30-MH-G08,Curdlan,Succinic anhydride modification,D4,N6,0.7,0.3,High,0.8,,,,,,,
C-SA-D4-N6-R70-30-MH-G20,Curdlan,Succinic anhydride modification,D4,N6,0.7,0.3,High,2,,,,,,,
C-SA-D4-N6-R70-30-MM-G01,Curdlan,Succinic anhydride modification,D4,N6,0.7,0.3,Medium,0.1,,,,,,,
C-SA-D4-N6-R70-30-MM-G08,Curdlan,Succinic anhydride modification,D4,N6,0.7,0.3,Medium,0.8,,,,,,,
C-SA-D4-N6-R70-30-MM-G20,Curdlan,Succinic anhydride modification,D4,N6,0.7,0.3,Medium,2,,,,,,,
C-SA-D4-N6-R70-30-ML-G01,Curdlan,Succinic anhydride modification,D4,N6,0.7,0.3,Low,0.1,,,,,,,
C-SA-D4-N6-R70-30-ML-G08,Curdlan,Succinic anhydride modification,D4,N6,0.7,0.3,Low,0.8,,,,,,,
C-SA-D4-N6-R70-30-ML-G20,Curdlan,Succinic anhydride modification,D4,N6,0.7,0.3,Low,2,,,,,,,
C-SA-D4-N6-R70-30-MU-G01,Curdlan,Succinic anhydride modification,D4,N6,0.7,0.3,Unspecified,0.1,,,,,,,
C-SA-D4-N6-R70-30-MU-G08,Curdlan,Succinic anhydride modification,D4,N6,0.7,0.3,Unspecified,0.8,,,,,,,
C-SA-D4-N6-R70-30-MU-G20,Curdlan,Succinic anhydride modification,D4,N6,0.7,0.3,Unspecified,2,,,,,,,
C-SA-D4-N6-R50-50-MH-G01,Curdlan,Succinic anhydride modification,D4,N6,0.5,0.5,High,0.1,,,,,,,
C-SA-D4-N6-R50-50-MH-G08,Curdlan,Succinic anhydride modification,D4,N6,0.5,0.5,High,0.8,,,,,,,
C-SA-D4-N6-R50-50-MH-G20,Curdlan,Succinic anhydride modification,D4,N6,0.5,0.5,High,2,,,,,,,
C-SA-D4-N6-R50-50-MM-G01,Curdlan,Succinic anhydride modification,D4,N6,0.5,0.5,Medium,0.1,,,,,,,
C-SA-D4-N6-R50-50-MM-G08,Curdlan,Succinic anhydride modification,D4,N6,0.5,0.5,Medium,0.8,,,,,,,
C-SA-D4-N6-R50-50-MM-G20,Curdlan,Succinic anhydride modification,D4,N6,0.5,0.5,Medium,2,,,,,,,
C-SA-D4-N6-R50-50-ML-G01,Curdlan,Succinic anhydride modification,D4,N6,0.5,0.5,Low,0.1,,,,,,,
C-SA-D4-N6-R50-50-ML-G08,Curdlan,Succinic anhydride modification,D4,N6,0.5,0.5,Low,0.8,,,,,,,
C-SA-D4-N6-R50-50-ML-G20,Curdlan,Succinic anhydride modification,D4,N6,0.5,0.5,Low,2,,,,,,,
C-SA-D4-N6-R50-50-MU-G01,Curdlan,Succinic anhydride modification,D4,N6,0.5,0.5,Unspecified,0.1,,,,,,,
C-SA-D4-N6-R50-50-MU-G08,Curdlan,Succinic anhydride modification,D4,N6,0.5,0.5,Unspecified,0.8,,,,,,,
C-SA-D4-N6-R50-50-MU-G20,Curdlan,Succinic anhydride modification,D4,N6,0.5,0.5,Unspecified,2,,,,,,,
C-SA-D5-N1-R90-10-MH-G01,Curdlan,Succinic anhydride modification,D5,N1,0.9,0.1,High,0.1,,,,,,,
C-SA-D5-N1-R90-10-MH-G08,Curdlan,Succinic anhydride modification,D5,N1,0.9,0.1,High,0.8,,,,,,,
C-SA-D5-N1-R90-10-MH-G20,Curdlan,Succinic anhydride modification,D5,N1,0.9,0.1,High,2,,,,,,,
C-SA-D5-N1-R90-10-MM-G01,Curdlan,Succinic anhydride modification,D5,N1,0.9,0.1,Medium,0.1,,,,,,,
C-SA-D5-N1-R90-10-MM-G08,Curdlan,Succinic anhydride modification,D5,N1,0.9,0.1,Medium,0.8,,,,,,,
C-SA-D5-N1-R90-10-MM-G20,Curdlan,Succinic anhydride modification,D5,N1,0.9,0.1,Medium,2,,,,,,,
C-SA-D5-N1-R90-10-ML-G01,Curdlan,Succinic anhydride modification,D5,N1,0.9,0.1,Low,0.1,,,,,,,
C-SA-D5-N1-R90-10-ML-G08,Curdlan,Succinic anhydride modification,D5,N1,0.9,0.1,Low,0.8,,,,,,,
C-SA-D5-N1-R90-10-ML-G20,Curdlan,Succinic anhydride modification,D5,N1,0.9,0.1,Low,2,,,,,,,
C-SA-D5-N1-R90-10-MU-G01,Curdlan,Succinic anhydride modification,D5,N1,0.9,0.1,Unspecified,0.1,,,,,,,
C-SA-D5-N1-R90-10-MU-G08,Curdlan,Succinic anhydride modification,D5,N1,0.9,0.1,Unspecified,0.8,,,,,,,
C-SA-D5-N1-R90-10-MU-G20,Curdlan,Succinic anhydride modification,D5,N1,0.9,0.1,Unspecified,2,,,,,,,
C-SA-D5-N1-R70-30-MH-G01,Curdlan,Succinic anhydride modification,D5,N1,0.7,0.3,High,0.1,,,,,,,
C-SA-D5-N1-R70-30-MH-G08,Curdlan,Succinic anhydride modification,D5,N1,0.7,0.3,High,0.8,,,,,,,
C-SA-D5-N1-R70-30-MH-G20,Curdlan,Succinic anhydride modification,D5,N1,0.7,0.3,High,2,,,,,,,
C-SA-D5-N1-R70-30-MM-G01,Curdlan,Succinic anhydride modification,D5,N1,0.7,0.3,Medium,0.1,,,,,,,
C-SA-D5-N1-R70-30-MM-G08,Curdlan,Succinic anhydride modification,D5,N1,0.7,0.3,Medium,0.8,,,,,,,
C-SA-D5-N1-R70-30-MM-G20,Curdlan,Succinic anhydride modification,D5,N1,0.7,0.3,Medium,2,,,,,,,
C-SA-D5-N1-R70-30-ML-G01,Curdlan,Succinic anhydride modification,D5,N1,0.7,0.3,Low,0.1,,,,,,,
C-SA-D5-N1-R70-30-ML-G08,Curdlan,Succinic anhydride modification,D5,N1,0.7,0.3,Low,0.8,,,,,,,
C-SA-D5-N1-R70-30-ML-G20,Curdlan,Succinic anhydride modification,D5,N1,0.7,0.3,Low,2,,,,,,,
C-SA-D5-N1-R70-30-MU-G01,Curdlan,Succinic anhydride modification,D5,N1,0.7,0.3,Unspecified,0.1,,,,,,,
C-SA-D5-N1-R70-30-MU-G08,Curdlan,Succinic anhydride modification,D5,N1,0.7,0.3,Unspecified,0.8,,,,,,,
C-SA-D5-N1-R70-30-MU-G20,Curdlan,Succinic anhydride modification,D5,N1,0.7,0.3,Unspecified,2,,,,,,,
C-SA-D5-N1-R50-50-MH-G01,Curdlan,Succinic anhydride modification,D5,N1,0.5,0.5,High,0.1,,,,,,,
C-SA-D5-N1-R50-50-MH-G08,Curdlan,Succinic anhydride modification,D5,N1,0.5,0.5,High,0.8,,,,,,,
C-SA-D5-N1-R50-50-MH-G20,Curdlan,Succinic anhydride modification,D5,N1,0.5,0.5,High,2,,,,,,,
C-SA-D5-N1-R50-50-MM-G01,Curdlan,Succinic anhydride modification,D5,N1,0.5,0.5,Medium,0.1,,,,,,,
C-SA-D5-N1-R50-50-MM-G08,Curdlan,Succinic anhydride modification,D5,N1,0.5,0.5,Medium,0.8,,,,,,,
C-SA-D5-N1-R50-50-MM-G20,Curdlan,Succinic anhydride modification,D5,N1,0.5,0.5,Medium,2,,,,,,,
C-SA-D5-N1-R50-50-ML-G01,Curdlan,Succinic anhydride modification,D5,N1,0.5,0.5,Low,0.1,,,,,,,
C-SA-D5-N1-R50-50-ML-G08,Curdlan,Succinic anhydride modification,D5,N1,0.5,0.5,Low,0.8,,,,,,,
C-SA-D5-N1-R50-50-ML-G20,Curdlan,Succinic anhydride modification,D5,N1,0.5,0.5,Low,2,,,,,,,
C-SA-D5-N1-R50-50-MU-G01,Curdlan,Succinic anhydride modification,D5,N1,0.5,0.5,Unspecified,0.1,,,,,,,
C-SA-D5-N1-R50-50-MU-G08,Curdlan,Succinic anhydride modification,D5,N1,0.5,0.5,Unspecified,0.8,,,,,,,
C-SA-D5-N1-R50-50-MU-G20,Curdlan,Succinic anhydride modification,D5,N1,0.5,0.5,Unspecified,2,,,,,,,
C-SA-D5-N2-R90-10-MH-G01,Curdlan,Succinic anhydride modification,D5,N2,0.9,0.1,High,0.1,,,,,,,
C-SA-D5-N2-R90-10-MH-G08,Curdlan,Succinic anhydride modification,D5,N2,0.9,0.1,High,0.8,,,,,,,
C-SA-D5-N2-R90-10-MH-G20,Curdlan,Succinic anhydride modification,D5,N2,0.9,0.1,High,2,,,,,,,
C-SA-D5-N2-R90-10-MM-G01,Curdlan,Succinic anhydride modification,D5,N2,0.9,0.1,Medium,0.1,,,,,,,
C-SA-D5-N2-R90-10-MM-G08,Curdlan,Succinic anhydride modification,D5,N2,0.9,0.1,Medium,0.8,,,,,,,
C-SA-D5-N2-R90-10-MM-G20,Curdlan,Succinic anhydride modification,D5,N2,0.9,0.1,Medium,2,,,,,,,
C-SA-D5-N2-R90-10-ML-G01,Curdlan,Succinic anhydride modification,D5,N2,0.9,0.1,Low,0.1,,,,,,,
C-SA-D5-N2-R90-10-ML-G08,Curdlan,Succinic anhydride modification,D5,N2,0.9,0.1,Low,0.8,,,,,,,
C-SA-D5-N2-R90-10-ML-G20,Curdlan,Succinic anhydride modification,D5,N2,0.9,0.1,Low,2,,,,,,,
C-SA-D5-N2-R90-10-MU-G01,Curdlan,Succinic anhydride modification,D5,N2,0.9,0.1,Unspecified,0.1,,,,,,,
C-SA-D5-N2-R90-10-MU-G08,Curdlan,Succinic anhydride modification,D5,N2,0.9,0.1,Unspecified,0.8,,,,,,,
C-SA-D5-N2-R90-10-MU-G20,Curdlan,Succinic anhydride modification,D5,N2,0.9,0.1,Unspecified,2,,,,,,,
C-SA-D5-N2-R70-30-MH-G01,Curdlan,Succinic anhydride modification,D5,N2,0.7,0.3,High,0.1,,,,,,,
C-SA-D5-N2-R70-30-MH-G08,Curdlan,Succinic anhydride modification,D5,N2,0.7,0.3,High,0.8,,,,,,,
C-SA-D5-N2-R70-30-MH-G20,Curdlan,Succinic anhydride modification,D5,N2,0.7,0.3,High,2,,,,,,,
C-SA-D5-N2-R70-30-MM-G01,Curdlan,Succinic anhydride modification,D5,N2,0.7,0.3,Medium,0.1,,,,,,,
C-SA-D5-N2-R70-30-MM-G08,Curdlan,Succinic anhydride modification,D5,N2,0.7,0.3,Medium,0.8,,,,,,,
C-SA-D5-N2-R70-30-MM-G20,Curdlan,Succinic anhydride modification,D5,N2,0.7,0.3,Medium,2,,,,,,,
C-SA-D5-N2-R70-30-ML-G01,Curdlan,Succinic anhydride modification,D5,N2,0.7,0.3,Low,0.1,,,,,,,
C-SA-D5-N2-R70-30-ML-G08,Curdlan,Succinic anhydride modification,D5,N2,0.7,0.3,Low,0.8,,,,,,,
C-SA-D5-N2-R70-30-ML-G20,Curdlan,Succinic anhydride modification,D5,N2,0.7,0.3,Low,2,,,,,,,
C-SA-D5-N2-R70-30-MU-G01,Curdlan,Succinic anhydride modification,D5,N2,0.7,0.3,Unspecified,0.1,,,,,,,
C-SA-D5-N2-R70-30-MU-G08,Curdlan,Succinic anhydride modification,D5,N2,0.7,0.3,Unspecified,0.8,,,,,,,
C-SA-D5-N2-R70-30-MU-G20,Curdlan,Succinic anhydride modification,D5,N2,0.7,0.3,Unspecified,2,,,,,,,
C-SA-D5-N2-R50-50-MH-G01,Curdlan,Succinic anhydride modification,D5,N2,0.5,0.5,High,0.1,,,,,,,
C-SA-D5-N2-R50-50-MH-G08,Curdlan,Succinic anhydride modification,D5,N2,0.5,0.5,High,0.8,,,,,,,
C-SA-D5-N2-R50-50-MH-G20,Curdlan,Succinic anhydride modification,D5,N2,0.5,0.5,High,2,,,,,,,
C-SA-D5-N2-R50-50-MM-G01,Curdlan,Succinic anhydride modification,D5,N2,0.5,0.5,Medium,0.1,,,,,,,
C-SA-D5-N2-R50-50-MM-G08,Curdlan,Succinic anhydride modification,D5,N2,0.5,0.5,Medium,0.8,,,,,,,
C-SA-D5-N2-R50-50-MM-G20,Curdlan,Succinic anhydride modification,D5,N2,0.5,0.5,Medium,2,,,,,,,
C-SA-D5-N2-R50-50-ML-G01,Curdlan,Succinic anhydride modification,D5,N2,0.5,0.5,Low,0.1,,,,,,,
C-SA-D5-N2-R50-50-ML-G08,Curdlan,Succinic anhydride modification,D5,N2,0.5,0.5,Low,0.8,,,,,,,
C-SA-D5-N2-R50-50-ML-G20,Curdlan,Succinic anhydride modification,D5,N2,0.5,0.5,Low,2,,,,,,,
C-SA-D5-N2-R50-50-MU-G01,Curdlan,Succinic anhydride modification,D5,N2,0.5,0.5,Unspecified,0.1,,,,,,,
C-SA-D5-N2-R50-50-MU-G08,Curdlan,Succinic anhydride modification,D5,N2,0.5,0.5,Unspecified,0.8,,,,,,,
C-SA-D5-N2-R50-50-MU-G20,Curdlan,Succinic anhydride modification,D5,N2,0.5,0.5,Unspecified,2,,,,,,,
C-SA-D5-N3-R90-10-MH-G01,Curdlan,Succinic anhydride modification,D5,N3,0.9,0.1,High,0.1,,,,,,,
C-SA-D5-N3-R90-10-MH-G08,Curdlan,Succinic anhydride modification,D5,N3,0.9,0.1,High,0.8,,,,,,,
C-SA-D5-N3-R90-10-MH-G20,Curdlan,Succinic anhydride modification,D5,N3,0.9,0.1,High,2,,,,,,,
C-SA-D5-N3-R90-10-MM-G01,Curdlan,Succinic anhydride modification,D5,N3,0.9,0.1,Medium,0.1,,,,,,,
C-SA-D5-N3-R90-10-MM-G08,Curdlan,Succinic anhydride modification,D5,N3,0.9,0.1,Medium,0.8,,,,,,,
C-SA-D5-N3-R90-10-MM-G20,Curdlan,Succinic anhydride modification,D5,N3,0.9,0.1,Medium,2,,,,,,,
C-SA-D5-N3-R90-10-ML-G01,Curdlan,Succinic anhydride modification,D5,N3,0.9,0.1,Low,0.1,,,,,,,
C-SA-D5-N3-R90-10-ML-G08,Curdlan,Succinic anhydride modification,D5,N3,0.9,0.1,Low,0.8,,,,,,,
C-SA-D5-N3-R90-10-ML-G20,Curdlan,Succinic anhydride modification,D5,N3,0.9,0.1,Low,2,,,,,,,
C-SA-D5-N3-R90-10-MU-G01,Curdlan,Succinic anhydride modification,D5,N3,0.9,0.1,Unspecified,0.1,,,,,,,
C-SA-D5-N3-R90-10-MU-G08,Curdlan,Succinic anhydride modification,D5,N3,0.9,0.1,Unspecified,0.8,,,,,,,
C-SA-D5-N3-R90-10-MU-G20,Curdlan,Succinic anhydride modification,D5,N3,0.9,0.1,Unspecified,2,,,,,,,
C-SA-D5-N3-R70-30-MH-G01,Curdlan,Succinic anhydride modification,D5,N3,0.7,0.3,High,0.1,,,,,,,
C-SA-D5-N3-R70-30-MH-G08,Curdlan,Succinic anhydride modification,D5,N3,0.7,0.3,High,0.8,,,,,,,
C-SA-D5-N3-R70-30-MH-G20,Curdlan,Succinic anhydride modification,D5,N3,0.7,0.3,High,2,,,,,,,
C-SA-D5-N3-R70-30-MM-G01,Curdlan,Succinic anhydride modification,D5,N3,0.7,0.3,Medium,0.1,,,,,,,
C-SA-D5-N3-R70-30-MM-G08,Curdlan,Succinic anhydride modification,D5,N3,0.7,0.3,Medium,0.8,,,,,,,
C-SA-D5-N3-R70-30-MM-G20,Curdlan,Succinic anhydride modification,D5,N3,0.7,0.3,Medium,2,,,,,,,
C-SA-D5-N3-R70-30-ML-G01,Curdlan,Succinic anhydride modification,D5,N3,0.7,0.3,Low,0.1,,,,,,,
C-SA-D5-N3-R70-30-ML-G08,Curdlan,Succinic anhydride modification,D5,N3,0.7,0.3,Low,0.8,,,,,,,
C-SA-D5-N3-R70-30-ML-G20,Curdlan,Succinic anhydride modification,D5,N3,0.7,0.3,Low,2,,,,,,,
C-SA-D5-N3-R70-30-MU-G01,Curdlan,Succinic anhydride modification,D5,N3,0.7,0.3,Unspecified,0.1,,,,,,,
C-SA-D5-N3-R70-30-MU-G08,Curdlan,Succinic anhydride modification,D5,N3,0.7,0.3,Unspecified,0.8,,,,,,,
C-SA-D5-N3-R70-30-MU-G20,Curdlan,Succinic anhydride modification,D5,N3,0.7,0.3,Unspecified,2,,,,,,,
C-SA-D5-N3-R50-50-MH-G01,Curdlan,Succinic anhydride modification,D5,N3,0.5,0.5,High,0.1,,,,,,,
C-SA-D5-N3-R50-50-MH-G08,Curdlan,Succinic anhydride modification,D5,N3,0.5,0.5,High,0.8,,,,,,,
C-SA-D5-N3-R50-50-MH-G20,Curdlan,Succinic anhydride modification,D5,N3,0.5,0.5,High,2,,,,,,,
C-SA-D5-N3-R50-50-MM-G01,Curdlan,Succinic anhydride modification,D5,N3,0.5,0.5,Medium,0.1,,,,,,,
C-SA-D5-N3-R50-50-MM-G08,Curdlan,Succinic anhydride modification,D5,N3,0.5,0.5,Medium,0.8,,,,,,,
C-SA-D5-N3-R50-50-MM-G20,Curdlan,Succinic anhydride modification,D5,N3,0.5,0.5,Medium,2,,,,,,,
C-SA-D5-N3-R50-50-ML-G01,Curdlan,Succinic anhydride modification,D5,N3,0.5,0.5,Low,0.1,,,,,,,
C-SA-D5-N3-R50-50-ML-G08,Curdlan,Succinic anhydride modification,D5,N3,0.5,0.5,Low,0.8,,,,,,,
C-SA-D5-N3-R50-50-ML-G20,Curdlan,Succinic anhydride modification,D5,N3,0.5,0.5,Low,2,,,,,,,
C-SA-D5-N3-R50-50-MU-G01,Curdlan,Succinic anhydride modification,D5,N3,0.5,0.5,Unspecified,0.1,,,,,,,
C-SA-D5-N3-R50-50-MU-G08,Curdlan,Succinic anhydride modification,D5,N3,0.5,0.5,Unspecified,0.8,,,,,,,
C-SA-D5-N3-R50-50-MU-G20,Curdlan,Succinic anhydride modification,D5,N3,0.5,0.5,Unspecified,2,,,,,,,
C-SA-D5-N4-R90-10-MH-G01,Curdlan,Succinic anhydride modification,D5,N4,0.9,0.1,High,0.1,,,,,,,
C-SA-D5-N4-R90-10-MH-G08,Curdlan,Succinic anhydride modification,D5,N4,0.9,0.1,High,0.8,,,,,,,
C-SA-D5-N4-R90-10-MH-G20,Curdlan,Succinic anhydride modification,D5,N4,0.9,0.1,High,2,,,,,,,
C-SA-D5-N4-R90-10-MM-G01,Curdlan,Succinic anhydride modification,D5,N4,0.9,0.1,Medium,0.1,,,,,,,
C-SA-D5-N4-R90-10-MM-G08,Curdlan,Succinic anhydride modification,D5,N4,0.9,0.1,Medium,0.8,,,,,,,
C-SA-D5-N4-R90-10-MM-G20,Curdlan,Succinic anhydride modification,D5,N4,0.9,0.1,Medium,2,,,,,,,
C-SA-D5-N4-R90-10-ML-G01,Curdlan,Succinic anhydride modification,D5,N4,0.9,0.1,Low,0.1,,,,,,,
C-SA-D5-N4-R90-10-ML-G08,Curdlan,Succinic anhydride modification,D5,N4,0.9,0.1,Low,0.8,,,,,,,
C-SA-D5-N4-R90-10-ML-G20,Curdlan,Succinic anhydride modification,D5,N4,0.9,0.1,Low,2,,,,,,,
C-SA-D5-N4-R90-10-MU-G01,Curdlan,Succinic anhydride modification,D5,N4,0.9,0.1,Unspecified,0.1,,,,,,,
C-SA-D5-N4-R90-10-MU-G08,Curdlan,Succinic anhydride modification,D5,N4,0.9,0.1,Unspecified,0.8,,,,,,,
C-SA-D5-N4-R90-10-MU-G20,Curdlan,Succinic anhydride modification,D5,N4,0.9,0.1,Unspecified,2,,,,,,,
C-SA-D5-N4-R70-30-MH-G01,Curdlan,Succinic anhydride modification,D5,N4,0.7,0.3,High,0.1,,,,,,,
C-SA-D5-N4-R70-30-MH-G08,Curdlan,Succinic anhydride modification,D5,N4,0.7,0.3,High,0.8,,,,,,,
C-SA-D5-N4-R70-30-MH-G20,Curdlan,Succinic anhydride modification,D5,N4,0.7,0.3,High,2,,,,,,,
C-SA-D5-N4-R70-30-MM-G01,Curdlan,Succinic anhydride modification,D5,N4,0.7,0.3,Medium,0.1,,,,,,,
C-SA-D5-N4-R70-30-MM-G08,Curdlan,Succinic anhydride modification,D5,N4,0.7,0.3,Medium,0.8,,,,,,,
C-SA-D5-N4-R70-30-MM-G20,Curdlan,Succinic anhydride modification,D5,N4,0.7,0.3,Medium,2,,,,,,,
C-SA-D5-N4-R70-30-ML-G01,Curdlan,Succinic anhydride modification,D5,N4,0.7,0.3,Low,0.1,,,,,,,
C-SA-D5-N4-R70-30-ML-G08,Curdlan,Succinic anhydride modification,D5,N4,0.7,0.3,Low,0.8,,,,,,,
C-SA-D5-N4-R70-30-ML-G20,Curdlan,Succinic anhydride modification,D5,N4,0.7,0.3,Low,2,,,,,,,
C-SA-D5-N4-R70-30-MU-G01,Curdlan,Succinic anhydride modification,D5,N4,0.7,0.3,Unspecified,0.1,,,,,,,
C-SA-D5-N4-R70-30-MU-G08,Curdlan,Succinic anhydride modification,D5,N4,0.7,0.3,Unspecified,0.8,,,,,,,
C-SA-D5-N4-R70-30-MU-G20,Curdlan,Succinic anhydride modification,D5,N4,0.7,0.3,Unspecified,2,,,,,,,
C-SA-D5-N4-R50-50-MH-G01,Curdlan,Succinic anhydride modification,D5,N4,0.5,0.5,High,0.1,,,,,,,
C-SA-D5-N4-R50-50-MH-G08,Curdlan,Succinic anhydride modification,D5,N4,0.5,0.5,High,0.8,,,,,,,
C-SA-D5-N4-R50-50-MH-G20,Curdlan,Succinic anhydride modification,D5,N4,0.5,0.5,High,2,,,,,,,
C-SA-D5-N4-R50-50-MM-G01,Curdlan,Succinic anhydride modification,D5,N4,0.5,0.5,Medium,0.1,,,,,,,
C-SA-D5-N4-R50-50-MM-G08,Curdlan,Succinic anhydride modification,D5,N4,0.5,0.5,Medium,0.8,,,,,,,
C-SA-D5-N4-R50-50-MM-G20,Curdlan,Succinic anhydride modification,D5,N4,0.5,0.5,Medium,2,,,,,,,
C-SA-D5-N4-R50-50-ML-G01,Curdlan,Succinic anhydride modification,D5,N4,0.5,0.5,Low,0.1,,,,,,,
C-SA-D5-N4-R50-50-ML-G08,Curdlan,Succinic anhydride modification,D5,N4,0.5,0.5,Low,0.8,,,,,,,
C-SA-D5-N4-R50-50-ML-G20,Curdlan,Succinic anhydride modification,D5,N4,0.5,0.5,Low,2,,,,,,,
C-SA-D5-N4-R50-50-MU-G01,Curdlan,Succinic anhydride modification,D5,N4,0.5,0.5,Unspecified,0.1,,,,,,,
C-SA-D5-N4-R50-50-MU-G08,Curdlan,Succinic anhydride modification,D5,N4,0.5,0.5,Unspecified,0.8,,,,,,,
C-SA-D5-N4-R50-50-MU-G20,Curdlan,Succinic anhydride modification,D5,N4,0.5,0.5,Unspecified,2,,,,,,,
C-SA-D5-N5-R90-10-MH-G01,Curdlan,Succinic anhydride modification,D5,N5,0.9,0.1,High,0.1,,,,,,,
C-SA-D5-N5-R90-10-MH-G08,Curdlan,Succinic anhydride modification,D5,N5,0.9,0.1,High,0.8,,,,,,,
C-SA-D5-N5-R90-10-MH-G20,Curdlan,Succinic anhydride modification,D5,N5,0.9,0.1,High,2,,,,,,,
C-SA-D5-N5-R90-10-MM-G01,Curdlan,Succinic anhydride modification,D5,N5,0.9,0.1,Medium,0.1,,,,,,,
C-SA-D5-N5-R90-10-MM-G08,Curdlan,Succinic anhydride modification,D5,N5,0.9,0.1,Medium,0.8,,,,,,,
C-SA-D5-N5-R90-10-MM-G20,Curdlan,Succinic anhydride modification,D5,N5,0.9,0.1,Medium,2,,,,,,,
C-SA-D5-N5-R90-10-ML-G01,Curdlan,Succinic anhydride modification,D5,N5,0.9,0.1,Low,0.1,,,,,,,
C-SA-D5-N5-R90-10-ML-G08,Curdlan,Succinic anhydride modification,D5,N5,0.9,0.1,Low,0.8,,,,,,,
C-SA-D5-N5-R90-10-ML-G20,Curdlan,Succinic anhydride modification,D5,N5,0.9,0.1,Low,2,,,,,,,
C-SA-D5-N5-R90-10-MU-G01,Curdlan,Succinic anhydride modification,D5,N5,0.9,0.1,Unspecified,0.1,,,,,,,
C-SA-D5-N5-R90-10-MU-G08,Curdlan,Succinic anhydride modification,D5,N5,0.9,0.1,Unspecified,0.8,,,,,,,
C-SA-D5-N5-R90-10-MU-G20,Curdlan,Succinic anhydride modification,D5,N5,0.9,0.1,Unspecified,2,,,,,,,
C-SA-D5-N5-R70-30-MH-G01,Curdlan,Succinic anhydride modification,D5,N5,0.7,0.3,High,0.1,,,,,,,
C-SA-D5-N5-R70-30-MH-G08,Curdlan,Succinic anhydride modification,D5,N5,0.7,0.3,High,0.8,,,,,,,
C-SA-D5-N5-R70-30-MH-G20,Curdlan,Succinic anhydride modification,D5,N5,0.7,0.3,High,2,,,,,,,
C-SA-D5-N5-R70-30-MM-G01,Curdlan,Succinic anhydride modification,D5,N5,0.7,0.3,Medium,0.1,,,,,,,
C-SA-D5-N5-R70-30-MM-G08,Curdlan,Succinic anhydride modification,D5,N5,0.7,0.3,Medium,0.8,,,,,,,
C-SA-D5-N5-R70-30-MM-G20,Curdlan,Succinic anhydride modification,D5,N5,0.7,0.3,Medium,2,,,,,,,
C-SA-D5-N5-R70-30-ML-G01,Curdlan,Succinic anhydride modification,D5,N5,0.7,0.3,Low,0.1,,,,,,,
C-SA-D5-N5-R70-30-ML-G08,Curdlan,Succinic anhydride modification,D5,N5,0.7,0.3,Low,0.8,,,,,,,
C-SA-D5-N5-R70-30-ML-G20,Curdlan,Succinic anhydride modification,D5,N5,0.7,0.3,Low,2,,,,,,,
C-SA-D5-N5-R70-30-MU-G01,Curdlan,Succinic anhydride modification,D5,N5,0.7,0.3,Unspecified,0.1,,,,,,,
C-SA-D5-N5-R70-30-MU-G08,Curdlan,Succinic anhydride modification,D5,N5,0.7,0.3,Unspecified,0.8,,,,,,,
C-SA-D5-N5-R70-30-MU-G20,Curdlan,Succinic anhydride modification,D5,N5,0.7,0.3,Unspecified,2,,,,,,,
C-SA-D5-N5-R50-50-MH-G01,Curdlan,Succinic anhydride modification,D5,N5,0.5,0.5,High,0.1,,,,,,,
C-SA-D5-N5-R50-50-MH-G08,Curdlan,Succinic anhydride modification,D5,N5,0.5,0.5,High,0.8,,,,,,,
C-SA-D5-N5-R50-50-MH-G20,Curdlan,Succinic anhydride modification,D5,N5,0.5,0.5,High,2,,,,,,,
C-SA-D5-N5-R50-50-MM-G01,Curdlan,Succinic anhydride modification,D5,N5,0.5,0.5,Medium,0.1,,,,,,,
C-SA-D5-N5-R50-50-MM-G08,Curdlan,Succinic anhydride modification,D5,N5,0.5,0.5,Medium,0.8,,,,,,,
C-SA-D5-N5-R50-50-MM-G20,Curdlan,Succinic anhydride modification,D5,N5,0.5,0.5,Medium,2,,,,,,,
C-SA-D5-N5-R50-50-ML-G01,Curdlan,Succinic anhydride modification,D5,N5,0.5,0.5,Low,0.1,,,,,,,
C-SA-D5-N5-R50-50-ML-G08,Curdlan,Succinic anhydride modification,D5,N5,0.5,0.5,Low,0.8,,,,,,,
C-SA-D5-N5-R50-50-ML-G20,Curdlan,Succinic anhydride modification,D5,N5,0.5,0.5,Low,2,,,,,,,
C-SA-D5-N5-R50-50-MU-G01,Curdlan,Succinic anhydride modification,D5,N5,0.5,0.5,Unspecified,0.1,,,,,,,
C-SA-D5-N5-R50-50-MU-G08,Curdlan,Succinic anhydride modification,D5,N5,0.5,0.5,Unspecified,0.8,,,,,,,
C-SA-D5-N5-R50-50-MU-G20,Curdlan,Succinic anhydride modification,D5,N5,0.5,0.5,Unspecified,2,,,,,,,
C-SA-D5-N6-R90-10-MH-G01,Curdlan,Succinic anhydride modification,D5,N6,0.9,0.1,High,0.1,,,,,,,
C-SA-D5-N6-R90-10-MH-G08,Curdlan,Succinic anhydride modification,D5,N6,0.9,0.1,High,0.8,,,,,,,
C-SA-D5-N6-R90-10-MH-G20,Curdlan,Succinic anhydride modification,D5,N6,0.9,0.1,High,2,,,,,,,
C-SA-D5-N6-R90-10-MM-G01,Curdlan,Succinic anhydride modification,D5,N6,0.9,0.1,Medium,0.1,,,,,,,
C-SA-D5-N6-R90-10-MM-G08,Curdlan,Succinic anhydride modification,D5,N6,0.9,0.1,Medium,0.8,,,,,,,
C-SA-D5-N6-R90-10-MM-G20,Curdlan,Succinic anhydride modification,D5,N6,0.9,0.1,Medium,2,,,,,,,
C-SA-D5-N6-R90-10-ML-G01,Curdlan,Succinic anhydride modification,D5,N6,0.9,0.1,Low,0.1,,,,,,,
C-SA-D5-N6-R90-10-ML-G08,Curdlan,Succinic anhydride modification,D5,N6,0.9,0.1,Low,0.8,,,,,,,
C-SA-D5-N6-R90-10-ML-G20,Curdlan,Succinic anhydride modification,D5,N6,0.9,0.1,Low,2,,,,,,,
C-SA-D5-N6-R90-10-MU-G01,Curdlan,Succinic anhydride modification,D5,N6,0.9,0.1,Unspecified,0.1,,,,,,,
C-SA-D5-N6-R90-10-MU-G08,Curdlan,Succinic anhydride modification,D5,N6,0.9,0.1,Unspecified,0.8,,,,,,,
C-SA-D5-N6-R90-10-MU-G20,Curdlan,Succinic anhydride modification,D5,N6,0.9,0.1,Unspecified,2,,,,,,,
C-SA-D5-N6-R70-30-MH-G01,Curdlan,Succinic anhydride modification,D5,N6,0.7,0.3,High,0.1,,,,,,,
C-SA-D5-N6-R70-30-MH-G08,Curdlan,Succinic anhydride modification,D5,N6,0.7,0.3,High,0.8,,,,,,,
C-SA-D5-N6-R70-30-MH-G20,Curdlan,Succinic anhydride modification,D5,N6,0.7,0.3,High,2,,,,,,,
C-SA-D5-N6-R70-30-MM-G01,Curdlan,Succinic anhydride modification,D5,N6,0.7,0.3,Medium,0.1,,,,,,,
C-SA-D5-N6-R70-30-MM-G08,Curdlan,Succinic anhydride modification,D5,N6,0.7,0.3,Medium,0.8,,,,,,,
C-SA-D5-N6-R70-30-MM-G20,Curdlan,Succinic anhydride modification,D5,N6,0.7,0.3,Medium,2,,,,,,,
C-SA-D5-N6-R70-30-ML-G01,Curdlan,Succinic anhydride modification,D5,N6,0.7,0.3,Low,0.1,,,,,,,
C-SA-D5-N6-R70-30-ML-G08,Curdlan,Succinic anhydride modification,D5,N6,0.7,0.3,Low,0.8,,,,,,,
C-SA-D5-N6-R70-30-ML-G20,Curdlan,Succinic anhydride modification,D5,N6,0.7,0.3,Low,2,,,,,,,
C-SA-D5-N6-R70-30-MU-G01,Curdlan,Succinic anhydride modification,D5,N6,0.7,0.3,Unspecified,0.1,,,,,,,
C-SA-D5-N6-R70-30-MU-G08,Curdlan,Succinic anhydride modification,D5,N6,0.7,0.3,Unspecified,0.8,,,,,,,
C-SA-D5-N6-R70-30-MU-G20,Curdlan,Succinic anhydride modification,D5,N6,0.7,0.3,Unspecified,2,,,,,,,
C-SA-D5-N6-R50-50-MH-G01,Curdlan,Succinic anhydride modification,D5,N6,0.5,0.5,High,0.1,,,,,,,
C-SA-D5-N6-R50-50-MH-G08,Curdlan,Succinic anhydride modification,D5,N6,0.5,0.5,High,0.8,,,,,,,
C-SA-D5-N6-R50-50-MH-G20,Curdlan,Succinic anhydride modification,D5,N6,0.5,0.5,High,2,,,,,,,
C-SA-D5-N6-R50-50-MM-G01,Curdlan,Succinic anhydride modification,D5,N6,0.5,0.5,Medium,0.1,,,,,,,
C-SA-D5-N6-R50-50-MM-G08,Curdlan,Succinic anhydride modification,D5,N6,0.5,0.5,Medium,0.8,,,,,,,
C-SA-D5-N6-R50-50-MM-G20,Curdlan,Succinic anhydride modification,D5,N6,0.5,0.5,Medium,2,,,,,,,
C-SA-D5-N6-R50-50-ML-G01,Curdlan,Succinic anhydride modification,D5,N6,0.5,0.5,Low,0.1,,,,,,,
C-SA-D5-N6-R50-50-ML-G08,Curdlan,Succinic anhydride modification,D5,N6,0.5,0.5,Low,0.8,,,,,,,
C-SA-D5-N6-R50-50-ML-G20,Curdlan,Succinic anhydride modification,D5,N6,0.5,0.5,Low,2,,,,,,,
C-SA-D5-N6-R50-50-MU-G01,Curdlan,Succinic anhydride modification,D5,N6,0.5,0.5,Unspecified,0.1,,,,,,,
C-SA-D5-N6-R50-50-MU-G08,Curdlan,Succinic anhydride modification,D5,N6,0.5,0.5,Unspecified,0.8,,,,,,,
C-SA-D5-N6-R50-50-MU-G20,Curdlan,Succinic anhydride modification,D5,N6,0.5,0.5,Unspecified,2,,,,,,,
C-HO-D1-N1-R90-10-MH-G01,Curdlan,H?O? oxidation,D1,N1,0.9,0.1,High,0.1,,,,,,,
C-HO-D1-N1-R90-10-MH-G08,Curdlan,H?O? oxidation,D1,N1,0.9,0.1,High,0.8,,,,,,,
C-HO-D1-N1-R90-10-MH-G20,Curdlan,H?O? oxidation,D1,N1,0.9,0.1,High,2,,,,,,,
C-HO-D1-N1-R90-10-MM-G01,Curdlan,H?O? oxidation,D1,N1,0.9,0.1,Medium,0.1,,,,,,,
C-HO-D1-N1-R90-10-MM-G08,Curdlan,H?O? oxidation,D1,N1,0.9,0.1,Medium,0.8,,,,,,,
C-HO-D1-N1-R90-10-MM-G20,Curdlan,H?O? oxidation,D1,N1,0.9,0.1,Medium,2,,,,,,,
C-HO-D1-N1-R90-10-ML-G01,Curdlan,H?O? oxidation,D1,N1,0.9,0.1,Low,0.1,,,,,,,
C-HO-D1-N1-R90-10-ML-G08,Curdlan,H?O? oxidation,D1,N1,0.9,0.1,Low,0.8,,,,,,,
C-HO-D1-N1-R90-10-ML-G20,Curdlan,H?O? oxidation,D1,N1,0.9,0.1,Low,2,,,,,,,
C-HO-D1-N1-R90-10-MU-G01,Curdlan,H?O? oxidation,D1,N1,0.9,0.1,Unspecified,0.1,,,,,,,
C-HO-D1-N1-R90-10-MU-G08,Curdlan,H?O? oxidation,D1,N1,0.9,0.1,Unspecified,0.8,,,,,,,
C-HO-D1-N1-R90-10-MU-G20,Curdlan,H?O? oxidation,D1,N1,0.9,0.1,Unspecified,2,,,,,,,
C-HO-D1-N1-R70-30-MH-G01,Curdlan,H?O? oxidation,D1,N1,0.7,0.3,High,0.1,,,,,,,
C-HO-D1-N1-R70-30-MH-G08,Curdlan,H?O? oxidation,D1,N1,0.7,0.3,High,0.8,,,,,,,
C-HO-D1-N1-R70-30-MH-G20,Curdlan,H?O? oxidation,D1,N1,0.7,0.3,High,2,,,,,,,
C-HO-D1-N1-R70-30-MM-G01,Curdlan,H?O? oxidation,D1,N1,0.7,0.3,Medium,0.1,,,,,,,
C-HO-D1-N1-R70-30-MM-G08,Curdlan,H?O? oxidation,D1,N1,0.7,0.3,Medium,0.8,,,,,,,
C-HO-D1-N1-R70-30-MM-G20,Curdlan,H?O? oxidation,D1,N1,0.7,0.3,Medium,2,,,,,,,
C-HO-D1-N1-R70-30-ML-G01,Curdlan,H?O? oxidation,D1,N1,0.7,0.3,Low,0.1,,,,,,,
C-HO-D1-N1-R70-30-ML-G08,Curdlan,H?O? oxidation,D1,N1,0.7,0.3,Low,0.8,,,,,,,
C-HO-D1-N1-R70-30-ML-G20,Curdlan,H?O? oxidation,D1,N1,0.7,0.3,Low,2,,,,,,,
C-HO-D1-N1-R70-30-MU-G01,Curdlan,H?O? oxidation,D1,N1,0.7,0.3,Unspecified,0.1,,,,,,,
C-HO-D1-N1-R70-30-MU-G08,Curdlan,H?O? oxidation,D1,N1,0.7,0.3,Unspecified,0.8,,,,,,,
C-HO-D1-N1-R70-30-MU-G20,Curdlan,H?O? oxidation,D1,N1,0.7,0.3,Unspecified,2,,,,,,,
C-HO-D1-N1-R50-50-MH-G01,Curdlan,H?O? oxidation,D1,N1,0.5,0.5,High,0.1,,,,,,,
C-HO-D1-N1-R50-50-MH-G08,Curdlan,H?O? oxidation,D1,N1,0.5,0.5,High,0.8,,,,,,,
C-HO-D1-N1-R50-50-MH-G20,Curdlan,H?O? oxidation,D1,N1,0.5,0.5,High,2,,,,,,,
C-HO-D1-N1-R50-50-MM-G01,Curdlan,H?O? oxidation,D1,N1,0.5,0.5,Medium,0.1,,,,,,,
C-HO-D1-N1-R50-50-MM-G08,Curdlan,H?O? oxidation,D1,N1,0.5,0.5,Medium,0.8,,,,,,,
C-HO-D1-N1-R50-50-MM-G20,Curdlan,H?O? oxidation,D1,N1,0.5,0.5,Medium,2,,,,,,,
C-HO-D1-N1-R50-50-ML-G01,Curdlan,H?O? oxidation,D1,N1,0.5,0.5,Low,0.1,,,,,,,
C-HO-D1-N1-R50-50-ML-G08,Curdlan,H?O? oxidation,D1,N1,0.5,0.5,Low,0.8,,,,,,,
C-HO-D1-N1-R50-50-ML-G20,Curdlan,H?O? oxidation,D1,N1,0.5,0.5,Low,2,,,,,,,
C-HO-D1-N1-R50-50-MU-G01,Curdlan,H?O? oxidation,D1,N1,0.5,0.5,Unspecified,0.1,,,,,,,
C-HO-D1-N1-R50-50-MU-G08,Curdlan,H?O? oxidation,D1,N1,0.5,0.5,Unspecified,0.8,,,,,,,
C-HO-D1-N1-R50-50-MU-G20,Curdlan,H?O? oxidation,D1,N1,0.5,0.5,Unspecified,2,,,,,,,
C-HO-D1-N2-R90-10-MH-G01,Curdlan,H?O? oxidation,D1,N2,0.9,0.1,High,0.1,,,,,,,
C-HO-D1-N2-R90-10-MH-G08,Curdlan,H?O? oxidation,D1,N2,0.9,0.1,High,0.8,,,,,,,
C-HO-D1-N2-R90-10-MH-G20,Curdlan,H?O? oxidation,D1,N2,0.9,0.1,High,2,,,,,,,
C-HO-D1-N2-R90-10-MM-G01,Curdlan,H?O? oxidation,D1,N2,0.9,0.1,Medium,0.1,,,,,,,
C-HO-D1-N2-R90-10-MM-G08,Curdlan,H?O? oxidation,D1,N2,0.9,0.1,Medium,0.8,,,,,,,
C-HO-D1-N2-R90-10-MM-G20,Curdlan,H?O? oxidation,D1,N2,0.9,0.1,Medium,2,,,,,,,
C-HO-D1-N2-R90-10-ML-G01,Curdlan,H?O? oxidation,D1,N2,0.9,0.1,Low,0.1,,,,,,,
C-HO-D1-N2-R90-10-ML-G08,Curdlan,H?O? oxidation,D1,N2,0.9,0.1,Low,0.8,,,,,,,
C-HO-D1-N2-R90-10-ML-G20,Curdlan,H?O? oxidation,D1,N2,0.9,0.1,Low,2,,,,,,,
C-HO-D1-N2-R90-10-MU-G01,Curdlan,H?O? oxidation,D1,N2,0.9,0.1,Unspecified,0.1,,,,,,,
C-HO-D1-N2-R90-10-MU-G08,Curdlan,H?O? oxidation,D1,N2,0.9,0.1,Unspecified,0.8,,,,,,,
C-HO-D1-N2-R90-10-MU-G20,Curdlan,H?O? oxidation,D1,N2,0.9,0.1,Unspecified,2,,,,,,,
C-HO-D1-N2-R70-30-MH-G01,Curdlan,H?O? oxidation,D1,N2,0.7,0.3,High,0.1,,,,,,,
C-HO-D1-N2-R70-30-MH-G08,Curdlan,H?O? oxidation,D1,N2,0.7,0.3,High,0.8,,,,,,,
C-HO-D1-N2-R70-30-MH-G20,Curdlan,H?O? oxidation,D1,N2,0.7,0.3,High,2,,,,,,,
C-HO-D1-N2-R70-30-MM-G01,Curdlan,H?O? oxidation,D1,N2,0.7,0.3,Medium,0.1,,,,,,,
C-HO-D1-N2-R70-30-MM-G08,Curdlan,H?O? oxidation,D1,N2,0.7,0.3,Medium,0.8,,,,,,,
C-HO-D1-N2-R70-30-MM-G20,Curdlan,H?O? oxidation,D1,N2,0.7,0.3,Medium,2,,,,,,,
C-HO-D1-N2-R70-30-ML-G01,Curdlan,H?O? oxidation,D1,N2,0.7,0.3,Low,0.1,,,,,,,
C-HO-D1-N2-R70-30-ML-G08,Curdlan,H?O? oxidation,D1,N2,0.7,0.3,Low,0.8,,,,,,,
C-HO-D1-N2-R70-30-ML-G20,Curdlan,H?O? oxidation,D1,N2,0.7,0.3,Low,2,,,,,,,
C-HO-D1-N2-R70-30-MU-G01,Curdlan,H?O? oxidation,D1,N2,0.7,0.3,Unspecified,0.1,,,,,,,
C-HO-D1-N2-R70-30-MU-G08,Curdlan,H?O? oxidation,D1,N2,0.7,0.3,Unspecified,0.8,,,,,,,
C-HO-D1-N2-R70-30-MU-G20,Curdlan,H?O? oxidation,D1,N2,0.7,0.3,Unspecified,2,,,,,,,
C-HO-D1-N2-R50-50-MH-G01,Curdlan,H?O? oxidation,D1,N2,0.5,0.5,High,0.1,,,,,,,
C-HO-D1-N2-R50-50-MH-G08,Curdlan,H?O? oxidation,D1,N2,0.5,0.5,High,0.8,,,,,,,
C-HO-D1-N2-R50-50-MH-G20,Curdlan,H?O? oxidation,D1,N2,0.5,0.5,High,2,,,,,,,
C-HO-D1-N2-R50-50-MM-G01,Curdlan,H?O? oxidation,D1,N2,0.5,0.5,Medium,0.1,,,,,,,
C-HO-D1-N2-R50-50-MM-G08,Curdlan,H?O? oxidation,D1,N2,0.5,0.5,Medium,0.8,,,,,,,
C-HO-D1-N2-R50-50-MM-G20,Curdlan,H?O? oxidation,D1,N2,0.5,0.5,Medium,2,,,,,,,
C-HO-D1-N2-R50-50-ML-G01,Curdlan,H?O? oxidation,D1,N2,0.5,0.5,Low,0.1,,,,,,,
C-HO-D1-N2-R50-50-ML-G08,Curdlan,H?O? oxidation,D1,N2,0.5,0.5,Low,0.8,,,,,,,
C-HO-D1-N2-R50-50-ML-G20,Curdlan,H?O? oxidation,D1,N2,0.5,0.5,Low,2,,,,,,,
C-HO-D1-N2-R50-50-MU-G01,Curdlan,H?O? oxidation,D1,N2,0.5,0.5,Unspecified,0.1,,,,,,,
C-HO-D1-N2-R50-50-MU-G08,Curdlan,H?O? oxidation,D1,N2,0.5,0.5,Unspecified,0.8,,,,,,,
C-HO-D1-N2-R50-50-MU-G20,Curdlan,H?O? oxidation,D1,N2,0.5,0.5,Unspecified,2,,,,,,,
C-HO-D1-N3-R90-10-MH-G01,Curdlan,H?O? oxidation,D1,N3,0.9,0.1,High,0.1,,,,,,,
C-HO-D1-N3-R90-10-MH-G08,Curdlan,H?O? oxidation,D1,N3,0.9,0.1,High,0.8,,,,,,,
C-HO-D1-N3-R90-10-MH-G20,Curdlan,H?O? oxidation,D1,N3,0.9,0.1,High,2,,,,,,,
C-HO-D1-N3-R90-10-MM-G01,Curdlan,H?O? oxidation,D1,N3,0.9,0.1,Medium,0.1,,,,,,,
C-HO-D1-N3-R90-10-MM-G08,Curdlan,H?O? oxidation,D1,N3,0.9,0.1,Medium,0.8,,,,,,,
C-HO-D1-N3-R90-10-MM-G20,Curdlan,H?O? oxidation,D1,N3,0.9,0.1,Medium,2,,,,,,,
C-HO-D1-N3-R90-10-ML-G01,Curdlan,H?O? oxidation,D1,N3,0.9,0.1,Low,0.1,,,,,,,
C-HO-D1-N3-R90-10-ML-G08,Curdlan,H?O? oxidation,D1,N3,0.9,0.1,Low,0.8,,,,,,,
C-HO-D1-N3-R90-10-ML-G20,Curdlan,H?O? oxidation,D1,N3,0.9,0.1,Low,2,,,,,,,
C-HO-D1-N3-R90-10-MU-G01,Curdlan,H?O? oxidation,D1,N3,0.9,0.1,Unspecified,0.1,,,,,,,
C-HO-D1-N3-R90-10-MU-G08,Curdlan,H?O? oxidation,D1,N3,0.9,0.1,Unspecified,0.8,,,,,,,
C-HO-D1-N3-R90-10-MU-G20,Curdlan,H?O? oxidation,D1,N3,0.9,0.1,Unspecified,2,,,,,,,
C-HO-D1-N3-R70-30-MH-G01,Curdlan,H?O? oxidation,D1,N3,0.7,0.3,High,0.1,,,,,,,
C-HO-D1-N3-R70-30-MH-G08,Curdlan,H?O? oxidation,D1,N3,0.7,0.3,High,0.8,,,,,,,
C-HO-D1-N3-R70-30-MH-G20,Curdlan,H?O? oxidation,D1,N3,0.7,0.3,High,2,,,,,,,
C-HO-D1-N3-R70-30-MM-G01,Curdlan,H?O? oxidation,D1,N3,0.7,0.3,Medium,0.1,,,,,,,
C-HO-D1-N3-R70-30-MM-G08,Curdlan,H?O? oxidation,D1,N3,0.7,0.3,Medium,0.8,,,,,,,
C-HO-D1-N3-R70-30-MM-G20,Curdlan,H?O? oxidation,D1,N3,0.7,0.3,Medium,2,,,,,,,
C-HO-D1-N3-R70-30-ML-G01,Curdlan,H?O? oxidation,D1,N3,0.7,0.3,Low,0.1,,,,,,,
C-HO-D1-N3-R70-30-ML-G08,Curdlan,H?O? oxidation,D1,N3,0.7,0.3,Low,0.8,,,,,,,
C-HO-D1-N3-R70-30-ML-G20,Curdlan,H?O? oxidation,D1,N3,0.7,0.3,Low,2,,,,,,,
C-HO-D1-N3-R70-30-MU-G01,Curdlan,H?O? oxidation,D1,N3,0.7,0.3,Unspecified,0.1,,,,,,,
C-HO-D1-N3-R70-30-MU-G08,Curdlan,H?O? oxidation,D1,N3,0.7,0.3,Unspecified,0.8,,,,,,,
C-HO-D1-N3-R70-30-MU-G20,Curdlan,H?O? oxidation,D1,N3,0.7,0.3,Unspecified,2,,,,,,,
C-HO-D1-N3-R50-50-MH-G01,Curdlan,H?O? oxidation,D1,N3,0.5,0.5,High,0.1,,,,,,,
C-HO-D1-N3-R50-50-MH-G08,Curdlan,H?O? oxidation,D1,N3,0.5,0.5,High,0.8,,,,,,,
C-HO-D1-N3-R50-50-MH-G20,Curdlan,H?O? oxidation,D1,N3,0.5,0.5,High,2,,,,,,,
C-HO-D1-N3-R50-50-MM-G01,Curdlan,H?O? oxidation,D1,N3,0.5,0.5,Medium,0.1,,,,,,,
C-HO-D1-N3-R50-50-MM-G08,Curdlan,H?O? oxidation,D1,N3,0.5,0.5,Medium,0.8,,,,,,,
C-HO-D1-N3-R50-50-MM-G20,Curdlan,H?O? oxidation,D1,N3,0.5,0.5,Medium,2,,,,,,,
C-HO-D1-N3-R50-50-ML-G01,Curdlan,H?O? oxidation,D1,N3,0.5,0.5,Low,0.1,,,,,,,
C-HO-D1-N3-R50-50-ML-G08,Curdlan,H?O? oxidation,D1,N3,0.5,0.5,Low,0.8,,,,,,,
C-HO-D1-N3-R50-50-ML-G20,Curdlan,H?O? oxidation,D1,N3,0.5,0.5,Low,2,,,,,,,
C-HO-D1-N3-R50-50-MU-G01,Curdlan,H?O? oxidation,D1,N3,0.5,0.5,Unspecified,0.1,,,,,,,
C-HO-D1-N3-R50-50-MU-G08,Curdlan,H?O? oxidation,D1,N3,0.5,0.5,Unspecified,0.8,,,,,,,
C-HO-D1-N3-R50-50-MU-G20,Curdlan,H?O? oxidation,D1,N3,0.5,0.5,Unspecified,2,,,,,,,
C-HO-D1-N4-R90-10-MH-G01,Curdlan,H?O? oxidation,D1,N4,0.9,0.1,High,0.1,,,,,,,
C-HO-D1-N4-R90-10-MH-G08,Curdlan,H?O? oxidation,D1,N4,0.9,0.1,High,0.8,,,,,,,
C-HO-D1-N4-R90-10-MH-G20,Curdlan,H?O? oxidation,D1,N4,0.9,0.1,High,2,,,,,,,
C-HO-D1-N4-R90-10-MM-G01,Curdlan,H?O? oxidation,D1,N4,0.9,0.1,Medium,0.1,,,,,,,
C-HO-D1-N4-R90-10-MM-G08,Curdlan,H?O? oxidation,D1,N4,0.9,0.1,Medium,0.8,,,,,,,
C-HO-D1-N4-R90-10-MM-G20,Curdlan,H?O? oxidation,D1,N4,0.9,0.1,Medium,2,,,,,,,
C-HO-D1-N4-R90-10-ML-G01,Curdlan,H?O? oxidation,D1,N4,0.9,0.1,Low,0.1,,,,,,,
C-HO-D1-N4-R90-10-ML-G08,Curdlan,H?O? oxidation,D1,N4,0.9,0.1,Low,0.8,,,,,,,
C-HO-D1-N4-R90-10-ML-G20,Curdlan,H?O? oxidation,D1,N4,0.9,0.1,Low,2,,,,,,,
C-HO-D1-N4-R90-10-MU-G01,Curdlan,H?O? oxidation,D1,N4,0.9,0.1,Unspecified,0.1,,,,,,,
C-HO-D1-N4-R90-10-MU-G08,Curdlan,H?O? oxidation,D1,N4,0.9,0.1,Unspecified,0.8,,,,,,,
C-HO-D1-N4-R90-10-MU-G20,Curdlan,H?O? oxidation,D1,N4,0.9,0.1,Unspecified,2,,,,,,,
C-HO-D1-N4-R70-30-MH-G01,Curdlan,H?O? oxidation,D1,N4,0.7,0.3,High,0.1,,,,,,,
C-HO-D1-N4-R70-30-MH-G08,Curdlan,H?O? oxidation,D1,N4,0.7,0.3,High,0.8,,,,,,,
C-HO-D1-N4-R70-30-MH-G20,Curdlan,H?O? oxidation,D1,N4,0.7,0.3,High,2,,,,,,,
C-HO-D1-N4-R70-30-MM-G01,Curdlan,H?O? oxidation,D1,N4,0.7,0.3,Medium,0.1,,,,,,,
C-HO-D1-N4-R70-30-MM-G08,Curdlan,H?O? oxidation,D1,N4,0.7,0.3,Medium,0.8,,,,,,,
C-HO-D1-N4-R70-30-MM-G20,Curdlan,H?O? oxidation,D1,N4,0.7,0.3,Medium,2,,,,,,,
C-HO-D1-N4-R70-30-ML-G01,Curdlan,H?O? oxidation,D1,N4,0.7,0.3,Low,0.1,,,,,,,
C-HO-D1-N4-R70-30-ML-G08,Curdlan,H?O? oxidation,D1,N4,0.7,0.3,Low,0.8,,,,,,,
C-HO-D1-N4-R70-30-ML-G20,Curdlan,H?O? oxidation,D1,N4,0.7,0.3,Low,2,,,,,,,
C-HO-D1-N4-R70-30-MU-G01,Curdlan,H?O? oxidation,D1,N4,0.7,0.3,Unspecified,0.1,,,,,,,
C-HO-D1-N4-R70-30-MU-G08,Curdlan,H?O? oxidation,D1,N4,0.7,0.3,Unspecified,0.8,,,,,,,
C-HO-D1-N4-R70-30-MU-G20,Curdlan,H?O? oxidation,D1,N4,0.7,0.3,Unspecified,2,,,,,,,
C-HO-D1-N4-R50-50-MH-G01,Curdlan,H?O? oxidation,D1,N4,0.5,0.5,High,0.1,,,,,,,
C-HO-D1-N4-R50-50-MH-G08,Curdlan,H?O? oxidation,D1,N4,0.5,0.5,High,0.8,,,,,,,
C-HO-D1-N4-R50-50-MH-G20,Curdlan,H?O? oxidation,D1,N4,0.5,0.5,High,2,,,,,,,
C-HO-D1-N4-R50-50-MM-G01,Curdlan,H?O? oxidation,D1,N4,0.5,0.5,Medium,0.1,,,,,,,
C-HO-D1-N4-R50-50-MM-G08,Curdlan,H?O? oxidation,D1,N4,0.5,0.5,Medium,0.8,,,,,,,
C-HO-D1-N4-R50-50-MM-G20,Curdlan,H?O? oxidation,D1,N4,0.5,0.5,Medium,2,,,,,,,
C-HO-D1-N4-R50-50-ML-G01,Curdlan,H?O? oxidation,D1,N4,0.5,0.5,Low,0.1,,,,,,,
C-HO-D1-N4-R50-50-ML-G08,Curdlan,H?O? oxidation,D1,N4,0.5,0.5,Low,0.8,,,,,,,
C-HO-D1-N4-R50-50-ML-G20,Curdlan,H?O? oxidation,D1,N4,0.5,0.5,Low,2,,,,,,,
C-HO-D1-N4-R50-50-MU-G01,Curdlan,H?O? oxidation,D1,N4,0.5,0.5,Unspecified,0.1,,,,,,,
C-HO-D1-N4-R50-50-MU-G08,Curdlan,H?O? oxidation,D1,N4,0.5,0.5,Unspecified,0.8,,,,,,,
C-HO-D1-N4-R50-50-MU-G20,Curdlan,H?O? oxidation,D1,N4,0.5,0.5,Unspecified,2,,,,,,,
C-HO-D1-N5-R90-10-MH-G01,Curdlan,H?O? oxidation,D1,N5,0.9,0.1,High,0.1,,,,,,,
C-HO-D1-N5-R90-10-MH-G08,Curdlan,H?O? oxidation,D1,N5,0.9,0.1,High,0.8,,,,,,,
C-HO-D1-N5-R90-10-MH-G20,Curdlan,H?O? oxidation,D1,N5,0.9,0.1,High,2,,,,,,,
C-HO-D1-N5-R90-10-MM-G01,Curdlan,H?O? oxidation,D1,N5,0.9,0.1,Medium,0.1,,,,,,,
C-HO-D1-N5-R90-10-MM-G08,Curdlan,H?O? oxidation,D1,N5,0.9,0.1,Medium,0.8,,,,,,,
C-HO-D1-N5-R90-10-MM-G20,Curdlan,H?O? oxidation,D1,N5,0.9,0.1,Medium,2,,,,,,,
C-HO-D1-N5-R90-10-ML-G01,Curdlan,H?O? oxidation,D1,N5,0.9,0.1,Low,0.1,,,,,,,
C-HO-D1-N5-R90-10-ML-G08,Curdlan,H?O? oxidation,D1,N5,0.9,0.1,Low,0.8,,,,,,,
C-HO-D1-N5-R90-10-ML-G20,Curdlan,H?O? oxidation,D1,N5,0.9,0.1,Low,2,,,,,,,
C-HO-D1-N5-R90-10-MU-G01,Curdlan,H?O? oxidation,D1,N5,0.9,0.1,Unspecified,0.1,,,,,,,
C-HO-D1-N5-R90-10-MU-G08,Curdlan,H?O? oxidation,D1,N5,0.9,0.1,Unspecified,0.8,,,,,,,
C-HO-D1-N5-R90-10-MU-G20,Curdlan,H?O? oxidation,D1,N5,0.9,0.1,Unspecified,2,,,,,,,
C-HO-D1-N5-R70-30-MH-G01,Curdlan,H?O? oxidation,D1,N5,0.7,0.3,High,0.1,,,,,,,
C-HO-D1-N5-R70-30-MH-G08,Curdlan,H?O? oxidation,D1,N5,0.7,0.3,High,0.8,,,,,,,
C-HO-D1-N5-R70-30-MH-G20,Curdlan,H?O? oxidation,D1,N5,0.7,0.3,High,2,,,,,,,
C-HO-D1-N5-R70-30-MM-G01,Curdlan,H?O? oxidation,D1,N5,0.7,0.3,Medium,0.1,,,,,,,
C-HO-D1-N5-R70-30-MM-G08,Curdlan,H?O? oxidation,D1,N5,0.7,0.3,Medium,0.8,,,,,,,
C-HO-D1-N5-R70-30-MM-G20,Curdlan,H?O? oxidation,D1,N5,0.7,0.3,Medium,2,,,,,,,
C-HO-D1-N5-R70-30-ML-G01,Curdlan,H?O? oxidation,D1,N5,0.7,0.3,Low,0.1,,,,,,,
C-HO-D1-N5-R70-30-ML-G08,Curdlan,H?O? oxidation,D1,N5,0.7,0.3,Low,0.8,,,,,,,
C-HO-D1-N5-R70-30-ML-G20,Curdlan,H?O? oxidation,D1,N5,0.7,0.3,Low,2,,,,,,,
C-HO-D1-N5-R70-30-MU-G01,Curdlan,H?O? oxidation,D1,N5,0.7,0.3,Unspecified,0.1,,,,,,,
C-HO-D1-N5-R70-30-MU-G08,Curdlan,H?O? oxidation,D1,N5,0.7,0.3,Unspecified,0.8,,,,,,,
C-HO-D1-N5-R70-30-MU-G20,Curdlan,H?O? oxidation,D1,N5,0.7,0.3,Unspecified,2,,,,,,,
C-HO-D1-N5-R50-50-MH-G01,Curdlan,H?O? oxidation,D1,N5,0.5,0.5,High,0.1,,,,,,,
C-HO-D1-N5-R50-50-MH-G08,Curdlan,H?O? oxidation,D1,N5,0.5,0.5,High,0.8,,,,,,,
C-HO-D1-N5-R50-50-MH-G20,Curdlan,H?O? oxidation,D1,N5,0.5,0.5,High,2,,,,,,,
C-HO-D1-N5-R50-50-MM-G01,Curdlan,H?O? oxidation,D1,N5,0.5,0.5,Medium,0.1,,,,,,,
C-HO-D1-N5-R50-50-MM-G08,Curdlan,H?O? oxidation,D1,N5,0.5,0.5,Medium,0.8,,,,,,,
C-HO-D1-N5-R50-50-MM-G20,Curdlan,H?O? oxidation,D1,N5,0.5,0.5,Medium,2,,,,,,,
C-HO-D1-N5-R50-50-ML-G01,Curdlan,H?O? oxidation,D1,N5,0.5,0.5,Low,0.1,,,,,,,
C-HO-D1-N5-R50-50-ML-G08,Curdlan,H?O? oxidation,D1,N5,0.5,0.5,Low,0.8,,,,,,,
C-HO-D1-N5-R50-50-ML-G20,Curdlan,H?O? oxidation,D1,N5,0.5,0.5,Low,2,,,,,,,
C-HO-D1-N5-R50-50-MU-G01,Curdlan,H?O? oxidation,D1,N5,0.5,0.5,Unspecified,0.1,,,,,,,
C-HO-D1-N5-R50-50-MU-G08,Curdlan,H?O? oxidation,D1,N5,0.5,0.5,Unspecified,0.8,,,,,,,
C-HO-D1-N5-R50-50-MU-G20,Curdlan,H?O? oxidation,D1,N5,0.5,0.5,Unspecified,2,,,,,,,
C-HO-D1-N6-R90-10-MH-G01,Curdlan,H?O? oxidation,D1,N6,0.9,0.1,High,0.1,,,,,,,
C-HO-D1-N6-R90-10-MH-G08,Curdlan,H?O? oxidation,D1,N6,0.9,0.1,High,0.8,,,,,,,
C-HO-D1-N6-R90-10-MH-G20,Curdlan,H?O? oxidation,D1,N6,0.9,0.1,High,2,,,,,,,
C-HO-D1-N6-R90-10-MM-G01,Curdlan,H?O? oxidation,D1,N6,0.9,0.1,Medium,0.1,,,,,,,
C-HO-D1-N6-R90-10-MM-G08,Curdlan,H?O? oxidation,D1,N6,0.9,0.1,Medium,0.8,,,,,,,
C-HO-D1-N6-R90-10-MM-G20,Curdlan,H?O? oxidation,D1,N6,0.9,0.1,Medium,2,,,,,,,
C-HO-D1-N6-R90-10-ML-G01,Curdlan,H?O? oxidation,D1,N6,0.9,0.1,Low,0.1,,,,,,,
C-HO-D1-N6-R90-10-ML-G08,Curdlan,H?O? oxidation,D1,N6,0.9,0.1,Low,0.8,,,,,,,
C-HO-D1-N6-R90-10-ML-G20,Curdlan,H?O? oxidation,D1,N6,0.9,0.1,Low,2,,,,,,,
C-HO-D1-N6-R90-10-MU-G01,Curdlan,H?O? oxidation,D1,N6,0.9,0.1,Unspecified,0.1,,,,,,,
C-HO-D1-N6-R90-10-MU-G08,Curdlan,H?O? oxidation,D1,N6,0.9,0.1,Unspecified,0.8,,,,,,,
C-HO-D1-N6-R90-10-MU-G20,Curdlan,H?O? oxidation,D1,N6,0.9,0.1,Unspecified,2,,,,,,,
C-HO-D1-N6-R70-30-MH-G01,Curdlan,H?O? oxidation,D1,N6,0.7,0.3,High,0.1,,,,,,,
C-HO-D1-N6-R70-30-MH-G08,Curdlan,H?O? oxidation,D1,N6,0.7,0.3,High,0.8,,,,,,,
C-HO-D1-N6-R70-30-MH-G20,Curdlan,H?O? oxidation,D1,N6,0.7,0.3,High,2,,,,,,,
C-HO-D1-N6-R70-30-MM-G01,Curdlan,H?O? oxidation,D1,N6,0.7,0.3,Medium,0.1,,,,,,,
C-HO-D1-N6-R70-30-MM-G08,Curdlan,H?O? oxidation,D1,N6,0.7,0.3,Medium,0.8,,,,,,,
C-HO-D1-N6-R70-30-MM-G20,Curdlan,H?O? oxidation,D1,N6,0.7,0.3,Medium,2,,,,,,,
C-HO-D1-N6-R70-30-ML-G01,Curdlan,H?O? oxidation,D1,N6,0.7,0.3,Low,0.1,,,,,,,
C-HO-D1-N6-R70-30-ML-G08,Curdlan,H?O? oxidation,D1,N6,0.7,0.3,Low,0.8,,,,,,,
C-HO-D1-N6-R70-30-ML-G20,Curdlan,H?O? oxidation,D1,N6,0.7,0.3,Low,2,,,,,,,
C-HO-D1-N6-R70-30-MU-G01,Curdlan,H?O? oxidation,D1,N6,0.7,0.3,Unspecified,0.1,,,,,,,
C-HO-D1-N6-R70-30-MU-G08,Curdlan,H?O? oxidation,D1,N6,0.7,0.3,Unspecified,0.8,,,,,,,
C-HO-D1-N6-R70-30-MU-G20,Curdlan,H?O? oxidation,D1,N6,0.7,0.3,Unspecified,2,,,,,,,
C-HO-D1-N6-R50-50-MH-G01,Curdlan,H?O? oxidation,D1,N6,0.5,0.5,High,0.1,,,,,,,
C-HO-D1-N6-R50-50-MH-G08,Curdlan,H?O? oxidation,D1,N6,0.5,0.5,High,0.8,,,,,,,
C-HO-D1-N6-R50-50-MH-G20,Curdlan,H?O? oxidation,D1,N6,0.5,0.5,High,2,,,,,,,
C-HO-D1-N6-R50-50-MM-G01,Curdlan,H?O? oxidation,D1,N6,0.5,0.5,Medium,0.1,,,,,,,
C-HO-D1-N6-R50-50-MM-G08,Curdlan,H?O? oxidation,D1,N6,0.5,0.5,Medium,0.8,,,,,,,
C-HO-D1-N6-R50-50-MM-G20,Curdlan,H?O? oxidation,D1,N6,0.5,0.5,Medium,2,,,,,,,
C-HO-D1-N6-R50-50-ML-G01,Curdlan,H?O? oxidation,D1,N6,0.5,0.5,Low,0.1,,,,,,,
C-HO-D1-N6-R50-50-ML-G08,Curdlan,H?O? oxidation,D1,N6,0.5,0.5,Low,0.8,,,,,,,
C-HO-D1-N6-R50-50-ML-G20,Curdlan,H?O? oxidation,D1,N6,0.5,0.5,Low,2,,,,,,,
C-HO-D1-N6-R50-50-MU-G01,Curdlan,H?O? oxidation,D1,N6,0.5,0.5,Unspecified,0.1,,,,,,,
C-HO-D1-N6-R50-50-MU-G08,Curdlan,H?O? oxidation,D1,N6,0.5,0.5,Unspecified,0.8,,,,,,,
C-HO-D1-N6-R50-50-MU-G20,Curdlan,H?O? oxidation,D1,N6,0.5,0.5,Unspecified,2,,,,,,,
C-HO-D2-N1-R90-10-MH-G01,Curdlan,H?O? oxidation,D2,N1,0.9,0.1,High,0.1,,,,,,,
C-HO-D2-N1-R90-10-MH-G08,Curdlan,H?O? oxidation,D2,N1,0.9,0.1,High,0.8,,,,,,,
C-HO-D2-N1-R90-10-MH-G20,Curdlan,H?O? oxidation,D2,N1,0.9,0.1,High,2,,,,,,,
C-HO-D2-N1-R90-10-MM-G01,Curdlan,H?O? oxidation,D2,N1,0.9,0.1,Medium,0.1,,,,,,,
C-HO-D2-N1-R90-10-MM-G08,Curdlan,H?O? oxidation,D2,N1,0.9,0.1,Medium,0.8,,,,,,,
C-HO-D2-N1-R90-10-MM-G20,Curdlan,H?O? oxidation,D2,N1,0.9,0.1,Medium,2,,,,,,,
C-HO-D2-N1-R90-10-ML-G01,Curdlan,H?O? oxidation,D2,N1,0.9,0.1,Low,0.1,,,,,,,
C-HO-D2-N1-R90-10-ML-G08,Curdlan,H?O? oxidation,D2,N1,0.9,0.1,Low,0.8,,,,,,,
C-HO-D2-N1-R90-10-ML-G20,Curdlan,H?O? oxidation,D2,N1,0.9,0.1,Low,2,,,,,,,
C-HO-D2-N1-R90-10-MU-G01,Curdlan,H?O? oxidation,D2,N1,0.9,0.1,Unspecified,0.1,,,,,,,
C-HO-D2-N1-R90-10-MU-G08,Curdlan,H?O? oxidation,D2,N1,0.9,0.1,Unspecified,0.8,,,,,,,
C-HO-D2-N1-R90-10-MU-G20,Curdlan,H?O? oxidation,D2,N1,0.9,0.1,Unspecified,2,,,,,,,
C-HO-D2-N1-R70-30-MH-G01,Curdlan,H?O? oxidation,D2,N1,0.7,0.3,High,0.1,,,,,,,
C-HO-D2-N1-R70-30-MH-G08,Curdlan,H?O? oxidation,D2,N1,0.7,0.3,High,0.8,,,,,,,
C-HO-D2-N1-R70-30-MH-G20,Curdlan,H?O? oxidation,D2,N1,0.7,0.3,High,2,,,,,,,
C-HO-D2-N1-R70-30-MM-G01,Curdlan,H?O? oxidation,D2,N1,0.7,0.3,Medium,0.1,,,,,,,
C-HO-D2-N1-R70-30-MM-G08,Curdlan,H?O? oxidation,D2,N1,0.7,0.3,Medium,0.8,,,,,,,
C-HO-D2-N1-R70-30-MM-G20,Curdlan,H?O? oxidation,D2,N1,0.7,0.3,Medium,2,,,,,,,
C-HO-D2-N1-R70-30-ML-G01,Curdlan,H?O? oxidation,D2,N1,0.7,0.3,Low,0.1,,,,,,,
C-HO-D2-N1-R70-30-ML-G08,Curdlan,H?O? oxidation,D2,N1,0.7,0.3,Low,0.8,,,,,,,
C-HO-D2-N1-R70-30-ML-G20,Curdlan,H?O? oxidation,D2,N1,0.7,0.3,Low,2,,,,,,,
C-HO-D2-N1-R70-30-MU-G01,Curdlan,H?O? oxidation,D2,N1,0.7,0.3,Unspecified,0.1,,,,,,,
C-HO-D2-N1-R70-30-MU-G08,Curdlan,H?O? oxidation,D2,N1,0.7,0.3,Unspecified,0.8,,,,,,,
C-HO-D2-N1-R70-30-MU-G20,Curdlan,H?O? oxidation,D2,N1,0.7,0.3,Unspecified,2,,,,,,,
C-HO-D2-N1-R50-50-MH-G01,Curdlan,H?O? oxidation,D2,N1,0.5,0.5,High,0.1,,,,,,,
C-HO-D2-N1-R50-50-MH-G08,Curdlan,H?O? oxidation,D2,N1,0.5,0.5,High,0.8,,,,,,,
C-HO-D2-N1-R50-50-MH-G20,Curdlan,H?O? oxidation,D2,N1,0.5,0.5,High,2,,,,,,,
C-HO-D2-N1-R50-50-MM-G01,Curdlan,H?O? oxidation,D2,N1,0.5,0.5,Medium,0.1,,,,,,,
C-HO-D2-N1-R50-50-MM-G08,Curdlan,H?O? oxidation,D2,N1,0.5,0.5,Medium,0.8,,,,,,,
C-HO-D2-N1-R50-50-MM-G20,Curdlan,H?O? oxidation,D2,N1,0.5,0.5,Medium,2,,,,,,,
C-HO-D2-N1-R50-50-ML-G01,Curdlan,H?O? oxidation,D2,N1,0.5,0.5,Low,0.1,,,,,,,
C-HO-D2-N1-R50-50-ML-G08,Curdlan,H?O? oxidation,D2,N1,0.5,0.5,Low,0.8,,,,,,,
C-HO-D2-N1-R50-50-ML-G20,Curdlan,H?O? oxidation,D2,N1,0.5,0.5,Low,2,,,,,,,
C-HO-D2-N1-R50-50-MU-G01,Curdlan,H?O? oxidation,D2,N1,0.5,0.5,Unspecified,0.1,,,,,,,
C-HO-D2-N1-R50-50-MU-G08,Curdlan,H?O? oxidation,D2,N1,0.5,0.5,Unspecified,0.8,,,,,,,
C-HO-D2-N1-R50-50-MU-G20,Curdlan,H?O? oxidation,D2,N1,0.5,0.5,Unspecified,2,,,,,,,
C-HO-D2-N2-R90-10-MH-G01,Curdlan,H?O? oxidation,D2,N2,0.9,0.1,High,0.1,,,,,,,
C-HO-D2-N2-R90-10-MH-G08,Curdlan,H?O? oxidation,D2,N2,0.9,0.1,High,0.8,,,,,,,
C-HO-D2-N2-R90-10-MH-G20,Curdlan,H?O? oxidation,D2,N2,0.9,0.1,High,2,,,,,,,
C-HO-D2-N2-R90-10-MM-G01,Curdlan,H?O? oxidation,D2,N2,0.9,0.1,Medium,0.1,,,,,,,
C-HO-D2-N2-R90-10-MM-G08,Curdlan,H?O? oxidation,D2,N2,0.9,0.1,Medium,0.8,,,,,,,
C-HO-D2-N2-R90-10-MM-G20,Curdlan,H?O? oxidation,D2,N2,0.9,0.1,Medium,2,,,,,,,
C-HO-D2-N2-R90-10-ML-G01,Curdlan,H?O? oxidation,D2,N2,0.9,0.1,Low,0.1,,,,,,,
C-HO-D2-N2-R90-10-ML-G08,Curdlan,H?O? oxidation,D2,N2,0.9,0.1,Low,0.8,,,,,,,
C-HO-D2-N2-R90-10-ML-G20,Curdlan,H?O? oxidation,D2,N2,0.9,0.1,Low,2,,,,,,,
C-HO-D2-N2-R90-10-MU-G01,Curdlan,H?O? oxidation,D2,N2,0.9,0.1,Unspecified,0.1,,,,,,,
C-HO-D2-N2-R90-10-MU-G08,Curdlan,H?O? oxidation,D2,N2,0.9,0.1,Unspecified,0.8,,,,,,,
C-HO-D2-N2-R90-10-MU-G20,Curdlan,H?O? oxidation,D2,N2,0.9,0.1,Unspecified,2,,,,,,,
C-HO-D2-N2-R70-30-MH-G01,Curdlan,H?O? oxidation,D2,N2,0.7,0.3,High,0.1,,,,,,,
C-HO-D2-N2-R70-30-MH-G08,Curdlan,H?O? oxidation,D2,N2,0.7,0.3,High,0.8,,,,,,,
C-HO-D2-N2-R70-30-MH-G20,Curdlan,H?O? oxidation,D2,N2,0.7,0.3,High,2,,,,,,,
C-HO-D2-N2-R70-30-MM-G01,Curdlan,H?O? oxidation,D2,N2,0.7,0.3,Medium,0.1,,,,,,,
C-HO-D2-N2-R70-30-MM-G08,Curdlan,H?O? oxidation,D2,N2,0.7,0.3,Medium,0.8,,,,,,,
C-HO-D2-N2-R70-30-MM-G20,Curdlan,H?O? oxidation,D2,N2,0.7,0.3,Medium,2,,,,,,,
C-HO-D2-N2-R70-30-ML-G01,Curdlan,H?O? oxidation,D2,N2,0.7,0.3,Low,0.1,,,,,,,
C-HO-D2-N2-R70-30-ML-G08,Curdlan,H?O? oxidation,D2,N2,0.7,0.3,Low,0.8,,,,,,,
C-HO-D2-N2-R70-30-ML-G20,Curdlan,H?O? oxidation,D2,N2,0.7,0.3,Low,2,,,,,,,
C-HO-D2-N2-R70-30-MU-G01,Curdlan,H?O? oxidation,D2,N2,0.7,0.3,Unspecified,0.1,,,,,,,
C-HO-D2-N2-R70-30-MU-G08,Curdlan,H?O? oxidation,D2,N2,0.7,0.3,Unspecified,0.8,,,,,,,
C-HO-D2-N2-R70-30-MU-G20,Curdlan,H?O? oxidation,D2,N2,0.7,0.3,Unspecified,2,,,,,,,
C-HO-D2-N2-R50-50-MH-G01,Curdlan,H?O? oxidation,D2,N2,0.5,0.5,High,0.1,,,,,,,
C-HO-D2-N2-R50-50-MH-G08,Curdlan,H?O? oxidation,D2,N2,0.5,0.5,High,0.8,,,,,,,
C-HO-D2-N2-R50-50-MH-G20,Curdlan,H?O? oxidation,D2,N2,0.5,0.5,High,2,,,,,,,
C-HO-D2-N2-R50-50-MM-G01,Curdlan,H?O? oxidation,D2,N2,0.5,0.5,Medium,0.1,,,,,,,
C-HO-D2-N2-R50-50-MM-G08,Curdlan,H?O? oxidation,D2,N2,0.5,0.5,Medium,0.8,,,,,,,
C-HO-D2-N2-R50-50-MM-G20,Curdlan,H?O? oxidation,D2,N2,0.5,0.5,Medium,2,,,,,,,
C-HO-D2-N2-R50-50-ML-G01,Curdlan,H?O? oxidation,D2,N2,0.5,0.5,Low,0.1,,,,,,,
C-HO-D2-N2-R50-50-ML-G08,Curdlan,H?O? oxidation,D2,N2,0.5,0.5,Low,0.8,,,,,,,
C-HO-D2-N2-R50-50-ML-G20,Curdlan,H?O? oxidation,D2,N2,0.5,0.5,Low,2,,,,,,,
C-HO-D2-N2-R50-50-MU-G01,Curdlan,H?O? oxidation,D2,N2,0.5,0.5,Unspecified,0.1,,,,,,,
C-HO-D2-N2-R50-50-MU-G08,Curdlan,H?O? oxidation,D2,N2,0.5,0.5,Unspecified,0.8,,,,,,,
C-HO-D2-N2-R50-50-MU-G20,Curdlan,H?O? oxidation,D2,N2,0.5,0.5,Unspecified,2,,,,,,,
C-HO-D2-N3-R90-10-MH-G01,Curdlan,H?O? oxidation,D2,N3,0.9,0.1,High,0.1,,,,,,,
C-HO-D2-N3-R90-10-MH-G08,Curdlan,H?O? oxidation,D2,N3,0.9,0.1,High,0.8,,,,,,,
C-HO-D2-N3-R90-10-MH-G20,Curdlan,H?O? oxidation,D2,N3,0.9,0.1,High,2,,,,,,,
C-HO-D2-N3-R90-10-MM-G01,Curdlan,H?O? oxidation,D2,N3,0.9,0.1,Medium,0.1,,,,,,,
C-HO-D2-N3-R90-10-MM-G08,Curdlan,H?O? oxidation,D2,N3,0.9,0.1,Medium,0.8,,,,,,,
C-HO-D2-N3-R90-10-MM-G20,Curdlan,H?O? oxidation,D2,N3,0.9,0.1,Medium,2,,,,,,,
C-HO-D2-N3-R90-10-ML-G01,Curdlan,H?O? oxidation,D2,N3,0.9,0.1,Low,0.1,,,,,,,
C-HO-D2-N3-R90-10-ML-G08,Curdlan,H?O? oxidation,D2,N3,0.9,0.1,Low,0.8,,,,,,,
C-HO-D2-N3-R90-10-ML-G20,Curdlan,H?O? oxidation,D2,N3,0.9,0.1,Low,2,,,,,,,
C-HO-D2-N3-R90-10-MU-G01,Curdlan,H?O? oxidation,D2,N3,0.9,0.1,Unspecified,0.1,,,,,,,
C-HO-D2-N3-R90-10-MU-G08,Curdlan,H?O? oxidation,D2,N3,0.9,0.1,Unspecified,0.8,,,,,,,
C-HO-D2-N3-R90-10-MU-G20,Curdlan,H?O? oxidation,D2,N3,0.9,0.1,Unspecified,2,,,,,,,
C-HO-D2-N3-R70-30-MH-G01,Curdlan,H?O? oxidation,D2,N3,0.7,0.3,High,0.1,,,,,,,
C-HO-D2-N3-R70-30-MH-G08,Curdlan,H?O? oxidation,D2,N3,0.7,0.3,High,0.8,,,,,,,
C-HO-D2-N3-R70-30-MH-G20,Curdlan,H?O? oxidation,D2,N3,0.7,0.3,High,2,,,,,,,
C-HO-D2-N3-R70-30-MM-G01,Curdlan,H?O? oxidation,D2,N3,0.7,0.3,Medium,0.1,,,,,,,
C-HO-D2-N3-R70-30-MM-G08,Curdlan,H?O? oxidation,D2,N3,0.7,0.3,Medium,0.8,,,,,,,
C-HO-D2-N3-R70-30-MM-G20,Curdlan,H?O? oxidation,D2,N3,0.7,0.3,Medium,2,,,,,,,
C-HO-D2-N3-R70-30-ML-G01,Curdlan,H?O? oxidation,D2,N3,0.7,0.3,Low,0.1,,,,,,,
C-HO-D2-N3-R70-30-ML-G08,Curdlan,H?O? oxidation,D2,N3,0.7,0.3,Low,0.8,,,,,,,
C-HO-D2-N3-R70-30-ML-G20,Curdlan,H?O? oxidation,D2,N3,0.7,0.3,Low,2,,,,,,,
C-HO-D2-N3-R70-30-MU-G01,Curdlan,H?O? oxidation,D2,N3,0.7,0.3,Unspecified,0.1,,,,,,,
C-HO-D2-N3-R70-30-MU-G08,Curdlan,H?O? oxidation,D2,N3,0.7,0.3,Unspecified,0.8,,,,,,,
C-HO-D2-N3-R70-30-MU-G20,Curdlan,H?O? oxidation,D2,N3,0.7,0.3,Unspecified,2,,,,,,,
C-HO-D2-N3-R50-50-MH-G01,Curdlan,H?O? oxidation,D2,N3,0.5,0.5,High,0.1,,,,,,,
C-HO-D2-N3-R50-50-MH-G08,Curdlan,H?O? oxidation,D2,N3,0.5,0.5,High,0.8,,,,,,,
C-HO-D2-N3-R50-50-MH-G20,Curdlan,H?O? oxidation,D2,N3,0.5,0.5,High,2,,,,,,,
C-HO-D2-N3-R50-50-MM-G01,Curdlan,H?O? oxidation,D2,N3,0.5,0.5,Medium,0.1,,,,,,,
C-HO-D2-N3-R50-50-MM-G08,Curdlan,H?O? oxidation,D2,N3,0.5,0.5,Medium,0.8,,,,,,,
C-HO-D2-N3-R50-50-MM-G20,Curdlan,H?O? oxidation,D2,N3,0.5,0.5,Medium,2,,,,,,,
C-HO-D2-N3-R50-50-ML-G01,Curdlan,H?O? oxidation,D2,N3,0.5,0.5,Low,0.1,,,,,,,
C-HO-D2-N3-R50-50-ML-G08,Curdlan,H?O? oxidation,D2,N3,0.5,0.5,Low,0.8,,,,,,,
C-HO-D2-N3-R50-50-ML-G20,Curdlan,H?O? oxidation,D2,N3,0.5,0.5,Low,2,,,,,,,
C-HO-D2-N3-R50-50-MU-G01,Curdlan,H?O? oxidation,D2,N3,0.5,0.5,Unspecified,0.1,,,,,,,
C-HO-D2-N3-R50-50-MU-G08,Curdlan,H?O? oxidation,D2,N3,0.5,0.5,Unspecified,0.8,,,,,,,
C-HO-D2-N3-R50-50-MU-G20,Curdlan,H?O? oxidation,D2,N3,0.5,0.5,Unspecified,2,,,,,,,
C-HO-D2-N4-R90-10-MH-G01,Curdlan,H?O? oxidation,D2,N4,0.9,0.1,High,0.1,,,,,,,
C-HO-D2-N4-R90-10-MH-G08,Curdlan,H?O? oxidation,D2,N4,0.9,0.1,High,0.8,,,,,,,
C-HO-D2-N4-R90-10-MH-G20,Curdlan,H?O? oxidation,D2,N4,0.9,0.1,High,2,,,,,,,
C-HO-D2-N4-R90-10-MM-G01,Curdlan,H?O? oxidation,D2,N4,0.9,0.1,Medium,0.1,,,,,,,
C-HO-D2-N4-R90-10-MM-G08,Curdlan,H?O? oxidation,D2,N4,0.9,0.1,Medium,0.8,,,,,,,
C-HO-D2-N4-R90-10-MM-G20,Curdlan,H?O? oxidation,D2,N4,0.9,0.1,Medium,2,,,,,,,
C-HO-D2-N4-R90-10-ML-G01,Curdlan,H?O? oxidation,D2,N4,0.9,0.1,Low,0.1,,,,,,,
C-HO-D2-N4-R90-10-ML-G08,Curdlan,H?O? oxidation,D2,N4,0.9,0.1,Low,0.8,,,,,,,
C-HO-D2-N4-R90-10-ML-G20,Curdlan,H?O? oxidation,D2,N4,0.9,0.1,Low,2,,,,,,,
C-HO-D2-N4-R90-10-MU-G01,Curdlan,H?O? oxidation,D2,N4,0.9,0.1,Unspecified,0.1,,,,,,,
C-HO-D2-N4-R90-10-MU-G08,Curdlan,H?O? oxidation,D2,N4,0.9,0.1,Unspecified,0.8,,,,,,,
C-HO-D2-N4-R90-10-MU-G20,Curdlan,H?O? oxidation,D2,N4,0.9,0.1,Unspecified,2,,,,,,,
C-HO-D2-N4-R70-30-MH-G01,Curdlan,H?O? oxidation,D2,N4,0.7,0.3,High,0.1,,,,,,,
C-HO-D2-N4-R70-30-MH-G08,Curdlan,H?O? oxidation,D2,N4,0.7,0.3,High,0.8,,,,,,,
C-HO-D2-N4-R70-30-MH-G20,Curdlan,H?O? oxidation,D2,N4,0.7,0.3,High,2,,,,,,,
C-HO-D2-N4-R70-30-MM-G01,Curdlan,H?O? oxidation,D2,N4,0.7,0.3,Medium,0.1,,,,,,,
C-HO-D2-N4-R70-30-MM-G08,Curdlan,H?O? oxidation,D2,N4,0.7,0.3,Medium,0.8,,,,,,,
C-HO-D2-N4-R70-30-MM-G20,Curdlan,H?O? oxidation,D2,N4,0.7,0.3,Medium,2,,,,,,,
C-HO-D2-N4-R70-30-ML-G01,Curdlan,H?O? oxidation,D2,N4,0.7,0.3,Low,0.1,,,,,,,
C-HO-D2-N4-R70-30-ML-G08,Curdlan,H?O? oxidation,D2,N4,0.7,0.3,Low,0.8,,,,,,,
C-HO-D2-N4-R70-30-ML-G20,Curdlan,H?O? oxidation,D2,N4,0.7,0.3,Low,2,,,,,,,
C-HO-D2-N4-R70-30-MU-G01,Curdlan,H?O? oxidation,D2,N4,0.7,0.3,Unspecified,0.1,,,,,,,
C-HO-D2-N4-R70-30-MU-G08,Curdlan,H?O? oxidation,D2,N4,0.7,0.3,Unspecified,0.8,,,,,,,
C-HO-D2-N4-R70-30-MU-G20,Curdlan,H?O? oxidation,D2,N4,0.7,0.3,Unspecified,2,,,,,,,
C-HO-D2-N4-R50-50-MH-G01,Curdlan,H?O? oxidation,D2,N4,0.5,0.5,High,0.1,,,,,,,
C-HO-D2-N4-R50-50-MH-G08,Curdlan,H?O? oxidation,D2,N4,0.5,0.5,High,0.8,,,,,,,
C-HO-D2-N4-R50-50-MH-G20,Curdlan,H?O? oxidation,D2,N4,0.5,0.5,High,2,,,,,,,
C-HO-D2-N4-R50-50-MM-G01,Curdlan,H?O? oxidation,D2,N4,0.5,0.5,Medium,0.1,,,,,,,
C-HO-D2-N4-R50-50-MM-G08,Curdlan,H?O? oxidation,D2,N4,0.5,0.5,Medium,0.8,,,,,,,
C-HO-D2-N4-R50-50-MM-G20,Curdlan,H?O? oxidation,D2,N4,0.5,0.5,Medium,2,,,,,,,
C-HO-D2-N4-R50-50-ML-G01,Curdlan,H?O? oxidation,D2,N4,0.5,0.5,Low,0.1,,,,,,,
C-HO-D2-N4-R50-50-ML-G08,Curdlan,H?O? oxidation,D2,N4,0.5,0.5,Low,0.8,,,,,,,
C-HO-D2-N4-R50-50-ML-G20,Curdlan,H?O? oxidation,D2,N4,0.5,0.5,Low,2,,,,,,,
C-HO-D2-N4-R50-50-MU-G01,Curdlan,H?O? oxidation,D2,N4,0.5,0.5,Unspecified,0.1,,,,,,,
C-HO-D2-N4-R50-50-MU-G08,Curdlan,H?O? oxidation,D2,N4,0.5,0.5,Unspecified,0.8,,,,,,,
C-HO-D2-N4-R50-50-MU-G20,Curdlan,H?O? oxidation,D2,N4,0.5,0.5,Unspecified,2,,,,,,,
C-HO-D2-N5-R90-10-MH-G01,Curdlan,H?O? oxidation,D2,N5,0.9,0.1,High,0.1,,,,,,,
C-HO-D2-N5-R90-10-MH-G08,Curdlan,H?O? oxidation,D2,N5,0.9,0.1,High,0.8,,,,,,,
C-HO-D2-N5-R90-10-MH-G20,Curdlan,H?O? oxidation,D2,N5,0.9,0.1,High,2,,,,,,,
C-HO-D2-N5-R90-10-MM-G01,Curdlan,H?O? oxidation,D2,N5,0.9,0.1,Medium,0.1,,,,,,,
C-HO-D2-N5-R90-10-MM-G08,Curdlan,H?O? oxidation,D2,N5,0.9,0.1,Medium,0.8,,,,,,,
C-HO-D2-N5-R90-10-MM-G20,Curdlan,H?O? oxidation,D2,N5,0.9,0.1,Medium,2,,,,,,,
C-HO-D2-N5-R90-10-ML-G01,Curdlan,H?O? oxidation,D2,N5,0.9,0.1,Low,0.1,,,,,,,
C-HO-D2-N5-R90-10-ML-G08,Curdlan,H?O? oxidation,D2,N5,0.9,0.1,Low,0.8,,,,,,,
C-HO-D2-N5-R90-10-ML-G20,Curdlan,H?O? oxidation,D2,N5,0.9,0.1,Low,2,,,,,,,
C-HO-D2-N5-R90-10-MU-G01,Curdlan,H?O? oxidation,D2,N5,0.9,0.1,Unspecified,0.1,,,,,,,
C-HO-D2-N5-R90-10-MU-G08,Curdlan,H?O? oxidation,D2,N5,0.9,0.1,Unspecified,0.8,,,,,,,
C-HO-D2-N5-R90-10-MU-G20,Curdlan,H?O? oxidation,D2,N5,0.9,0.1,Unspecified,2,,,,,,,
C-HO-D2-N5-R70-30-MH-G01,Curdlan,H?O? oxidation,D2,N5,0.7,0.3,High,0.1,,,,,,,
C-HO-D2-N5-R70-30-MH-G08,Curdlan,H?O? oxidation,D2,N5,0.7,0.3,High,0.8,,,,,,,
C-HO-D2-N5-R70-30-MH-G20,Curdlan,H?O? oxidation,D2,N5,0.7,0.3,High,2,,,,,,,
C-HO-D2-N5-R70-30-MM-G01,Curdlan,H?O? oxidation,D2,N5,0.7,0.3,Medium,0.1,,,,,,,
C-HO-D2-N5-R70-30-MM-G08,Curdlan,H?O? oxidation,D2,N5,0.7,0.3,Medium,0.8,,,,,,,
C-HO-D2-N5-R70-30-MM-G20,Curdlan,H?O? oxidation,D2,N5,0.7,0.3,Medium,2,,,,,,,
C-HO-D2-N5-R70-30-ML-G01,Curdlan,H?O? oxidation,D2,N5,0.7,0.3,Low,0.1,,,,,,,
C-HO-D2-N5-R70-30-ML-G08,Curdlan,H?O? oxidation,D2,N5,0.7,0.3,Low,0.8,,,,,,,
C-HO-D2-N5-R70-30-ML-G20,Curdlan,H?O? oxidation,D2,N5,0.7,0.3,Low,2,,,,,,,
C-HO-D2-N5-R70-30-MU-G01,Curdlan,H?O? oxidation,D2,N5,0.7,0.3,Unspecified,0.1,,,,,,,
C-HO-D2-N5-R70-30-MU-G08,Curdlan,H?O? oxidation,D2,N5,0.7,0.3,Unspecified,0.8,,,,,,,
C-HO-D2-N5-R70-30-MU-G20,Curdlan,H?O? oxidation,D2,N5,0.7,0.3,Unspecified,2,,,,,,,
C-HO-D2-N5-R50-50-MH-G01,Curdlan,H?O? oxidation,D2,N5,0.5,0.5,High,0.1,,,,,,,
C-HO-D2-N5-R50-50-MH-G08,Curdlan,H?O? oxidation,D2,N5,0.5,0.5,High,0.8,,,,,,,
C-HO-D2-N5-R50-50-MH-G20,Curdlan,H?O? oxidation,D2,N5,0.5,0.5,High,2,,,,,,,
C-HO-D2-N5-R50-50-MM-G01,Curdlan,H?O? oxidation,D2,N5,0.5,0.5,Medium,0.1,,,,,,,
C-HO-D2-N5-R50-50-MM-G08,Curdlan,H?O? oxidation,D2,N5,0.5,0.5,Medium,0.8,,,,,,,
C-HO-D2-N5-R50-50-MM-G20,Curdlan,H?O? oxidation,D2,N5,0.5,0.5,Medium,2,,,,,,,
C-HO-D2-N5-R50-50-ML-G01,Curdlan,H?O? oxidation,D2,N5,0.5,0.5,Low,0.1,,,,,,,
C-HO-D2-N5-R50-50-ML-G08,Curdlan,H?O? oxidation,D2,N5,0.5,0.5,Low,0.8,,,,,,,
C-HO-D2-N5-R50-50-ML-G20,Curdlan,H?O? oxidation,D2,N5,0.5,0.5,Low,2,,,,,,,
C-HO-D2-N5-R50-50-MU-G01,Curdlan,H?O? oxidation,D2,N5,0.5,0.5,Unspecified,0.1,,,,,,,
C-HO-D2-N5-R50-50-MU-G08,Curdlan,H?O? oxidation,D2,N5,0.5,0.5,Unspecified,0.8,,,,,,,
C-HO-D2-N5-R50-50-MU-G20,Curdlan,H?O? oxidation,D2,N5,0.5,0.5,Unspecified,2,,,,,,,
C-HO-D2-N6-R90-10-MH-G01,Curdlan,H?O? oxidation,D2,N6,0.9,0.1,High,0.1,,,,,,,
C-HO-D2-N6-R90-10-MH-G08,Curdlan,H?O? oxidation,D2,N6,0.9,0.1,High,0.8,,,,,,,
C-HO-D2-N6-R90-10-MH-G20,Curdlan,H?O? oxidation,D2,N6,0.9,0.1,High,2,,,,,,,
C-HO-D2-N6-R90-10-MM-G01,Curdlan,H?O? oxidation,D2,N6,0.9,0.1,Medium,0.1,,,,,,,
C-HO-D2-N6-R90-10-MM-G08,Curdlan,H?O? oxidation,D2,N6,0.9,0.1,Medium,0.8,,,,,,,
C-HO-D2-N6-R90-10-MM-G20,Curdlan,H?O? oxidation,D2,N6,0.9,0.1,Medium,2,,,,,,,
C-HO-D2-N6-R90-10-ML-G01,Curdlan,H?O? oxidation,D2,N6,0.9,0.1,Low,0.1,,,,,,,
C-HO-D2-N6-R90-10-ML-G08,Curdlan,H?O? oxidation,D2,N6,0.9,0.1,Low,0.8,,,,,,,
C-HO-D2-N6-R90-10-ML-G20,Curdlan,H?O? oxidation,D2,N6,0.9,0.1,Low,2,,,,,,,
C-HO-D2-N6-R90-10-MU-G01,Curdlan,H?O? oxidation,D2,N6,0.9,0.1,Unspecified,0.1,,,,,,,
C-HO-D2-N6-R90-10-MU-G08,Curdlan,H?O? oxidation,D2,N6,0.9,0.1,Unspecified,0.8,,,,,,,
C-HO-D2-N6-R90-10-MU-G20,Curdlan,H?O? oxidation,D2,N6,0.9,0.1,Unspecified,2,,,,,,,
C-HO-D2-N6-R70-30-MH-G01,Curdlan,H?O? oxidation,D2,N6,0.7,0.3,High,0.1,,,,,,,
C-HO-D2-N6-R70-30-MH-G08,Curdlan,H?O? oxidation,D2,N6,0.7,0.3,High,0.8,,,,,,,
C-HO-D2-N6-R70-30-MH-G20,Curdlan,H?O? oxidation,D2,N6,0.7,0.3,High,2,,,,,,,
C-HO-D2-N6-R70-30-MM-G01,Curdlan,H?O? oxidation,D2,N6,0.7,0.3,Medium,0.1,,,,,,,
C-HO-D2-N6-R70-30-MM-G08,Curdlan,H?O? oxidation,D2,N6,0.7,0.3,Medium,0.8,,,,,,,
C-HO-D2-N6-R70-30-MM-G20,Curdlan,H?O? oxidation,D2,N6,0.7,0.3,Medium,2,,,,,,,
C-HO-D2-N6-R70-30-ML-G01,Curdlan,H?O? oxidation,D2,N6,0.7,0.3,Low,0.1,,,,,,,
C-HO-D2-N6-R70-30-ML-G08,Curdlan,H?O? oxidation,D2,N6,0.7,0.3,Low,0.8,,,,,,,
C-HO-D2-N6-R70-30-ML-G20,Curdlan,H?O? oxidation,D2,N6,0.7,0.3,Low,2,,,,,,,
C-HO-D2-N6-R70-30-MU-G01,Curdlan,H?O? oxidation,D2,N6,0.7,0.3,Unspecified,0.1,,,,,,,
C-HO-D2-N6-R70-30-MU-G08,Curdlan,H?O? oxidation,D2,N6,0.7,0.3,Unspecified,0.8,,,,,,,
C-HO-D2-N6-R70-30-MU-G20,Curdlan,H?O? oxidation,D2,N6,0.7,0.3,Unspecified,2,,,,,,,
C-HO-D2-N6-R50-50-MH-G01,Curdlan,H?O? oxidation,D2,N6,0.5,0.5,High,0.1,,,,,,,
C-HO-D2-N6-R50-50-MH-G08,Curdlan,H?O? oxidation,D2,N6,0.5,0.5,High,0.8,,,,,,,
C-HO-D2-N6-R50-50-MH-G20,Curdlan,H?O? oxidation,D2,N6,0.5,0.5,High,2,,,,,,,
C-HO-D2-N6-R50-50-MM-G01,Curdlan,H?O? oxidation,D2,N6,0.5,0.5,Medium,0.1,,,,,,,
C-HO-D2-N6-R50-50-MM-G08,Curdlan,H?O? oxidation,D2,N6,0.5,0.5,Medium,0.8,,,,,,,
C-HO-D2-N6-R50-50-MM-G20,Curdlan,H?O? oxidation,D2,N6,0.5,0.5,Medium,2,,,,,,,
C-HO-D2-N6-R50-50-ML-G01,Curdlan,H?O? oxidation,D2,N6,0.5,0.5,Low,0.1,,,,,,,
C-HO-D2-N6-R50-50-ML-G08,Curdlan,H?O? oxidation,D2,N6,0.5,0.5,Low,0.8,,,,,,,
C-HO-D2-N6-R50-50-ML-G20,Curdlan,H?O? oxidation,D2,N6,0.5,0.5,Low,2,,,,,,,
C-HO-D2-N6-R50-50-MU-G01,Curdlan,H?O? oxidation,D2,N6,0.5,0.5,Unspecified,0.1,,,,,,,
C-HO-D2-N6-R50-50-MU-G08,Curdlan,H?O? oxidation,D2,N6,0.5,0.5,Unspecified,0.8,,,,,,,
C-HO-D2-N6-R50-50-MU-G20,Curdlan,H?O? oxidation,D2,N6,0.5,0.5,Unspecified,2,,,,,,,
C-HO-D3-N1-R90-10-MH-G01,Curdlan,H?O? oxidation,D3,N1,0.9,0.1,High,0.1,,,,,,,
C-HO-D3-N1-R90-10-MH-G08,Curdlan,H?O? oxidation,D3,N1,0.9,0.1,High,0.8,,,,,,,
C-HO-D3-N1-R90-10-MH-G20,Curdlan,H?O? oxidation,D3,N1,0.9,0.1,High,2,,,,,,,
C-HO-D3-N1-R90-10-MM-G01,Curdlan,H?O? oxidation,D3,N1,0.9,0.1,Medium,0.1,,,,,,,
C-HO-D3-N1-R90-10-MM-G08,Curdlan,H?O? oxidation,D3,N1,0.9,0.1,Medium,0.8,,,,,,,
C-HO-D3-N1-R90-10-MM-G20,Curdlan,H?O? oxidation,D3,N1,0.9,0.1,Medium,2,,,,,,,
C-HO-D3-N1-R90-10-ML-G01,Curdlan,H?O? oxidation,D3,N1,0.9,0.1,Low,0.1,,,,,,,
C-HO-D3-N1-R90-10-ML-G08,Curdlan,H?O? oxidation,D3,N1,0.9,0.1,Low,0.8,,,,,,,
C-HO-D3-N1-R90-10-ML-G20,Curdlan,H?O? oxidation,D3,N1,0.9,0.1,Low,2,,,,,,,
C-HO-D3-N1-R90-10-MU-G01,Curdlan,H?O? oxidation,D3,N1,0.9,0.1,Unspecified,0.1,,,,,,,
C-HO-D3-N1-R90-10-MU-G08,Curdlan,H?O? oxidation,D3,N1,0.9,0.1,Unspecified,0.8,,,,,,,
C-HO-D3-N1-R90-10-MU-G20,Curdlan,H?O? oxidation,D3,N1,0.9,0.1,Unspecified,2,,,,,,,
C-HO-D3-N1-R70-30-MH-G01,Curdlan,H?O? oxidation,D3,N1,0.7,0.3,High,0.1,,,,,,,
C-HO-D3-N1-R70-30-MH-G08,Curdlan,H?O? oxidation,D3,N1,0.7,0.3,High,0.8,,,,,,,
C-HO-D3-N1-R70-30-MH-G20,Curdlan,H?O? oxidation,D3,N1,0.7,0.3,High,2,,,,,,,
C-HO-D3-N1-R70-30-MM-G01,Curdlan,H?O? oxidation,D3,N1,0.7,0.3,Medium,0.1,,,,,,,
C-HO-D3-N1-R70-30-MM-G08,Curdlan,H?O? oxidation,D3,N1,0.7,0.3,Medium,0.8,,,,,,,
C-HO-D3-N1-R70-30-MM-G20,Curdlan,H?O? oxidation,D3,N1,0.7,0.3,Medium,2,,,,,,,
C-HO-D3-N1-R70-30-ML-G01,Curdlan,H?O? oxidation,D3,N1,0.7,0.3,Low,0.1,,,,,,,
C-HO-D3-N1-R70-30-ML-G08,Curdlan,H?O? oxidation,D3,N1,0.7,0.3,Low,0.8,,,,,,,
C-HO-D3-N1-R70-30-ML-G20,Curdlan,H?O? oxidation,D3,N1,0.7,0.3,Low,2,,,,,,,
C-HO-D3-N1-R70-30-MU-G01,Curdlan,H?O? oxidation,D3,N1,0.7,0.3,Unspecified,0.1,,,,,,,
C-HO-D3-N1-R70-30-MU-G08,Curdlan,H?O? oxidation,D3,N1,0.7,0.3,Unspecified,0.8,,,,,,,
C-HO-D3-N1-R70-30-MU-G20,Curdlan,H?O? oxidation,D3,N1,0.7,0.3,Unspecified,2,,,,,,,
C-HO-D3-N1-R50-50-MH-G01,Curdlan,H?O? oxidation,D3,N1,0.5,0.5,High,0.1,,,,,,,
C-HO-D3-N1-R50-50-MH-G08,Curdlan,H?O? oxidation,D3,N1,0.5,0.5,High,0.8,,,,,,,
C-HO-D3-N1-R50-50-MH-G20,Curdlan,H?O? oxidation,D3,N1,0.5,0.5,High,2,,,,,,,
C-HO-D3-N1-R50-50-MM-G01,Curdlan,H?O? oxidation,D3,N1,0.5,0.5,Medium,0.1,,,,,,,
C-HO-D3-N1-R50-50-MM-G08,Curdlan,H?O? oxidation,D3,N1,0.5,0.5,Medium,0.8,,,,,,,
C-HO-D3-N1-R50-50-MM-G20,Curdlan,H?O? oxidation,D3,N1,0.5,0.5,Medium,2,,,,,,,
C-HO-D3-N1-R50-50-ML-G01,Curdlan,H?O? oxidation,D3,N1,0.5,0.5,Low,0.1,,,,,,,
C-HO-D3-N1-R50-50-ML-G08,Curdlan,H?O? oxidation,D3,N1,0.5,0.5,Low,0.8,,,,,,,
C-HO-D3-N1-R50-50-ML-G20,Curdlan,H?O? oxidation,D3,N1,0.5,0.5,Low,2,,,,,,,
C-HO-D3-N1-R50-50-MU-G01,Curdlan,H?O? oxidation,D3,N1,0.5,0.5,Unspecified,0.1,,,,,,,
C-HO-D3-N1-R50-50-MU-G08,Curdlan,H?O? oxidation,D3,N1,0.5,0.5,Unspecified,0.8,,,,,,,
C-HO-D3-N1-R50-50-MU-G20,Curdlan,H?O? oxidation,D3,N1,0.5,0.5,Unspecified,2,,,,,,,
C-HO-D3-N2-R90-10-MH-G01,Curdlan,H?O? oxidation,D3,N2,0.9,0.1,High,0.1,,,,,,,
C-HO-D3-N2-R90-10-MH-G08,Curdlan,H?O? oxidation,D3,N2,0.9,0.1,High,0.8,,,,,,,
C-HO-D3-N2-R90-10-MH-G20,Curdlan,H?O? oxidation,D3,N2,0.9,0.1,High,2,,,,,,,
C-HO-D3-N2-R90-10-MM-G01,Curdlan,H?O? oxidation,D3,N2,0.9,0.1,Medium,0.1,,,,,,,
C-HO-D3-N2-R90-10-MM-G08,Curdlan,H?O? oxidation,D3,N2,0.9,0.1,Medium,0.8,,,,,,,
C-HO-D3-N2-R90-10-MM-G20,Curdlan,H?O? oxidation,D3,N2,0.9,0.1,Medium,2,,,,,,,
C-HO-D3-N2-R90-10-ML-G01,Curdlan,H?O? oxidation,D3,N2,0.9,0.1,Low,0.1,,,,,,,
C-HO-D3-N2-R90-10-ML-G08,Curdlan,H?O? oxidation,D3,N2,0.9,0.1,Low,0.8,,,,,,,
C-HO-D3-N2-R90-10-ML-G20,Curdlan,H?O? oxidation,D3,N2,0.9,0.1,Low,2,,,,,,,
C-HO-D3-N2-R90-10-MU-G01,Curdlan,H?O? oxidation,D3,N2,0.9,0.1,Unspecified,0.1,,,,,,,
C-HO-D3-N2-R90-10-MU-G08,Curdlan,H?O? oxidation,D3,N2,0.9,0.1,Unspecified,0.8,,,,,,,
C-HO-D3-N2-R90-10-MU-G20,Curdlan,H?O? oxidation,D3,N2,0.9,0.1,Unspecified,2,,,,,,,
C-HO-D3-N2-R70-30-MH-G01,Curdlan,H?O? oxidation,D3,N2,0.7,0.3,High,0.1,,,,,,,
C-HO-D3-N2-R70-30-MH-G08,Curdlan,H?O? oxidation,D3,N2,0.7,0.3,High,0.8,,,,,,,
C-HO-D3-N2-R70-30-MH-G20,Curdlan,H?O? oxidation,D3,N2,0.7,0.3,High,2,,,,,,,
C-HO-D3-N2-R70-30-MM-G01,Curdlan,H?O? oxidation,D3,N2,0.7,0.3,Medium,0.1,,,,,,,
C-HO-D3-N2-R70-30-MM-G08,Curdlan,H?O? oxidation,D3,N2,0.7,0.3,Medium,0.8,,,,,,,
C-HO-D3-N2-R70-30-MM-G20,Curdlan,H?O? oxidation,D3,N2,0.7,0.3,Medium,2,,,,,,,
C-HO-D3-N2-R70-30-ML-G01,Curdlan,H?O? oxidation,D3,N2,0.7,0.3,Low,0.1,,,,,,,
C-HO-D3-N2-R70-30-ML-G08,Curdlan,H?O? oxidation,D3,N2,0.7,0.3,Low,0.8,,,,,,,
C-HO-D3-N2-R70-30-ML-G20,Curdlan,H?O? oxidation,D3,N2,0.7,0.3,Low,2,,,,,,,
C-HO-D3-N2-R70-30-MU-G01,Curdlan,H?O? oxidation,D3,N2,0.7,0.3,Unspecified,0.1,,,,,,,
C-HO-D3-N2-R70-30-MU-G08,Curdlan,H?O? oxidation,D3,N2,0.7,0.3,Unspecified,0.8,,,,,,,
C-HO-D3-N2-R70-30-MU-G20,Curdlan,H?O? oxidation,D3,N2,0.7,0.3,Unspecified,2,,,,,,,
C-HO-D3-N2-R50-50-MH-G01,Curdlan,H?O? oxidation,D3,N2,0.5,0.5,High,0.1,,,,,,,
C-HO-D3-N2-R50-50-MH-G08,Curdlan,H?O? oxidation,D3,N2,0.5,0.5,High,0.8,,,,,,,
C-HO-D3-N2-R50-50-MH-G20,Curdlan,H?O? oxidation,D3,N2,0.5,0.5,High,2,,,,,,,
C-HO-D3-N2-R50-50-MM-G01,Curdlan,H?O? oxidation,D3,N2,0.5,0.5,Medium,0.1,,,,,,,
C-HO-D3-N2-R50-50-MM-G08,Curdlan,H?O? oxidation,D3,N2,0.5,0.5,Medium,0.8,,,,,,,
C-HO-D3-N2-R50-50-MM-G20,Curdlan,H?O? oxidation,D3,N2,0.5,0.5,Medium,2,,,,,,,
C-HO-D3-N2-R50-50-ML-G01,Curdlan,H?O? oxidation,D3,N2,0.5,0.5,Low,0.1,,,,,,,
C-HO-D3-N2-R50-50-ML-G08,Curdlan,H?O? oxidation,D3,N2,0.5,0.5,Low,0.8,,,,,,,
C-HO-D3-N2-R50-50-ML-G20,Curdlan,H?O? oxidation,D3,N2,0.5,0.5,Low,2,,,,,,,
C-HO-D3-N2-R50-50-MU-G01,Curdlan,H?O? oxidation,D3,N2,0.5,0.5,Unspecified,0.1,,,,,,,
C-HO-D3-N2-R50-50-MU-G08,Curdlan,H?O? oxidation,D3,N2,0.5,0.5,Unspecified,0.8,,,,,,,
C-HO-D3-N2-R50-50-MU-G20,Curdlan,H?O? oxidation,D3,N2,0.5,0.5,Unspecified,2,,,,,,,
C-HO-D3-N3-R90-10-MH-G01,Curdlan,H?O? oxidation,D3,N3,0.9,0.1,High,0.1,,,,,,,
C-HO-D3-N3-R90-10-MH-G08,Curdlan,H?O? oxidation,D3,N3,0.9,0.1,High,0.8,,,,,,,
C-HO-D3-N3-R90-10-MH-G20,Curdlan,H?O? oxidation,D3,N3,0.9,0.1,High,2,,,,,,,
C-HO-D3-N3-R90-10-MM-G01,Curdlan,H?O? oxidation,D3,N3,0.9,0.1,Medium,0.1,,,,,,,
C-HO-D3-N3-R90-10-MM-G08,Curdlan,H?O? oxidation,D3,N3,0.9,0.1,Medium,0.8,,,,,,,
C-HO-D3-N3-R90-10-MM-G20,Curdlan,H?O? oxidation,D3,N3,0.9,0.1,Medium,2,,,,,,,
C-HO-D3-N3-R90-10-ML-G01,Curdlan,H?O? oxidation,D3,N3,0.9,0.1,Low,0.1,,,,,,,
C-HO-D3-N3-R90-10-ML-G08,Curdlan,H?O? oxidation,D3,N3,0.9,0.1,Low,0.8,,,,,,,
C-HO-D3-N3-R90-10-ML-G20,Curdlan,H?O? oxidation,D3,N3,0.9,0.1,Low,2,,,,,,,
C-HO-D3-N3-R90-10-MU-G01,Curdlan,H?O? oxidation,D3,N3,0.9,0.1,Unspecified,0.1,,,,,,,
C-HO-D3-N3-R90-10-MU-G08,Curdlan,H?O? oxidation,D3,N3,0.9,0.1,Unspecified,0.8,,,,,,,
C-HO-D3-N3-R90-10-MU-G20,Curdlan,H?O? oxidation,D3,N3,0.9,0.1,Unspecified,2,,,,,,,
C-HO-D3-N3-R70-30-MH-G01,Curdlan,H?O? oxidation,D3,N3,0.7,0.3,High,0.1,,,,,,,
C-HO-D3-N3-R70-30-MH-G08,Curdlan,H?O? oxidation,D3,N3,0.7,0.3,High,0.8,,,,,,,
C-HO-D3-N3-R70-30-MH-G20,Curdlan,H?O? oxidation,D3,N3,0.7,0.3,High,2,,,,,,,
C-HO-D3-N3-R70-30-MM-G01,Curdlan,H?O? oxidation,D3,N3,0.7,0.3,Medium,0.1,,,,,,,
C-HO-D3-N3-R70-30-MM-G08,Curdlan,H?O? oxidation,D3,N3,0.7,0.3,Medium,0.8,,,,,,,
C-HO-D3-N3-R70-30-MM-G20,Curdlan,H?O? oxidation,D3,N3,0.7,0.3,Medium,2,,,,,,,
C-HO-D3-N3-R70-30-ML-G01,Curdlan,H?O? oxidation,D3,N3,0.7,0.3,Low,0.1,,,,,,,
C-HO-D3-N3-R70-30-ML-G08,Curdlan,H?O? oxidation,D3,N3,0.7,0.3,Low,0.8,,,,,,,
C-HO-D3-N3-R70-30-ML-G20,Curdlan,H?O? oxidation,D3,N3,0.7,0.3,Low,2,,,,,,,
C-HO-D3-N3-R70-30-MU-G01,Curdlan,H?O? oxidation,D3,N3,0.7,0.3,Unspecified,0.1,,,,,,,
C-HO-D3-N3-R70-30-MU-G08,Curdlan,H?O? oxidation,D3,N3,0.7,0.3,Unspecified,0.8,,,,,,,
C-HO-D3-N3-R70-30-MU-G20,Curdlan,H?O? oxidation,D3,N3,0.7,0.3,Unspecified,2,,,,,,,
C-HO-D3-N3-R50-50-MH-G01,Curdlan,H?O? oxidation,D3,N3,0.5,0.5,High,0.1,,,,,,,
C-HO-D3-N3-R50-50-MH-G08,Curdlan,H?O? oxidation,D3,N3,0.5,0.5,High,0.8,,,,,,,
C-HO-D3-N3-R50-50-MH-G20,Curdlan,H?O? oxidation,D3,N3,0.5,0.5,High,2,,,,,,,
C-HO-D3-N3-R50-50-MM-G01,Curdlan,H?O? oxidation,D3,N3,0.5,0.5,Medium,0.1,,,,,,,
C-HO-D3-N3-R50-50-MM-G08,Curdlan,H?O? oxidation,D3,N3,0.5,0.5,Medium,0.8,,,,,,,
C-HO-D3-N3-R50-50-MM-G20,Curdlan,H?O? oxidation,D3,N3,0.5,0.5,Medium,2,,,,,,,
C-HO-D3-N3-R50-50-ML-G01,Curdlan,H?O? oxidation,D3,N3,0.5,0.5,Low,0.1,,,,,,,
C-HO-D3-N3-R50-50-ML-G08,Curdlan,H?O? oxidation,D3,N3,0.5,0.5,Low,0.8,,,,,,,
C-HO-D3-N3-R50-50-ML-G20,Curdlan,H?O? oxidation,D3,N3,0.5,0.5,Low,2,,,,,,,
C-HO-D3-N3-R50-50-MU-G01,Curdlan,H?O? oxidation,D3,N3,0.5,0.5,Unspecified,0.1,,,,,,,
C-HO-D3-N3-R50-50-MU-G08,Curdlan,H?O? oxidation,D3,N3,0.5,0.5,Unspecified,0.8,,,,,,,
C-HO-D3-N3-R50-50-MU-G20,Curdlan,H?O? oxidation,D3,N3,0.5,0.5,Unspecified,2,,,,,,,
C-HO-D3-N4-R90-10-MH-G01,Curdlan,H?O? oxidation,D3,N4,0.9,0.1,High,0.1,,,,,,,
C-HO-D3-N4-R90-10-MH-G08,Curdlan,H?O? oxidation,D3,N4,0.9,0.1,High,0.8,,,,,,,
C-HO-D3-N4-R90-10-MH-G20,Curdlan,H?O? oxidation,D3,N4,0.9,0.1,High,2,,,,,,,
C-HO-D3-N4-R90-10-MM-G01,Curdlan,H?O? oxidation,D3,N4,0.9,0.1,Medium,0.1,,,,,,,
C-HO-D3-N4-R90-10-MM-G08,Curdlan,H?O? oxidation,D3,N4,0.9,0.1,Medium,0.8,,,,,,,
C-HO-D3-N4-R90-10-MM-G20,Curdlan,H?O? oxidation,D3,N4,0.9,0.1,Medium,2,,,,,,,
C-HO-D3-N4-R90-10-ML-G01,Curdlan,H?O? oxidation,D3,N4,0.9,0.1,Low,0.1,,,,,,,
C-HO-D3-N4-R90-10-ML-G08,Curdlan,H?O? oxidation,D3,N4,0.9,0.1,Low,0.8,,,,,,,
C-HO-D3-N4-R90-10-ML-G20,Curdlan,H?O? oxidation,D3,N4,0.9,0.1,Low,2,,,,,,,
C-HO-D3-N4-R90-10-MU-G01,Curdlan,H?O? oxidation,D3,N4,0.9,0.1,Unspecified,0.1,,,,,,,
C-HO-D3-N4-R90-10-MU-G08,Curdlan,H?O? oxidation,D3,N4,0.9,0.1,Unspecified,0.8,,,,,,,
C-HO-D3-N4-R90-10-MU-G20,Curdlan,H?O? oxidation,D3,N4,0.9,0.1,Unspecified,2,,,,,,,
C-HO-D3-N4-R70-30-MH-G01,Curdlan,H?O? oxidation,D3,N4,0.7,0.3,High,0.1,,,,,,,
C-HO-D3-N4-R70-30-MH-G08,Curdlan,H?O? oxidation,D3,N4,0.7,0.3,High,0.8,,,,,,,
C-HO-D3-N4-R70-30-MH-G20,Curdlan,H?O? oxidation,D3,N4,0.7,0.3,High,2,,,,,,,
C-HO-D3-N4-R70-30-MM-G01,Curdlan,H?O? oxidation,D3,N4,0.7,0.3,Medium,0.1,,,,,,,
C-HO-D3-N4-R70-30-MM-G08,Curdlan,H?O? oxidation,D3,N4,0.7,0.3,Medium,0.8,,,,,,,
C-HO-D3-N4-R70-30-MM-G20,Curdlan,H?O? oxidation,D3,N4,0.7,0.3,Medium,2,,,,,,,
C-HO-D3-N4-R70-30-ML-G01,Curdlan,H?O? oxidation,D3,N4,0.7,0.3,Low,0.1,,,,,,,
C-HO-D3-N4-R70-30-ML-G08,Curdlan,H?O? oxidation,D3,N4,0.7,0.3,Low,0.8,,,,,,,
C-HO-D3-N4-R70-30-ML-G20,Curdlan,H?O? oxidation,D3,N4,0.7,0.3,Low,2,,,,,,,
C-HO-D3-N4-R70-30-MU-G01,Curdlan,H?O? oxidation,D3,N4,0.7,0.3,Unspecified,0.1,,,,,,,
C-HO-D3-N4-R70-30-MU-G08,Curdlan,H?O? oxidation,D3,N4,0.7,0.3,Unspecified,0.8,,,,,,,
C-HO-D3-N4-R70-30-MU-G20,Curdlan,H?O? oxidation,D3,N4,0.7,0.3,Unspecified,2,,,,,,,
C-HO-D3-N4-R50-50-MH-G01,Curdlan,H?O? oxidation,D3,N4,0.5,0.5,High,0.1,,,,,,,
C-HO-D3-N4-R50-50-MH-G08,Curdlan,H?O? oxidation,D3,N4,0.5,0.5,High,0.8,,,,,,,
C-HO-D3-N4-R50-50-MH-G20,Curdlan,H?O? oxidation,D3,N4,0.5,0.5,High,2,,,,,,,
C-HO-D3-N4-R50-50-MM-G01,Curdlan,H?O? oxidation,D3,N4,0.5,0.5,Medium,0.1,,,,,,,
C-HO-D3-N4-R50-50-MM-G08,Curdlan,H?O? oxidation,D3,N4,0.5,0.5,Medium,0.8,,,,,,,
C-HO-D3-N4-R50-50-MM-G20,Curdlan,H?O? oxidation,D3,N4,0.5,0.5,Medium,2,,,,,,,
C-HO-D3-N4-R50-50-ML-G01,Curdlan,H?O? oxidation,D3,N4,0.5,0.5,Low,0.1,,,,,,,
C-HO-D3-N4-R50-50-ML-G08,Curdlan,H?O? oxidation,D3,N4,0.5,0.5,Low,0.8,,,,,,,
C-HO-D3-N4-R50-50-ML-G20,Curdlan,H?O? oxidation,D3,N4,0.5,0.5,Low,2,,,,,,,
C-HO-D3-N4-R50-50-MU-G01,Curdlan,H?O? oxidation,D3,N4,0.5,0.5,Unspecified,0.1,,,,,,,
C-HO-D3-N4-R50-50-MU-G08,Curdlan,H?O? oxidation,D3,N4,0.5,0.5,Unspecified,0.8,,,,,,,
C-HO-D3-N4-R50-50-MU-G20,Curdlan,H?O? oxidation,D3,N4,0.5,0.5,Unspecified,2,,,,,,,
C-HO-D3-N5-R90-10-MH-G01,Curdlan,H?O? oxidation,D3,N5,0.9,0.1,High,0.1,,,,,,,
C-HO-D3-N5-R90-10-MH-G08,Curdlan,H?O? oxidation,D3,N5,0.9,0.1,High,0.8,,,,,,,
C-HO-D3-N5-R90-10-MH-G20,Curdlan,H?O? oxidation,D3,N5,0.9,0.1,High,2,,,,,,,
C-HO-D3-N5-R90-10-MM-G01,Curdlan,H?O? oxidation,D3,N5,0.9,0.1,Medium,0.1,,,,,,,
C-HO-D3-N5-R90-10-MM-G08,Curdlan,H?O? oxidation,D3,N5,0.9,0.1,Medium,0.8,,,,,,,
C-HO-D3-N5-R90-10-MM-G20,Curdlan,H?O? oxidation,D3,N5,0.9,0.1,Medium,2,,,,,,,
C-HO-D3-N5-R90-10-ML-G01,Curdlan,H?O? oxidation,D3,N5,0.9,0.1,Low,0.1,,,,,,,
C-HO-D3-N5-R90-10-ML-G08,Curdlan,H?O? oxidation,D3,N5,0.9,0.1,Low,0.8,,,,,,,
C-HO-D3-N5-R90-10-ML-G20,Curdlan,H?O? oxidation,D3,N5,0.9,0.1,Low,2,,,,,,,
C-HO-D3-N5-R90-10-MU-G01,Curdlan,H?O? oxidation,D3,N5,0.9,0.1,Unspecified,0.1,,,,,,,
C-HO-D3-N5-R90-10-MU-G08,Curdlan,H?O? oxidation,D3,N5,0.9,0.1,Unspecified,0.8,,,,,,,
C-HO-D3-N5-R90-10-MU-G20,Curdlan,H?O? oxidation,D3,N5,0.9,0.1,Unspecified,2,,,,,,,
C-HO-D3-N5-R70-30-MH-G01,Curdlan,H?O? oxidation,D3,N5,0.7,0.3,High,0.1,,,,,,,
C-HO-D3-N5-R70-30-MH-G08,Curdlan,H?O? oxidation,D3,N5,0.7,0.3,High,0.8,,,,,,,
C-HO-D3-N5-R70-30-MH-G20,Curdlan,H?O? oxidation,D3,N5,0.7,0.3,High,2,,,,,,,
C-HO-D3-N5-R70-30-MM-G01,Curdlan,H?O? oxidation,D3,N5,0.7,0.3,Medium,0.1,,,,,,,
C-HO-D3-N5-R70-30-MM-G08,Curdlan,H?O? oxidation,D3,N5,0.7,0.3,Medium,0.8,,,,,,,
C-HO-D3-N5-R70-30-MM-G20,Curdlan,H?O? oxidation,D3,N5,0.7,0.3,Medium,2,,,,,,,
C-HO-D3-N5-R70-30-ML-G01,Curdlan,H?O? oxidation,D3,N5,0.7,0.3,Low,0.1,,,,,,,
C-HO-D3-N5-R70-30-ML-G08,Curdlan,H?O? oxidation,D3,N5,0.7,0.3,Low,0.8,,,,,,,
C-HO-D3-N5-R70-30-ML-G20,Curdlan,H?O? oxidation,D3,N5,0.7,0.3,Low,2,,,,,,,
C-HO-D3-N5-R70-30-MU-G01,Curdlan,H?O? oxidation,D3,N5,0.7,0.3,Unspecified,0.1,,,,,,,
C-HO-D3-N5-R70-30-MU-G08,Curdlan,H?O? oxidation,D3,N5,0.7,0.3,Unspecified,0.8,,,,,,,
C-HO-D3-N5-R70-30-MU-G20,Curdlan,H?O? oxidation,D3,N5,0.7,0.3,Unspecified,2,,,,,,,
C-HO-D3-N5-R50-50-MH-G01,Curdlan,H?O? oxidation,D3,N5,0.5,0.5,High,0.1,,,,,,,
C-HO-D3-N5-R50-50-MH-G08,Curdlan,H?O? oxidation,D3,N5,0.5,0.5,High,0.8,,,,,,,
C-HO-D3-N5-R50-50-MH-G20,Curdlan,H?O? oxidation,D3,N5,0.5,0.5,High,2,,,,,,,
C-HO-D3-N5-R50-50-MM-G01,Curdlan,H?O? oxidation,D3,N5,0.5,0.5,Medium,0.1,,,,,,,
C-HO-D3-N5-R50-50-MM-G08,Curdlan,H?O? oxidation,D3,N5,0.5,0.5,Medium,0.8,,,,,,,
C-HO-D3-N5-R50-50-MM-G20,Curdlan,H?O? oxidation,D3,N5,0.5,0.5,Medium,2,,,,,,,
C-HO-D3-N5-R50-50-ML-G01,Curdlan,H?O? oxidation,D3,N5,0.5,0.5,Low,0.1,,,,,,,
C-HO-D3-N5-R50-50-ML-G08,Curdlan,H?O? oxidation,D3,N5,0.5,0.5,Low,0.8,,,,,,,
C-HO-D3-N5-R50-50-ML-G20,Curdlan,H?O? oxidation,D3,N5,0.5,0.5,Low,2,,,,,,,
C-HO-D3-N5-R50-50-MU-G01,Curdlan,H?O? oxidation,D3,N5,0.5,0.5,Unspecified,0.1,,,,,,,
C-HO-D3-N5-R50-50-MU-G08,Curdlan,H?O? oxidation,D3,N5,0.5,0.5,Unspecified,0.8,,,,,,,
C-HO-D3-N5-R50-50-MU-G20,Curdlan,H?O? oxidation,D3,N5,0.5,0.5,Unspecified,2,,,,,,,
C-HO-D3-N6-R90-10-MH-G01,Curdlan,H?O? oxidation,D3,N6,0.9,0.1,High,0.1,,,,,,,
C-HO-D3-N6-R90-10-MH-G08,Curdlan,H?O? oxidation,D3,N6,0.9,0.1,High,0.8,,,,,,,
C-HO-D3-N6-R90-10-MH-G20,Curdlan,H?O? oxidation,D3,N6,0.9,0.1,High,2,,,,,,,
C-HO-D3-N6-R90-10-MM-G01,Curdlan,H?O? oxidation,D3,N6,0.9,0.1,Medium,0.1,,,,,,,
C-HO-D3-N6-R90-10-MM-G08,Curdlan,H?O? oxidation,D3,N6,0.9,0.1,Medium,0.8,,,,,,,
C-HO-D3-N6-R90-10-MM-G20,Curdlan,H?O? oxidation,D3,N6,0.9,0.1,Medium,2,,,,,,,
C-HO-D3-N6-R90-10-ML-G01,Curdlan,H?O? oxidation,D3,N6,0.9,0.1,Low,0.1,,,,,,,
C-HO-D3-N6-R90-10-ML-G08,Curdlan,H?O? oxidation,D3,N6,0.9,0.1,Low,0.8,,,,,,,
C-HO-D3-N6-R90-10-ML-G20,Curdlan,H?O? oxidation,D3,N6,0.9,0.1,Low,2,,,,,,,
C-HO-D3-N6-R90-10-MU-G01,Curdlan,H?O? oxidation,D3,N6,0.9,0.1,Unspecified,0.1,,,,,,,
C-HO-D3-N6-R90-10-MU-G08,Curdlan,H?O? oxidation,D3,N6,0.9,0.1,Unspecified,0.8,,,,,,,
C-HO-D3-N6-R90-10-MU-G20,Curdlan,H?O? oxidation,D3,N6,0.9,0.1,Unspecified,2,,,,,,,
C-HO-D3-N6-R70-30-MH-G01,Curdlan,H?O? oxidation,D3,N6,0.7,0.3,High,0.1,,,,,,,
C-HO-D3-N6-R70-30-MH-G08,Curdlan,H?O? oxidation,D3,N6,0.7,0.3,High,0.8,,,,,,,
C-HO-D3-N6-R70-30-MH-G20,Curdlan,H?O? oxidation,D3,N6,0.7,0.3,High,2,,,,,,,
C-HO-D3-N6-R70-30-MM-G01,Curdlan,H?O? oxidation,D3,N6,0.7,0.3,Medium,0.1,,,,,,,
C-HO-D3-N6-R70-30-MM-G08,Curdlan,H?O? oxidation,D3,N6,0.7,0.3,Medium,0.8,,,,,,,
C-HO-D3-N6-R70-30-MM-G20,Curdlan,H?O? oxidation,D3,N6,0.7,0.3,Medium,2,,,,,,,
C-HO-D3-N6-R70-30-ML-G01,Curdlan,H?O? oxidation,D3,N6,0.7,0.3,Low,0.1,,,,,,,
C-HO-D3-N6-R70-30-ML-G08,Curdlan,H?O? oxidation,D3,N6,0.7,0.3,Low,0.8,,,,,,,
C-HO-D3-N6-R70-30-ML-G20,Curdlan,H?O? oxidation,D3,N6,0.7,0.3,Low,2,,,,,,,
C-HO-D3-N6-R70-30-MU-G01,Curdlan,H?O? oxidation,D3,N6,0.7,0.3,Unspecified,0.1,,,,,,,
C-HO-D3-N6-R70-30-MU-G08,Curdlan,H?O? oxidation,D3,N6,0.7,0.3,Unspecified,0.8,,,,,,,
C-HO-D3-N6-R70-30-MU-G20,Curdlan,H?O? oxidation,D3,N6,0.7,0.3,Unspecified,2,,,,,,,
C-HO-D3-N6-R50-50-MH-G01,Curdlan,H?O? oxidation,D3,N6,0.5,0.5,High,0.1,,,,,,,
C-HO-D3-N6-R50-50-MH-G08,Curdlan,H?O? oxidation,D3,N6,0.5,0.5,High,0.8,,,,,,,
C-HO-D3-N6-R50-50-MH-G20,Curdlan,H?O? oxidation,D3,N6,0.5,0.5,High,2,,,,,,,
C-HO-D3-N6-R50-50-MM-G01,Curdlan,H?O? oxidation,D3,N6,0.5,0.5,Medium,0.1,,,,,,,
C-HO-D3-N6-R50-50-MM-G08,Curdlan,H?O? oxidation,D3,N6,0.5,0.5,Medium,0.8,,,,,,,
C-HO-D3-N6-R50-50-MM-G20,Curdlan,H?O? oxidation,D3,N6,0.5,0.5,Medium,2,,,,,,,
C-HO-D3-N6-R50-50-ML-G01,Curdlan,H?O? oxidation,D3,N6,0.5,0.5,Low,0.1,,,,,,,
C-HO-D3-N6-R50-50-ML-G08,Curdlan,H?O? oxidation,D3,N6,0.5,0.5,Low,0.8,,,,,,,
C-HO-D3-N6-R50-50-ML-G20,Curdlan,H?O? oxidation,D3,N6,0.5,0.5,Low,2,,,,,,,
C-HO-D3-N6-R50-50-MU-G01,Curdlan,H?O? oxidation,D3,N6,0.5,0.5,Unspecified,0.1,,,,,,,
C-HO-D3-N6-R50-50-MU-G08,Curdlan,H?O? oxidation,D3,N6,0.5,0.5,Unspecified,0.8,,,,,,,
C-HO-D3-N6-R50-50-MU-G20,Curdlan,H?O? oxidation,D3,N6,0.5,0.5,Unspecified,2,,,,,,,
C-HO-D4-N1-R90-10-MH-G01,Curdlan,H?O? oxidation,D4,N1,0.9,0.1,High,0.1,,,,,,,
C-HO-D4-N1-R90-10-MH-G08,Curdlan,H?O? oxidation,D4,N1,0.9,0.1,High,0.8,,,,,,,
C-HO-D4-N1-R90-10-MH-G20,Curdlan,H?O? oxidation,D4,N1,0.9,0.1,High,2,,,,,,,
C-HO-D4-N1-R90-10-MM-G01,Curdlan,H?O? oxidation,D4,N1,0.9,0.1,Medium,0.1,,,,,,,
C-HO-D4-N1-R90-10-MM-G08,Curdlan,H?O? oxidation,D4,N1,0.9,0.1,Medium,0.8,,,,,,,
C-HO-D4-N1-R90-10-MM-G20,Curdlan,H?O? oxidation,D4,N1,0.9,0.1,Medium,2,,,,,,,
C-HO-D4-N1-R90-10-ML-G01,Curdlan,H?O? oxidation,D4,N1,0.9,0.1,Low,0.1,,,,,,,
C-HO-D4-N1-R90-10-ML-G08,Curdlan,H?O? oxidation,D4,N1,0.9,0.1,Low,0.8,,,,,,,
C-HO-D4-N1-R90-10-ML-G20,Curdlan,H?O? oxidation,D4,N1,0.9,0.1,Low,2,,,,,,,
C-HO-D4-N1-R90-10-MU-G01,Curdlan,H?O? oxidation,D4,N1,0.9,0.1,Unspecified,0.1,,,,,,,
C-HO-D4-N1-R90-10-MU-G08,Curdlan,H?O? oxidation,D4,N1,0.9,0.1,Unspecified,0.8,,,,,,,
C-HO-D4-N1-R90-10-MU-G20,Curdlan,H?O? oxidation,D4,N1,0.9,0.1,Unspecified,2,,,,,,,
C-HO-D4-N1-R70-30-MH-G01,Curdlan,H?O? oxidation,D4,N1,0.7,0.3,High,0.1,,,,,,,
C-HO-D4-N1-R70-30-MH-G08,Curdlan,H?O? oxidation,D4,N1,0.7,0.3,High,0.8,,,,,,,
C-HO-D4-N1-R70-30-MH-G20,Curdlan,H?O? oxidation,D4,N1,0.7,0.3,High,2,,,,,,,
C-HO-D4-N1-R70-30-MM-G01,Curdlan,H?O? oxidation,D4,N1,0.7,0.3,Medium,0.1,,,,,,,
C-HO-D4-N1-R70-30-MM-G08,Curdlan,H?O? oxidation,D4,N1,0.7,0.3,Medium,0.8,,,,,,,
C-HO-D4-N1-R70-30-MM-G20,Curdlan,H?O? oxidation,D4,N1,0.7,0.3,Medium,2,,,,,,,
C-HO-D4-N1-R70-30-ML-G01,Curdlan,H?O? oxidation,D4,N1,0.7,0.3,Low,0.1,,,,,,,
C-HO-D4-N1-R70-30-ML-G08,Curdlan,H?O? oxidation,D4,N1,0.7,0.3,Low,0.8,,,,,,,
C-HO-D4-N1-R70-30-ML-G20,Curdlan,H?O? oxidation,D4,N1,0.7,0.3,Low,2,,,,,,,
C-HO-D4-N1-R70-30-MU-G01,Curdlan,H?O? oxidation,D4,N1,0.7,0.3,Unspecified,0.1,,,,,,,
C-HO-D4-N1-R70-30-MU-G08,Curdlan,H?O? oxidation,D4,N1,0.7,0.3,Unspecified,0.8,,,,,,,
C-HO-D4-N1-R70-30-MU-G20,Curdlan,H?O? oxidation,D4,N1,0.7,0.3,Unspecified,2,,,,,,,
C-HO-D4-N1-R50-50-MH-G01,Curdlan,H?O? oxidation,D4,N1,0.5,0.5,High,0.1,,,,,,,
C-HO-D4-N1-R50-50-MH-G08,Curdlan,H?O? oxidation,D4,N1,0.5,0.5,High,0.8,,,,,,,
C-HO-D4-N1-R50-50-MH-G20,Curdlan,H?O? oxidation,D4,N1,0.5,0.5,High,2,,,,,,,
C-HO-D4-N1-R50-50-MM-G01,Curdlan,H?O? oxidation,D4,N1,0.5,0.5,Medium,0.1,,,,,,,
C-HO-D4-N1-R50-50-MM-G08,Curdlan,H?O? oxidation,D4,N1,0.5,0.5,Medium,0.8,,,,,,,
C-HO-D4-N1-R50-50-MM-G20,Curdlan,H?O? oxidation,D4,N1,0.5,0.5,Medium,2,,,,,,,
C-HO-D4-N1-R50-50-ML-G01,Curdlan,H?O? oxidation,D4,N1,0.5,0.5,Low,0.1,,,,,,,
C-HO-D4-N1-R50-50-ML-G08,Curdlan,H?O? oxidation,D4,N1,0.5,0.5,Low,0.8,,,,,,,
C-HO-D4-N1-R50-50-ML-G20,Curdlan,H?O? oxidation,D4,N1,0.5,0.5,Low,2,,,,,,,
C-HO-D4-N1-R50-50-MU-G01,Curdlan,H?O? oxidation,D4,N1,0.5,0.5,Unspecified,0.1,,,,,,,
C-HO-D4-N1-R50-50-MU-G08,Curdlan,H?O? oxidation,D4,N1,0.5,0.5,Unspecified,0.8,,,,,,,
C-HO-D4-N1-R50-50-MU-G20,Curdlan,H?O? oxidation,D4,N1,0.5,0.5,Unspecified,2,,,,,,,
C-HO-D4-N2-R90-10-MH-G01,Curdlan,H?O? oxidation,D4,N2,0.9,0.1,High,0.1,,,,,,,
C-HO-D4-N2-R90-10-MH-G08,Curdlan,H?O? oxidation,D4,N2,0.9,0.1,High,0.8,,,,,,,
C-HO-D4-N2-R90-10-MH-G20,Curdlan,H?O? oxidation,D4,N2,0.9,0.1,High,2,,,,,,,
C-HO-D4-N2-R90-10-MM-G01,Curdlan,H?O? oxidation,D4,N2,0.9,0.1,Medium,0.1,,,,,,,
C-HO-D4-N2-R90-10-MM-G08,Curdlan,H?O? oxidation,D4,N2,0.9,0.1,Medium,0.8,,,,,,,
C-HO-D4-N2-R90-10-MM-G20,Curdlan,H?O? oxidation,D4,N2,0.9,0.1,Medium,2,,,,,,,
C-HO-D4-N2-R90-10-ML-G01,Curdlan,H?O? oxidation,D4,N2,0.9,0.1,Low,0.1,,,,,,,
C-HO-D4-N2-R90-10-ML-G08,Curdlan,H?O? oxidation,D4,N2,0.9,0.1,Low,0.8,,,,,,,
C-HO-D4-N2-R90-10-ML-G20,Curdlan,H?O? oxidation,D4,N2,0.9,0.1,Low,2,,,,,,,
C-HO-D4-N2-R90-10-MU-G01,Curdlan,H?O? oxidation,D4,N2,0.9,0.1,Unspecified,0.1,,,,,,,
C-HO-D4-N2-R90-10-MU-G08,Curdlan,H?O? oxidation,D4,N2,0.9,0.1,Unspecified,0.8,,,,,,,
C-HO-D4-N2-R90-10-MU-G20,Curdlan,H?O? oxidation,D4,N2,0.9,0.1,Unspecified,2,,,,,,,
C-HO-D4-N2-R70-30-MH-G01,Curdlan,H?O? oxidation,D4,N2,0.7,0.3,High,0.1,,,,,,,
C-HO-D4-N2-R70-30-MH-G08,Curdlan,H?O? oxidation,D4,N2,0.7,0.3,High,0.8,,,,,,,
C-HO-D4-N2-R70-30-MH-G20,Curdlan,H?O? oxidation,D4,N2,0.7,0.3,High,2,,,,,,,
C-HO-D4-N2-R70-30-MM-G01,Curdlan,H?O? oxidation,D4,N2,0.7,0.3,Medium,0.1,,,,,,,
C-HO-D4-N2-R70-30-MM-G08,Curdlan,H?O? oxidation,D4,N2,0.7,0.3,Medium,0.8,,,,,,,
C-HO-D4-N2-R70-30-MM-G20,Curdlan,H?O? oxidation,D4,N2,0.7,0.3,Medium,2,,,,,,,
C-HO-D4-N2-R70-30-ML-G01,Curdlan,H?O? oxidation,D4,N2,0.7,0.3,Low,0.1,,,,,,,
C-HO-D4-N2-R70-30-ML-G08,Curdlan,H?O? oxidation,D4,N2,0.7,0.3,Low,0.8,,,,,,,
C-HO-D4-N2-R70-30-ML-G20,Curdlan,H?O? oxidation,D4,N2,0.7,0.3,Low,2,,,,,,,
C-HO-D4-N2-R70-30-MU-G01,Curdlan,H?O? oxidation,D4,N2,0.7,0.3,Unspecified,0.1,,,,,,,
C-HO-D4-N2-R70-30-MU-G08,Curdlan,H?O? oxidation,D4,N2,0.7,0.3,Unspecified,0.8,,,,,,,
C-HO-D4-N2-R70-30-MU-G20,Curdlan,H?O? oxidation,D4,N2,0.7,0.3,Unspecified,2,,,,,,,
C-HO-D4-N2-R50-50-MH-G01,Curdlan,H?O? oxidation,D4,N2,0.5,0.5,High,0.1,,,,,,,
C-HO-D4-N2-R50-50-MH-G08,Curdlan,H?O? oxidation,D4,N2,0.5,0.5,High,0.8,,,,,,,
C-HO-D4-N2-R50-50-MH-G20,Curdlan,H?O? oxidation,D4,N2,0.5,0.5,High,2,,,,,,,
C-HO-D4-N2-R50-50-MM-G01,Curdlan,H?O? oxidation,D4,N2,0.5,0.5,Medium,0.1,,,,,,,
C-HO-D4-N2-R50-50-MM-G08,Curdlan,H?O? oxidation,D4,N2,0.5,0.5,Medium,0.8,,,,,,,
C-HO-D4-N2-R50-50-MM-G20,Curdlan,H?O? oxidation,D4,N2,0.5,0.5,Medium,2,,,,,,,
C-HO-D4-N2-R50-50-ML-G01,Curdlan,H?O? oxidation,D4,N2,0.5,0.5,Low,0.1,,,,,,,
C-HO-D4-N2-R50-50-ML-G08,Curdlan,H?O? oxidation,D4,N2,0.5,0.5,Low,0.8,,,,,,,
C-HO-D4-N2-R50-50-ML-G20,Curdlan,H?O? oxidation,D4,N2,0.5,0.5,Low,2,,,,,,,
C-HO-D4-N2-R50-50-MU-G01,Curdlan,H?O? oxidation,D4,N2,0.5,0.5,Unspecified,0.1,,,,,,,
C-HO-D4-N2-R50-50-MU-G08,Curdlan,H?O? oxidation,D4,N2,0.5,0.5,Unspecified,0.8,,,,,,,
C-HO-D4-N2-R50-50-MU-G20,Curdlan,H?O? oxidation,D4,N2,0.5,0.5,Unspecified,2,,,,,,,
C-HO-D4-N3-R90-10-MH-G01,Curdlan,H?O? oxidation,D4,N3,0.9,0.1,High,0.1,,,,,,,
C-HO-D4-N3-R90-10-MH-G08,Curdlan,H?O? oxidation,D4,N3,0.9,0.1,High,0.8,,,,,,,
C-HO-D4-N3-R90-10-MH-G20,Curdlan,H?O? oxidation,D4,N3,0.9,0.1,High,2,,,,,,,
C-HO-D4-N3-R90-10-MM-G01,Curdlan,H?O? oxidation,D4,N3,0.9,0.1,Medium,0.1,,,,,,,
C-HO-D4-N3-R90-10-MM-G08,Curdlan,H?O? oxidation,D4,N3,0.9,0.1,Medium,0.8,,,,,,,
C-HO-D4-N3-R90-10-MM-G20,Curdlan,H?O? oxidation,D4,N3,0.9,0.1,Medium,2,,,,,,,
C-HO-D4-N3-R90-10-ML-G01,Curdlan,H?O? oxidation,D4,N3,0.9,0.1,Low,0.1,,,,,,,
C-HO-D4-N3-R90-10-ML-G08,Curdlan,H?O? oxidation,D4,N3,0.9,0.1,Low,0.8,,,,,,,
C-HO-D4-N3-R90-10-ML-G20,Curdlan,H?O? oxidation,D4,N3,0.9,0.1,Low,2,,,,,,,
C-HO-D4-N3-R90-10-MU-G01,Curdlan,H?O? oxidation,D4,N3,0.9,0.1,Unspecified,0.1,,,,,,,
C-HO-D4-N3-R90-10-MU-G08,Curdlan,H?O? oxidation,D4,N3,0.9,0.1,Unspecified,0.8,,,,,,,
C-HO-D4-N3-R90-10-MU-G20,Curdlan,H?O? oxidation,D4,N3,0.9,0.1,Unspecified,2,,,,,,,
C-HO-D4-N3-R70-30-MH-G01,Curdlan,H?O? oxidation,D4,N3,0.7,0.3,High,0.1,,,,,,,
C-HO-D4-N3-R70-30-MH-G08,Curdlan,H?O? oxidation,D4,N3,0.7,0.3,High,0.8,,,,,,,
C-HO-D4-N3-R70-30-MH-G20,Curdlan,H?O? oxidation,D4,N3,0.7,0.3,High,2,,,,,,,
C-HO-D4-N3-R70-30-MM-G01,Curdlan,H?O? oxidation,D4,N3,0.7,0.3,Medium,0.1,,,,,,,
C-HO-D4-N3-R70-30-MM-G08,Curdlan,H?O? oxidation,D4,N3,0.7,0.3,Medium,0.8,,,,,,,
C-HO-D4-N3-R70-30-MM-G20,Curdlan,H?O? oxidation,D4,N3,0.7,0.3,Medium,2,,,,,,,
C-HO-D4-N3-R70-30-ML-G01,Curdlan,H?O? oxidation,D4,N3,0.7,0.3,Low,0.1,,,,,,,
C-HO-D4-N3-R70-30-ML-G08,Curdlan,H?O? oxidation,D4,N3,0.7,0.3,Low,0.8,,,,,,,
C-HO-D4-N3-R70-30-ML-G20,Curdlan,H?O? oxidation,D4,N3,0.7,0.3,Low,2,,,,,,,
C-HO-D4-N3-R70-30-MU-G01,Curdlan,H?O? oxidation,D4,N3,0.7,0.3,Unspecified,0.1,,,,,,,
C-HO-D4-N3-R70-30-MU-G08,Curdlan,H?O? oxidation,D4,N3,0.7,0.3,Unspecified,0.8,,,,,,,
C-HO-D4-N3-R70-30-MU-G20,Curdlan,H?O? oxidation,D4,N3,0.7,0.3,Unspecified,2,,,,,,,
C-HO-D4-N3-R50-50-MH-G01,Curdlan,H?O? oxidation,D4,N3,0.5,0.5,High,0.1,,,,,,,
C-HO-D4-N3-R50-50-MH-G08,Curdlan,H?O? oxidation,D4,N3,0.5,0.5,High,0.8,,,,,,,
C-HO-D4-N3-R50-50-MH-G20,Curdlan,H?O? oxidation,D4,N3,0.5,0.5,High,2,,,,,,,
C-HO-D4-N3-R50-50-MM-G01,Curdlan,H?O? oxidation,D4,N3,0.5,0.5,Medium,0.1,,,,,,,
C-HO-D4-N3-R50-50-MM-G08,Curdlan,H?O? oxidation,D4,N3,0.5,0.5,Medium,0.8,,,,,,,
C-HO-D4-N3-R50-50-MM-G20,Curdlan,H?O? oxidation,D4,N3,0.5,0.5,Medium,2,,,,,,,
C-HO-D4-N3-R50-50-ML-G01,Curdlan,H?O? oxidation,D4,N3,0.5,0.5,Low,0.1,,,,,,,
C-HO-D4-N3-R50-50-ML-G08,Curdlan,H?O? oxidation,D4,N3,0.5,0.5,Low,0.8,,,,,,,
C-HO-D4-N3-R50-50-ML-G20,Curdlan,H?O? oxidation,D4,N3,0.5,0.5,Low,2,,,,,,,
C-HO-D4-N3-R50-50-MU-G01,Curdlan,H?O? oxidation,D4,N3,0.5,0.5,Unspecified,0.1,,,,,,,
C-HO-D4-N3-R50-50-MU-G08,Curdlan,H?O? oxidation,D4,N3,0.5,0.5,Unspecified,0.8,,,,,,,
C-HO-D4-N3-R50-50-MU-G20,Curdlan,H?O? oxidation,D4,N3,0.5,0.5,Unspecified,2,,,,,,,
C-HO-D4-N4-R90-10-MH-G01,Curdlan,H?O? oxidation,D4,N4,0.9,0.1,High,0.1,,,,,,,
C-HO-D4-N4-R90-10-MH-G08,Curdlan,H?O? oxidation,D4,N4,0.9,0.1,High,0.8,,,,,,,
C-HO-D4-N4-R90-10-MH-G20,Curdlan,H?O? oxidation,D4,N4,0.9,0.1,High,2,,,,,,,
C-HO-D4-N4-R90-10-MM-G01,Curdlan,H?O? oxidation,D4,N4,0.9,0.1,Medium,0.1,,,,,,,
C-HO-D4-N4-R90-10-MM-G08,Curdlan,H?O? oxidation,D4,N4,0.9,0.1,Medium,0.8,,,,,,,
C-HO-D4-N4-R90-10-MM-G20,Curdlan,H?O? oxidation,D4,N4,0.9,0.1,Medium,2,,,,,,,
C-HO-D4-N4-R90-10-ML-G01,Curdlan,H?O? oxidation,D4,N4,0.9,0.1,Low,0.1,,,,,,,
C-HO-D4-N4-R90-10-ML-G08,Curdlan,H?O? oxidation,D4,N4,0.9,0.1,Low,0.8,,,,,,,
C-HO-D4-N4-R90-10-ML-G20,Curdlan,H?O? oxidation,D4,N4,0.9,0.1,Low,2,,,,,,,
C-HO-D4-N4-R90-10-MU-G01,Curdlan,H?O? oxidation,D4,N4,0.9,0.1,Unspecified,0.1,,,,,,,
C-HO-D4-N4-R90-10-MU-G08,Curdlan,H?O? oxidation,D4,N4,0.9,0.1,Unspecified,0.8,,,,,,,
C-HO-D4-N4-R90-10-MU-G20,Curdlan,H?O? oxidation,D4,N4,0.9,0.1,Unspecified,2,,,,,,,
C-HO-D4-N4-R70-30-MH-G01,Curdlan,H?O? oxidation,D4,N4,0.7,0.3,High,0.1,,,,,,,
C-HO-D4-N4-R70-30-MH-G08,Curdlan,H?O? oxidation,D4,N4,0.7,0.3,High,0.8,,,,,,,
C-HO-D4-N4-R70-30-MH-G20,Curdlan,H?O? oxidation,D4,N4,0.7,0.3,High,2,,,,,,,
C-HO-D4-N4-R70-30-MM-G01,Curdlan,H?O? oxidation,D4,N4,0.7,0.3,Medium,0.1,,,,,,,
C-HO-D4-N4-R70-30-MM-G08,Curdlan,H?O? oxidation,D4,N4,0.7,0.3,Medium,0.8,,,,,,,
C-HO-D4-N4-R70-30-MM-G20,Curdlan,H?O? oxidation,D4,N4,0.7,0.3,Medium,2,,,,,,,
C-HO-D4-N4-R70-30-ML-G01,Curdlan,H?O? oxidation,D4,N4,0.7,0.3,Low,0.1,,,,,,,
C-HO-D4-N4-R70-30-ML-G08,Curdlan,H?O? oxidation,D4,N4,0.7,0.3,Low,0.8,,,,,,,
C-HO-D4-N4-R70-30-ML-G20,Curdlan,H?O? oxidation,D4,N4,0.7,0.3,Low,2,,,,,,,
C-HO-D4-N4-R70-30-MU-G01,Curdlan,H?O? oxidation,D4,N4,0.7,0.3,Unspecified,0.1,,,,,,,
C-HO-D4-N4-R70-30-MU-G08,Curdlan,H?O? oxidation,D4,N4,0.7,0.3,Unspecified,0.8,,,,,,,
C-HO-D4-N4-R70-30-MU-G20,Curdlan,H?O? oxidation,D4,N4,0.7,0.3,Unspecified,2,,,,,,,
C-HO-D4-N4-R50-50-MH-G01,Curdlan,H?O? oxidation,D4,N4,0.5,0.5,High,0.1,,,,,,,
C-HO-D4-N4-R50-50-MH-G08,Curdlan,H?O? oxidation,D4,N4,0.5,0.5,High,0.8,,,,,,,
C-HO-D4-N4-R50-50-MH-G20,Curdlan,H?O? oxidation,D4,N4,0.5,0.5,High,2,,,,,,,
C-HO-D4-N4-R50-50-MM-G01,Curdlan,H?O? oxidation,D4,N4,0.5,0.5,Medium,0.1,,,,,,,
C-HO-D4-N4-R50-50-MM-G08,Curdlan,H?O? oxidation,D4,N4,0.5,0.5,Medium,0.8,,,,,,,
C-HO-D4-N4-R50-50-MM-G20,Curdlan,H?O? oxidation,D4,N4,0.5,0.5,Medium,2,,,,,,,
C-HO-D4-N4-R50-50-ML-G01,Curdlan,H?O? oxidation,D4,N4,0.5,0.5,Low,0.1,,,,,,,
C-HO-D4-N4-R50-50-ML-G08,Curdlan,H?O? oxidation,D4,N4,0.5,0.5,Low,0.8,,,,,,,
C-HO-D4-N4-R50-50-ML-G20,Curdlan,H?O? oxidation,D4,N4,0.5,0.5,Low,2,,,,,,,
C-HO-D4-N4-R50-50-MU-G01,Curdlan,H?O? oxidation,D4,N4,0.5,0.5,Unspecified,0.1,,,,,,,
C-HO-D4-N4-R50-50-MU-G08,Curdlan,H?O? oxidation,D4,N4,0.5,0.5,Unspecified,0.8,,,,,,,
C-HO-D4-N4-R50-50-MU-G20,Curdlan,H?O? oxidation,D4,N4,0.5,0.5,Unspecified,2,,,,,,,
C-HO-D4-N5-R90-10-MH-G01,Curdlan,H?O? oxidation,D4,N5,0.9,0.1,High,0.1,,,,,,,
C-HO-D4-N5-R90-10-MH-G08,Curdlan,H?O? oxidation,D4,N5,0.9,0.1,High,0.8,,,,,,,
C-HO-D4-N5-R90-10-MH-G20,Curdlan,H?O? oxidation,D4,N5,0.9,0.1,High,2,,,,,,,
C-HO-D4-N5-R90-10-MM-G01,Curdlan,H?O? oxidation,D4,N5,0.9,0.1,Medium,0.1,,,,,,,
C-HO-D4-N5-R90-10-MM-G08,Curdlan,H?O? oxidation,D4,N5,0.9,0.1,Medium,0.8,,,,,,,
C-HO-D4-N5-R90-10-MM-G20,Curdlan,H?O? oxidation,D4,N5,0.9,0.1,Medium,2,,,,,,,
C-HO-D4-N5-R90-10-ML-G01,Curdlan,H?O? oxidation,D4,N5,0.9,0.1,Low,0.1,,,,,,,
C-HO-D4-N5-R90-10-ML-G08,Curdlan,H?O? oxidation,D4,N5,0.9,0.1,Low,0.8,,,,,,,
C-HO-D4-N5-R90-10-ML-G20,Curdlan,H?O? oxidation,D4,N5,0.9,0.1,Low,2,,,,,,,
C-HO-D4-N5-R90-10-MU-G01,Curdlan,H?O? oxidation,D4,N5,0.9,0.1,Unspecified,0.1,,,,,,,
C-HO-D4-N5-R90-10-MU-G08,Curdlan,H?O? oxidation,D4,N5,0.9,0.1,Unspecified,0.8,,,,,,,
C-HO-D4-N5-R90-10-MU-G20,Curdlan,H?O? oxidation,D4,N5,0.9,0.1,Unspecified,2,,,,,,,
C-HO-D4-N5-R70-30-MH-G01,Curdlan,H?O? oxidation,D4,N5,0.7,0.3,High,0.1,,,,,,,
C-HO-D4-N5-R70-30-MH-G08,Curdlan,H?O? oxidation,D4,N5,0.7,0.3,High,0.8,,,,,,,
C-HO-D4-N5-R70-30-MH-G20,Curdlan,H?O? oxidation,D4,N5,0.7,0.3,High,2,,,,,,,
C-HO-D4-N5-R70-30-MM-G01,Curdlan,H?O? oxidation,D4,N5,0.7,0.3,Medium,0.1,,,,,,,
C-HO-D4-N5-R70-30-MM-G08,Curdlan,H?O? oxidation,D4,N5,0.7,0.3,Medium,0.8,,,,,,,
C-HO-D4-N5-R70-30-MM-G20,Curdlan,H?O? oxidation,D4,N5,0.7,0.3,Medium,2,,,,,,,
C-HO-D4-N5-R70-30-ML-G01,Curdlan,H?O? oxidation,D4,N5,0.7,0.3,Low,0.1,,,,,,,
C-HO-D4-N5-R70-30-ML-G08,Curdlan,H?O? oxidation,D4,N5,0.7,0.3,Low,0.8,,,,,,,
C-HO-D4-N5-R70-30-ML-G20,Curdlan,H?O? oxidation,D4,N5,0.7,0.3,Low,2,,,,,,,
C-HO-D4-N5-R70-30-MU-G01,Curdlan,H?O? oxidation,D4,N5,0.7,0.3,Unspecified,0.1,,,,,,,
C-HO-D4-N5-R70-30-MU-G08,Curdlan,H?O? oxidation,D4,N5,0.7,0.3,Unspecified,0.8,,,,,,,
C-HO-D4-N5-R70-30-MU-G20,Curdlan,H?O? oxidation,D4,N5,0.7,0.3,Unspecified,2,,,,,,,
C-HO-D4-N5-R50-50-MH-G01,Curdlan,H?O? oxidation,D4,N5,0.5,0.5,High,0.1,,,,,,,
C-HO-D4-N5-R50-50-MH-G08,Curdlan,H?O? oxidation,D4,N5,0.5,0.5,High,0.8,,,,,,,
C-HO-D4-N5-R50-50-MH-G20,Curdlan,H?O? oxidation,D4,N5,0.5,0.5,High,2,,,,,,,
C-HO-D4-N5-R50-50-MM-G01,Curdlan,H?O? oxidation,D4,N5,0.5,0.5,Medium,0.1,,,,,,,
C-HO-D4-N5-R50-50-MM-G08,Curdlan,H?O? oxidation,D4,N5,0.5,0.5,Medium,0.8,,,,,,,
C-HO-D4-N5-R50-50-MM-G20,Curdlan,H?O? oxidation,D4,N5,0.5,0.5,Medium,2,,,,,,,
C-HO-D4-N5-R50-50-ML-G01,Curdlan,H?O? oxidation,D4,N5,0.5,0.5,Low,0.1,,,,,,,
C-HO-D4-N5-R50-50-ML-G08,Curdlan,H?O? oxidation,D4,N5,0.5,0.5,Low,0.8,,,,,,,
C-HO-D4-N5-R50-50-ML-G20,Curdlan,H?O? oxidation,D4,N5,0.5,0.5,Low,2,,,,,,,
C-HO-D4-N5-R50-50-MU-G01,Curdlan,H?O? oxidation,D4,N5,0.5,0.5,Unspecified,0.1,,,,,,,
C-HO-D4-N5-R50-50-MU-G08,Curdlan,H?O? oxidation,D4,N5,0.5,0.5,Unspecified,0.8,,,,,,,
C-HO-D4-N5-R50-50-MU-G20,Curdlan,H?O? oxidation,D4,N5,0.5,0.5,Unspecified,2,,,,,,,
C-HO-D4-N6-R90-10-MH-G01,Curdlan,H?O? oxidation,D4,N6,0.9,0.1,High,0.1,,,,,,,
C-HO-D4-N6-R90-10-MH-G08,Curdlan,H?O? oxidation,D4,N6,0.9,0.1,High,0.8,,,,,,,
C-HO-D4-N6-R90-10-MH-G20,Curdlan,H?O? oxidation,D4,N6,0.9,0.1,High,2,,,,,,,
C-HO-D4-N6-R90-10-MM-G01,Curdlan,H?O? oxidation,D4,N6,0.9,0.1,Medium,0.1,,,,,,,
C-HO-D4-N6-R90-10-MM-G08,Curdlan,H?O? oxidation,D4,N6,0.9,0.1,Medium,0.8,,,,,,,
C-HO-D4-N6-R90-10-MM-G20,Curdlan,H?O? oxidation,D4,N6,0.9,0.1,Medium,2,,,,,,,
C-HO-D4-N6-R90-10-ML-G01,Curdlan,H?O? oxidation,D4,N6,0.9,0.1,Low,0.1,,,,,,,
C-HO-D4-N6-R90-10-ML-G08,Curdlan,H?O? oxidation,D4,N6,0.9,0.1,Low,0.8,,,,,,,
C-HO-D4-N6-R90-10-ML-G20,Curdlan,H?O? oxidation,D4,N6,0.9,0.1,Low,2,,,,,,,
C-HO-D4-N6-R90-10-MU-G01,Curdlan,H?O? oxidation,D4,N6,0.9,0.1,Unspecified,0.1,,,,,,,
C-HO-D4-N6-R90-10-MU-G08,Curdlan,H?O? oxidation,D4,N6,0.9,0.1,Unspecified,0.8,,,,,,,
C-HO-D4-N6-R90-10-MU-G20,Curdlan,H?O? oxidation,D4,N6,0.9,0.1,Unspecified,2,,,,,,,
C-HO-D4-N6-R70-30-MH-G01,Curdlan,H?O? oxidation,D4,N6,0.7,0.3,High,0.1,,,,,,,
C-HO-D4-N6-R70-30-MH-G08,Curdlan,H?O? oxidation,D4,N6,0.7,0.3,High,0.8,,,,,,,
C-HO-D4-N6-R70-30-MH-G20,Curdlan,H?O? oxidation,D4,N6,0.7,0.3,High,2,,,,,,,
C-HO-D4-N6-R70-30-MM-G01,Curdlan,H?O? oxidation,D4,N6,0.7,0.3,Medium,0.1,,,,,,,
C-HO-D4-N6-R70-30-MM-G08,Curdlan,H?O? oxidation,D4,N6,0.7,0.3,Medium,0.8,,,,,,,
C-HO-D4-N6-R70-30-MM-G20,Curdlan,H?O? oxidation,D4,N6,0.7,0.3,Medium,2,,,,,,,
C-HO-D4-N6-R70-30-ML-G01,Curdlan,H?O? oxidation,D4,N6,0.7,0.3,Low,0.1,,,,,,,
C-HO-D4-N6-R70-30-ML-G08,Curdlan,H?O? oxidation,D4,N6,0.7,0.3,Low,0.8,,,,,,,
C-HO-D4-N6-R70-30-ML-G20,Curdlan,H?O? oxidation,D4,N6,0.7,0.3,Low,2,,,,,,,
C-HO-D4-N6-R70-30-MU-G01,Curdlan,H?O? oxidation,D4,N6,0.7,0.3,Unspecified,0.1,,,,,,,
C-HO-D4-N6-R70-30-MU-G08,Curdlan,H?O? oxidation,D4,N6,0.7,0.3,Unspecified,0.8,,,,,,,
C-HO-D4-N6-R70-30-MU-G20,Curdlan,H?O? oxidation,D4,N6,0.7,0.3,Unspecified,2,,,,,,,
C-HO-D4-N6-R50-50-MH-G01,Curdlan,H?O? oxidation,D4,N6,0.5,0.5,High,0.1,,,,,,,
C-HO-D4-N6-R50-50-MH-G08,Curdlan,H?O? oxidation,D4,N6,0.5,0.5,High,0.8,,,,,,,
C-HO-D4-N6-R50-50-MH-G20,Curdlan,H?O? oxidation,D4,N6,0.5,0.5,High,2,,,,,,,
C-HO-D4-N6-R50-50-MM-G01,Curdlan,H?O? oxidation,D4,N6,0.5,0.5,Medium,0.1,,,,,,,
C-HO-D4-N6-R50-50-MM-G08,Curdlan,H?O? oxidation,D4,N6,0.5,0.5,Medium,0.8,,,,,,,
C-HO-D4-N6-R50-50-MM-G20,Curdlan,H?O? oxidation,D4,N6,0.5,0.5,Medium,2,,,,,,,
C-HO-D4-N6-R50-50-ML-G01,Curdlan,H?O? oxidation,D4,N6,0.5,0.5,Low,0.1,,,,,,,
C-HO-D4-N6-R50-50-ML-G08,Curdlan,H?O? oxidation,D4,N6,0.5,0.5,Low,0.8,,,,,,,
C-HO-D4-N6-R50-50-ML-G20,Curdlan,H?O? oxidation,D4,N6,0.5,0.5,Low,2,,,,,,,
C-HO-D4-N6-R50-50-MU-G01,Curdlan,H?O? oxidation,D4,N6,0.5,0.5,Unspecified,0.1,,,,,,,
C-HO-D4-N6-R50-50-MU-G08,Curdlan,H?O? oxidation,D4,N6,0.5,0.5,Unspecified,0.8,,,,,,,
C-HO-D4-N6-R50-50-MU-G20,Curdlan,H?O? oxidation,D4,N6,0.5,0.5,Unspecified,2,,,,,,,
C-HO-D5-N1-R90-10-MH-G01,Curdlan,H?O? oxidation,D5,N1,0.9,0.1,High,0.1,,,,,,,
C-HO-D5-N1-R90-10-MH-G08,Curdlan,H?O? oxidation,D5,N1,0.9,0.1,High,0.8,,,,,,,
C-HO-D5-N1-R90-10-MH-G20,Curdlan,H?O? oxidation,D5,N1,0.9,0.1,High,2,,,,,,,
C-HO-D5-N1-R90-10-MM-G01,Curdlan,H?O? oxidation,D5,N1,0.9,0.1,Medium,0.1,,,,,,,
C-HO-D5-N1-R90-10-MM-G08,Curdlan,H?O? oxidation,D5,N1,0.9,0.1,Medium,0.8,,,,,,,
C-HO-D5-N1-R90-10-MM-G20,Curdlan,H?O? oxidation,D5,N1,0.9,0.1,Medium,2,,,,,,,
C-HO-D5-N1-R90-10-ML-G01,Curdlan,H?O? oxidation,D5,N1,0.9,0.1,Low,0.1,,,,,,,
C-HO-D5-N1-R90-10-ML-G08,Curdlan,H?O? oxidation,D5,N1,0.9,0.1,Low,0.8,,,,,,,
C-HO-D5-N1-R90-10-ML-G20,Curdlan,H?O? oxidation,D5,N1,0.9,0.1,Low,2,,,,,,,
C-HO-D5-N1-R90-10-MU-G01,Curdlan,H?O? oxidation,D5,N1,0.9,0.1,Unspecified,0.1,,,,,,,
C-HO-D5-N1-R90-10-MU-G08,Curdlan,H?O? oxidation,D5,N1,0.9,0.1,Unspecified,0.8,,,,,,,
C-HO-D5-N1-R90-10-MU-G20,Curdlan,H?O? oxidation,D5,N1,0.9,0.1,Unspecified,2,,,,,,,
C-HO-D5-N1-R70-30-MH-G01,Curdlan,H?O? oxidation,D5,N1,0.7,0.3,High,0.1,,,,,,,
C-HO-D5-N1-R70-30-MH-G08,Curdlan,H?O? oxidation,D5,N1,0.7,0.3,High,0.8,,,,,,,
C-HO-D5-N1-R70-30-MH-G20,Curdlan,H?O? oxidation,D5,N1,0.7,0.3,High,2,,,,,,,
C-HO-D5-N1-R70-30-MM-G01,Curdlan,H?O? oxidation,D5,N1,0.7,0.3,Medium,0.1,,,,,,,
C-HO-D5-N1-R70-30-MM-G08,Curdlan,H?O? oxidation,D5,N1,0.7,0.3,Medium,0.8,,,,,,,
C-HO-D5-N1-R70-30-MM-G20,Curdlan,H?O? oxidation,D5,N1,0.7,0.3,Medium,2,,,,,,,
C-HO-D5-N1-R70-30-ML-G01,Curdlan,H?O? oxidation,D5,N1,0.7,0.3,Low,0.1,,,,,,,
C-HO-D5-N1-R70-30-ML-G08,Curdlan,H?O? oxidation,D5,N1,0.7,0.3,Low,0.8,,,,,,,
C-HO-D5-N1-R70-30-ML-G20,Curdlan,H?O? oxidation,D5,N1,0.7,0.3,Low,2,,,,,,,
C-HO-D5-N1-R70-30-MU-G01,Curdlan,H?O? oxidation,D5,N1,0.7,0.3,Unspecified,0.1,,,,,,,
C-HO-D5-N1-R70-30-MU-G08,Curdlan,H?O? oxidation,D5,N1,0.7,0.3,Unspecified,0.8,,,,,,,
C-HO-D5-N1-R70-30-MU-G20,Curdlan,H?O? oxidation,D5,N1,0.7,0.3,Unspecified,2,,,,,,,
C-HO-D5-N1-R50-50-MH-G01,Curdlan,H?O? oxidation,D5,N1,0.5,0.5,High,0.1,,,,,,,
C-HO-D5-N1-R50-50-MH-G08,Curdlan,H?O? oxidation,D5,N1,0.5,0.5,High,0.8,,,,,,,
C-HO-D5-N1-R50-50-MH-G20,Curdlan,H?O? oxidation,D5,N1,0.5,0.5,High,2,,,,,,,
C-HO-D5-N1-R50-50-MM-G01,Curdlan,H?O? oxidation,D5,N1,0.5,0.5,Medium,0.1,,,,,,,
C-HO-D5-N1-R50-50-MM-G08,Curdlan,H?O? oxidation,D5,N1,0.5,0.5,Medium,0.8,,,,,,,
C-HO-D5-N1-R50-50-MM-G20,Curdlan,H?O? oxidation,D5,N1,0.5,0.5,Medium,2,,,,,,,
C-HO-D5-N1-R50-50-ML-G01,Curdlan,H?O? oxidation,D5,N1,0.5,0.5,Low,0.1,,,,,,,
C-HO-D5-N1-R50-50-ML-G08,Curdlan,H?O? oxidation,D5,N1,0.5,0.5,Low,0.8,,,,,,,
C-HO-D5-N1-R50-50-ML-G20,Curdlan,H?O? oxidation,D5,N1,0.5,0.5,Low,2,,,,,,,
C-HO-D5-N1-R50-50-MU-G01,Curdlan,H?O? oxidation,D5,N1,0.5,0.5,Unspecified,0.1,,,,,,,
C-HO-D5-N1-R50-50-MU-G08,Curdlan,H?O? oxidation,D5,N1,0.5,0.5,Unspecified,0.8,,,,,,,
C-HO-D5-N1-R50-50-MU-G20,Curdlan,H?O? oxidation,D5,N1,0.5,0.5,Unspecified,2,,,,,,,
C-HO-D5-N2-R90-10-MH-G01,Curdlan,H?O? oxidation,D5,N2,0.9,0.1,High,0.1,,,,,,,
C-HO-D5-N2-R90-10-MH-G08,Curdlan,H?O? oxidation,D5,N2,0.9,0.1,High,0.8,,,,,,,
C-HO-D5-N2-R90-10-MH-G20,Curdlan,H?O? oxidation,D5,N2,0.9,0.1,High,2,,,,,,,
C-HO-D5-N2-R90-10-MM-G01,Curdlan,H?O? oxidation,D5,N2,0.9,0.1,Medium,0.1,,,,,,,
C-HO-D5-N2-R90-10-MM-G08,Curdlan,H?O? oxidation,D5,N2,0.9,0.1,Medium,0.8,,,,,,,
C-HO-D5-N2-R90-10-MM-G20,Curdlan,H?O? oxidation,D5,N2,0.9,0.1,Medium,2,,,,,,,
C-HO-D5-N2-R90-10-ML-G01,Curdlan,H?O? oxidation,D5,N2,0.9,0.1,Low,0.1,,,,,,,
C-HO-D5-N2-R90-10-ML-G08,Curdlan,H?O? oxidation,D5,N2,0.9,0.1,Low,0.8,,,,,,,
C-HO-D5-N2-R90-10-ML-G20,Curdlan,H?O? oxidation,D5,N2,0.9,0.1,Low,2,,,,,,,
C-HO-D5-N2-R90-10-MU-G01,Curdlan,H?O? oxidation,D5,N2,0.9,0.1,Unspecified,0.1,,,,,,,
C-HO-D5-N2-R90-10-MU-G08,Curdlan,H?O? oxidation,D5,N2,0.9,0.1,Unspecified,0.8,,,,,,,
C-HO-D5-N2-R90-10-MU-G20,Curdlan,H?O? oxidation,D5,N2,0.9,0.1,Unspecified,2,,,,,,,
C-HO-D5-N2-R70-30-MH-G01,Curdlan,H?O? oxidation,D5,N2,0.7,0.3,High,0.1,,,,,,,
C-HO-D5-N2-R70-30-MH-G08,Curdlan,H?O? oxidation,D5,N2,0.7,0.3,High,0.8,,,,,,,
C-HO-D5-N2-R70-30-MH-G20,Curdlan,H?O? oxidation,D5,N2,0.7,0.3,High,2,,,,,,,
C-HO-D5-N2-R70-30-MM-G01,Curdlan,H?O? oxidation,D5,N2,0.7,0.3,Medium,0.1,,,,,,,
C-HO-D5-N2-R70-30-MM-G08,Curdlan,H?O? oxidation,D5,N2,0.7,0.3,Medium,0.8,,,,,,,
C-HO-D5-N2-R70-30-MM-G20,Curdlan,H?O? oxidation,D5,N2,0.7,0.3,Medium,2,,,,,,,
C-HO-D5-N2-R70-30-ML-G01,Curdlan,H?O? oxidation,D5,N2,0.7,0.3,Low,0.1,,,,,,,
C-HO-D5-N2-R70-30-ML-G08,Curdlan,H?O? oxidation,D5,N2,0.7,0.3,Low,0.8,,,,,,,
C-HO-D5-N2-R70-30-ML-G20,Curdlan,H?O? oxidation,D5,N2,0.7,0.3,Low,2,,,,,,,
C-HO-D5-N2-R70-30-MU-G01,Curdlan,H?O? oxidation,D5,N2,0.7,0.3,Unspecified,0.1,,,,,,,
C-HO-D5-N2-R70-30-MU-G08,Curdlan,H?O? oxidation,D5,N2,0.7,0.3,Unspecified,0.8,,,,,,,
C-HO-D5-N2-R70-30-MU-G20,Curdlan,H?O? oxidation,D5,N2,0.7,0.3,Unspecified,2,,,,,,,
C-HO-D5-N2-R50-50-MH-G01,Curdlan,H?O? oxidation,D5,N2,0.5,0.5,High,0.1,,,,,,,
C-HO-D5-N2-R50-50-MH-G08,Curdlan,H?O? oxidation,D5,N2,0.5,0.5,High,0.8,,,,,,,
C-HO-D5-N2-R50-50-MH-G20,Curdlan,H?O? oxidation,D5,N2,0.5,0.5,High,2,,,,,,,
C-HO-D5-N2-R50-50-MM-G01,Curdlan,H?O? oxidation,D5,N2,0.5,0.5,Medium,0.1,,,,,,,
C-HO-D5-N2-R50-50-MM-G08,Curdlan,H?O? oxidation,D5,N2,0.5,0.5,Medium,0.8,,,,,,,
C-HO-D5-N2-R50-50-MM-G20,Curdlan,H?O? oxidation,D5,N2,0.5,0.5,Medium,2,,,,,,,
C-HO-D5-N2-R50-50-ML-G01,Curdlan,H?O? oxidation,D5,N2,0.5,0.5,Low,0.1,,,,,,,
C-HO-D5-N2-R50-50-ML-G08,Curdlan,H?O? oxidation,D5,N2,0.5,0.5,Low,0.8,,,,,,,
C-HO-D5-N2-R50-50-ML-G20,Curdlan,H?O? oxidation,D5,N2,0.5,0.5,Low,2,,,,,,,
C-HO-D5-N2-R50-50-MU-G01,Curdlan,H?O? oxidation,D5,N2,0.5,0.5,Unspecified,0.1,,,,,,,
C-HO-D5-N2-R50-50-MU-G08,Curdlan,H?O? oxidation,D5,N2,0.5,0.5,Unspecified,0.8,,,,,,,
C-HO-D5-N2-R50-50-MU-G20,Curdlan,H?O? oxidation,D5,N2,0.5,0.5,Unspecified,2,,,,,,,
C-HO-D5-N3-R90-10-MH-G01,Curdlan,H?O? oxidation,D5,N3,0.9,0.1,High,0.1,,,,,,,
C-HO-D5-N3-R90-10-MH-G08,Curdlan,H?O? oxidation,D5,N3,0.9,0.1,High,0.8,,,,,,,
C-HO-D5-N3-R90-10-MH-G20,Curdlan,H?O? oxidation,D5,N3,0.9,0.1,High,2,,,,,,,
C-HO-D5-N3-R90-10-MM-G01,Curdlan,H?O? oxidation,D5,N3,0.9,0.1,Medium,0.1,,,,,,,
C-HO-D5-N3-R90-10-MM-G08,Curdlan,H?O? oxidation,D5,N3,0.9,0.1,Medium,0.8,,,,,,,
C-HO-D5-N3-R90-10-MM-G20,Curdlan,H?O? oxidation,D5,N3,0.9,0.1,Medium,2,,,,,,,
C-HO-D5-N3-R90-10-ML-G01,Curdlan,H?O? oxidation,D5,N3,0.9,0.1,Low,0.1,,,,,,,
C-HO-D5-N3-R90-10-ML-G08,Curdlan,H?O? oxidation,D5,N3,0.9,0.1,Low,0.8,,,,,,,
C-HO-D5-N3-R90-10-ML-G20,Curdlan,H?O? oxidation,D5,N3,0.9,0.1,Low,2,,,,,,,
C-HO-D5-N3-R90-10-MU-G01,Curdlan,H?O? oxidation,D5,N3,0.9,0.1,Unspecified,0.1,,,,,,,
C-HO-D5-N3-R90-10-MU-G08,Curdlan,H?O? oxidation,D5,N3,0.9,0.1,Unspecified,0.8,,,,,,,
C-HO-D5-N3-R90-10-MU-G20,Curdlan,H?O? oxidation,D5,N3,0.9,0.1,Unspecified,2,,,,,,,
C-HO-D5-N3-R70-30-MH-G01,Curdlan,H?O? oxidation,D5,N3,0.7,0.3,High,0.1,,,,,,,
C-HO-D5-N3-R70-30-MH-G08,Curdlan,H?O? oxidation,D5,N3,0.7,0.3,High,0.8,,,,,,,
C-HO-D5-N3-R70-30-MH-G20,Curdlan,H?O? oxidation,D5,N3,0.7,0.3,High,2,,,,,,,
C-HO-D5-N3-R70-30-MM-G01,Curdlan,H?O? oxidation,D5,N3,0.7,0.3,Medium,0.1,,,,,,,
C-HO-D5-N3-R70-30-MM-G08,Curdlan,H?O? oxidation,D5,N3,0.7,0.3,Medium,0.8,,,,,,,
C-HO-D5-N3-R70-30-MM-G20,Curdlan,H?O? oxidation,D5,N3,0.7,0.3,Medium,2,,,,,,,
C-HO-D5-N3-R70-30-ML-G01,Curdlan,H?O? oxidation,D5,N3,0.7,0.3,Low,0.1,,,,,,,
C-HO-D5-N3-R70-30-ML-G08,Curdlan,H?O? oxidation,D5,N3,0.7,0.3,Low,0.8,,,,,,,
C-HO-D5-N3-R70-30-ML-G20,Curdlan,H?O? oxidation,D5,N3,0.7,0.3,Low,2,,,,,,,
C-HO-D5-N3-R70-30-MU-G01,Curdlan,H?O? oxidation,D5,N3,0.7,0.3,Unspecified,0.1,,,,,,,
C-HO-D5-N3-R70-30-MU-G08,Curdlan,H?O? oxidation,D5,N3,0.7,0.3,Unspecified,0.8,,,,,,,
C-HO-D5-N3-R70-30-MU-G20,Curdlan,H?O? oxidation,D5,N3,0.7,0.3,Unspecified,2,,,,,,,
C-HO-D5-N3-R50-50-MH-G01,Curdlan,H?O? oxidation,D5,N3,0.5,0.5,High,0.1,,,,,,,
C-HO-D5-N3-R50-50-MH-G08,Curdlan,H?O? oxidation,D5,N3,0.5,0.5,High,0.8,,,,,,,
C-HO-D5-N3-R50-50-MH-G20,Curdlan,H?O? oxidation,D5,N3,0.5,0.5,High,2,,,,,,,
C-HO-D5-N3-R50-50-MM-G01,Curdlan,H?O? oxidation,D5,N3,0.5,0.5,Medium,0.1,,,,,,,
C-HO-D5-N3-R50-50-MM-G08,Curdlan,H?O? oxidation,D5,N3,0.5,0.5,Medium,0.8,,,,,,,
C-HO-D5-N3-R50-50-MM-G20,Curdlan,H?O? oxidation,D5,N3,0.5,0.5,Medium,2,,,,,,,
C-HO-D5-N3-R50-50-ML-G01,Curdlan,H?O? oxidation,D5,N3,0.5,0.5,Low,0.1,,,,,,,
C-HO-D5-N3-R50-50-ML-G08,Curdlan,H?O? oxidation,D5,N3,0.5,0.5,Low,0.8,,,,,,,
C-HO-D5-N3-R50-50-ML-G20,Curdlan,H?O? oxidation,D5,N3,0.5,0.5,Low,2,,,,,,,
C-HO-D5-N3-R50-50-MU-G01,Curdlan,H?O? oxidation,D5,N3,0.5,0.5,Unspecified,0.1,,,,,,,
C-HO-D5-N3-R50-50-MU-G08,Curdlan,H?O? oxidation,D5,N3,0.5,0.5,Unspecified,0.8,,,,,,,
C-HO-D5-N3-R50-50-MU-G20,Curdlan,H?O? oxidation,D5,N3,0.5,0.5,Unspecified,2,,,,,,,
C-HO-D5-N4-R90-10-MH-G01,Curdlan,H?O? oxidation,D5,N4,0.9,0.1,High,0.1,,,,,,,
C-HO-D5-N4-R90-10-MH-G08,Curdlan,H?O? oxidation,D5,N4,0.9,0.1,High,0.8,,,,,,,
C-HO-D5-N4-R90-10-MH-G20,Curdlan,H?O? oxidation,D5,N4,0.9,0.1,High,2,,,,,,,
C-HO-D5-N4-R90-10-MM-G01,Curdlan,H?O? oxidation,D5,N4,0.9,0.1,Medium,0.1,,,,,,,
C-HO-D5-N4-R90-10-MM-G08,Curdlan,H?O? oxidation,D5,N4,0.9,0.1,Medium,0.8,,,,,,,
C-HO-D5-N4-R90-10-MM-G20,Curdlan,H?O? oxidation,D5,N4,0.9,0.1,Medium,2,,,,,,,
C-HO-D5-N4-R90-10-ML-G01,Curdlan,H?O? oxidation,D5,N4,0.9,0.1,Low,0.1,,,,,,,
C-HO-D5-N4-R90-10-ML-G08,Curdlan,H?O? oxidation,D5,N4,0.9,0.1,Low,0.8,,,,,,,
C-HO-D5-N4-R90-10-ML-G20,Curdlan,H?O? oxidation,D5,N4,0.9,0.1,Low,2,,,,,,,
C-HO-D5-N4-R90-10-MU-G01,Curdlan,H?O? oxidation,D5,N4,0.9,0.1,Unspecified,0.1,,,,,,,
C-HO-D5-N4-R90-10-MU-G08,Curdlan,H?O? oxidation,D5,N4,0.9,0.1,Unspecified,0.8,,,,,,,
C-HO-D5-N4-R90-10-MU-G20,Curdlan,H?O? oxidation,D5,N4,0.9,0.1,Unspecified,2,,,,,,,
C-HO-D5-N4-R70-30-MH-G01,Curdlan,H?O? oxidation,D5,N4,0.7,0.3,High,0.1,,,,,,,
C-HO-D5-N4-R70-30-MH-G08,Curdlan,H?O? oxidation,D5,N4,0.7,0.3,High,0.8,,,,,,,
C-HO-D5-N4-R70-30-MH-G20,Curdlan,H?O? oxidation,D5,N4,0.7,0.3,High,2,,,,,,,
C-HO-D5-N4-R70-30-MM-G01,Curdlan,H?O? oxidation,D5,N4,0.7,0.3,Medium,0.1,,,,,,,
C-HO-D5-N4-R70-30-MM-G08,Curdlan,H?O? oxidation,D5,N4,0.7,0.3,Medium,0.8,,,,,,,
C-HO-D5-N4-R70-30-MM-G20,Curdlan,H?O? oxidation,D5,N4,0.7,0.3,Medium,2,,,,,,,
C-HO-D5-N4-R70-30-ML-G01,Curdlan,H?O? oxidation,D5,N4,0.7,0.3,Low,0.1,,,,,,,
C-HO-D5-N4-R70-30-ML-G08,Curdlan,H?O? oxidation,D5,N4,0.7,0.3,Low,0.8,,,,,,,
C-HO-D5-N4-R70-30-ML-G20,Curdlan,H?O? oxidation,D5,N4,0.7,0.3,Low,2,,,,,,,
C-HO-D5-N4-R70-30-MU-G01,Curdlan,H?O? oxidation,D5,N4,0.7,0.3,Unspecified,0.1,,,,,,,
C-HO-D5-N4-R70-30-MU-G08,Curdlan,H?O? oxidation,D5,N4,0.7,0.3,Unspecified,0.8,,,,,,,
C-HO-D5-N4-R70-30-MU-G20,Curdlan,H?O? oxidation,D5,N4,0.7,0.3,Unspecified,2,,,,,,,
C-HO-D5-N4-R50-50-MH-G01,Curdlan,H?O? oxidation,D5,N4,0.5,0.5,High,0.1,,,,,,,
C-HO-D5-N4-R50-50-MH-G08,Curdlan,H?O? oxidation,D5,N4,0.5,0.5,High,0.8,,,,,,,
C-HO-D5-N4-R50-50-MH-G20,Curdlan,H?O? oxidation,D5,N4,0.5,0.5,High,2,,,,,,,
C-HO-D5-N4-R50-50-MM-G01,Curdlan,H?O? oxidation,D5,N4,0.5,0.5,Medium,0.1,,,,,,,
C-HO-D5-N4-R50-50-MM-G08,Curdlan,H?O? oxidation,D5,N4,0.5,0.5,Medium,0.8,,,,,,,
C-HO-D5-N4-R50-50-MM-G20,Curdlan,H?O? oxidation,D5,N4,0.5,0.5,Medium,2,,,,,,,
C-HO-D5-N4-R50-50-ML-G01,Curdlan,H?O? oxidation,D5,N4,0.5,0.5,Low,0.1,,,,,,,
C-HO-D5-N4-R50-50-ML-G08,Curdlan,H?O? oxidation,D5,N4,0.5,0.5,Low,0.8,,,,,,,
C-HO-D5-N4-R50-50-ML-G20,Curdlan,H?O? oxidation,D5,N4,0.5,0.5,Low,2,,,,,,,
C-HO-D5-N4-R50-50-MU-G01,Curdlan,H?O? oxidation,D5,N4,0.5,0.5,Unspecified,0.1,,,,,,,
C-HO-D5-N4-R50-50-MU-G08,Curdlan,H?O? oxidation,D5,N4,0.5,0.5,Unspecified,0.8,,,,,,,
C-HO-D5-N4-R50-50-MU-G20,Curdlan,H?O? oxidation,D5,N4,0.5,0.5,Unspecified,2,,,,,,,
C-HO-D5-N5-R90-10-MH-G01,Curdlan,H?O? oxidation,D5,N5,0.9,0.1,High,0.1,,,,,,,
C-HO-D5-N5-R90-10-MH-G08,Curdlan,H?O? oxidation,D5,N5,0.9,0.1,High,0.8,,,,,,,
C-HO-D5-N5-R90-10-MH-G20,Curdlan,H?O? oxidation,D5,N5,0.9,0.1,High,2,,,,,,,
C-HO-D5-N5-R90-10-MM-G01,Curdlan,H?O? oxidation,D5,N5,0.9,0.1,Medium,0.1,,,,,,,
C-HO-D5-N5-R90-10-MM-G08,Curdlan,H?O? oxidation,D5,N5,0.9,0.1,Medium,0.8,,,,,,,
C-HO-D5-N5-R90-10-MM-G20,Curdlan,H?O? oxidation,D5,N5,0.9,0.1,Medium,2,,,,,,,
C-HO-D5-N5-R90-10-ML-G01,Curdlan,H?O? oxidation,D5,N5,0.9,0.1,Low,0.1,,,,,,,
C-HO-D5-N5-R90-10-ML-G08,Curdlan,H?O? oxidation,D5,N5,0.9,0.1,Low,0.8,,,,,,,
C-HO-D5-N5-R90-10-ML-G20,Curdlan,H?O? oxidation,D5,N5,0.9,0.1,Low,2,,,,,,,
C-HO-D5-N5-R90-10-MU-G01,Curdlan,H?O? oxidation,D5,N5,0.9,0.1,Unspecified,0.1,,,,,,,
C-HO-D5-N5-R90-10-MU-G08,Curdlan,H?O? oxidation,D5,N5,0.9,0.1,Unspecified,0.8,,,,,,,
C-HO-D5-N5-R90-10-MU-G20,Curdlan,H?O? oxidation,D5,N5,0.9,0.1,Unspecified,2,,,,,,,
C-HO-D5-N5-R70-30-MH-G01,Curdlan,H?O? oxidation,D5,N5,0.7,0.3,High,0.1,,,,,,,
C-HO-D5-N5-R70-30-MH-G08,Curdlan,H?O? oxidation,D5,N5,0.7,0.3,High,0.8,,,,,,,
C-HO-D5-N5-R70-30-MH-G20,Curdlan,H?O? oxidation,D5,N5,0.7,0.3,High,2,,,,,,,
C-HO-D5-N5-R70-30-MM-G01,Curdlan,H?O? oxidation,D5,N5,0.7,0.3,Medium,0.1,,,,,,,
C-HO-D5-N5-R70-30-MM-G08,Curdlan,H?O? oxidation,D5,N5,0.7,0.3,Medium,0.8,,,,,,,
C-HO-D5-N5-R70-30-MM-G20,Curdlan,H?O? oxidation,D5,N5,0.7,0.3,Medium,2,,,,,,,
C-HO-D5-N5-R70-30-ML-G01,Curdlan,H?O? oxidation,D5,N5,0.7,0.3,Low,0.1,,,,,,,
C-HO-D5-N5-R70-30-ML-G08,Curdlan,H?O? oxidation,D5,N5,0.7,0.3,Low,0.8,,,,,,,
C-HO-D5-N5-R70-30-ML-G20,Curdlan,H?O? oxidation,D5,N5,0.7,0.3,Low,2,,,,,,,
C-HO-D5-N5-R70-30-MU-G01,Curdlan,H?O? oxidation,D5,N5,0.7,0.3,Unspecified,0.1,,,,,,,
C-HO-D5-N5-R70-30-MU-G08,Curdlan,H?O? oxidation,D5,N5,0.7,0.3,Unspecified,0.8,,,,,,,
C-HO-D5-N5-R70-30-MU-G20,Curdlan,H?O? oxidation,D5,N5,0.7,0.3,Unspecified,2,,,,,,,
C-HO-D5-N5-R50-50-MH-G01,Curdlan,H?O? oxidation,D5,N5,0.5,0.5,High,0.1,,,,,,,
C-HO-D5-N5-R50-50-MH-G08,Curdlan,H?O? oxidation,D5,N5,0.5,0.5,High,0.8,,,,,,,
C-HO-D5-N5-R50-50-MH-G20,Curdlan,H?O? oxidation,D5,N5,0.5,0.5,High,2,,,,,,,
C-HO-D5-N5-R50-50-MM-G01,Curdlan,H?O? oxidation,D5,N5,0.5,0.5,Medium,0.1,,,,,,,
C-HO-D5-N5-R50-50-MM-G08,Curdlan,H?O? oxidation,D5,N5,0.5,0.5,Medium,0.8,,,,,,,
C-HO-D5-N5-R50-50-MM-G20,Curdlan,H?O? oxidation,D5,N5,0.5,0.5,Medium,2,,,,,,,
C-HO-D5-N5-R50-50-ML-G01,Curdlan,H?O? oxidation,D5,N5,0.5,0.5,Low,0.1,,,,,,,
C-HO-D5-N5-R50-50-ML-G08,Curdlan,H?O? oxidation,D5,N5,0.5,0.5,Low,0.8,,,,,,,
C-HO-D5-N5-R50-50-ML-G20,Curdlan,H?O? oxidation,D5,N5,0.5,0.5,Low,2,,,,,,,
C-HO-D5-N5-R50-50-MU-G01,Curdlan,H?O? oxidation,D5,N5,0.5,0.5,Unspecified,0.1,,,,,,,
C-HO-D5-N5-R50-50-MU-G08,Curdlan,H?O? oxidation,D5,N5,0.5,0.5,Unspecified,0.8,,,,,,,
C-HO-D5-N5-R50-50-MU-G20,Curdlan,H?O? oxidation,D5,N5,0.5,0.5,Unspecified,2,,,,,,,
C-HO-D5-N6-R90-10-MH-G01,Curdlan,H?O? oxidation,D5,N6,0.9,0.1,High,0.1,,,,,,,
C-HO-D5-N6-R90-10-MH-G08,Curdlan,H?O? oxidation,D5,N6,0.9,0.1,High,0.8,,,,,,,
C-HO-D5-N6-R90-10-MH-G20,Curdlan,H?O? oxidation,D5,N6,0.9,0.1,High,2,,,,,,,
C-HO-D5-N6-R90-10-MM-G01,Curdlan,H?O? oxidation,D5,N6,0.9,0.1,Medium,0.1,,,,,,,
C-HO-D5-N6-R90-10-MM-G08,Curdlan,H?O? oxidation,D5,N6,0.9,0.1,Medium,0.8,,,,,,,
C-HO-D5-N6-R90-10-MM-G20,Curdlan,H?O? oxidation,D5,N6,0.9,0.1,Medium,2,,,,,,,
C-HO-D5-N6-R90-10-ML-G01,Curdlan,H?O? oxidation,D5,N6,0.9,0.1,Low,0.1,,,,,,,
C-HO-D5-N6-R90-10-ML-G08,Curdlan,H?O? oxidation,D5,N6,0.9,0.1,Low,0.8,,,,,,,
C-HO-D5-N6-R90-10-ML-G20,Curdlan,H?O? oxidation,D5,N6,0.9,0.1,Low,2,,,,,,,
C-HO-D5-N6-R90-10-MU-G01,Curdlan,H?O? oxidation,D5,N6,0.9,0.1,Unspecified,0.1,,,,,,,
C-HO-D5-N6-R90-10-MU-G08,Curdlan,H?O? oxidation,D5,N6,0.9,0.1,Unspecified,0.8,,,,,,,
C-HO-D5-N6-R90-10-MU-G20,Curdlan,H?O? oxidation,D5,N6,0.9,0.1,Unspecified,2,,,,,,,
C-HO-D5-N6-R70-30-MH-G01,Curdlan,H?O? oxidation,D5,N6,0.7,0.3,High,0.1,,,,,,,
C-HO-D5-N6-R70-30-MH-G08,Curdlan,H?O? oxidation,D5,N6,0.7,0.3,High,0.8,,,,,,,
C-HO-D5-N6-R70-30-MH-G20,Curdlan,H?O? oxidation,D5,N6,0.7,0.3,High,2,,,,,,,
C-HO-D5-N6-R70-30-MM-G01,Curdlan,H?O? oxidation,D5,N6,0.7,0.3,Medium,0.1,,,,,,,
C-HO-D5-N6-R70-30-MM-G08,Curdlan,H?O? oxidation,D5,N6,0.7,0.3,Medium,0.8,,,,,,,
C-HO-D5-N6-R70-30-MM-G20,Curdlan,H?O? oxidation,D5,N6,0.7,0.3,Medium,2,,,,,,,
C-HO-D5-N6-R70-30-ML-G01,Curdlan,H?O? oxidation,D5,N6,0.7,0.3,Low,0.1,,,,,,,
C-HO-D5-N6-R70-30-ML-G08,Curdlan,H?O? oxidation,D5,N6,0.7,0.3,Low,0.8,,,,,,,
C-HO-D5-N6-R70-30-ML-G20,Curdlan,H?O? oxidation,D5,N6,0.7,0.3,Low,2,,,,,,,
C-HO-D5-N6-R70-30-MU-G01,Curdlan,H?O? oxidation,D5,N6,0.7,0.3,Unspecified,0.1,,,,,,,
C-HO-D5-N6-R70-30-MU-G08,Curdlan,H?O? oxidation,D5,N6,0.7,0.3,Unspecified,0.8,,,,,,,
C-HO-D5-N6-R70-30-MU-G20,Curdlan,H?O? oxidation,D5,N6,0.7,0.3,Unspecified,2,,,,,,,
C-HO-D5-N6-R50-50-MH-G01,Curdlan,H?O? oxidation,D5,N6,0.5,0.5,High,0.1,,,,,,,
C-HO-D5-N6-R50-50-MH-G08,Curdlan,H?O? oxidation,D5,N6,0.5,0.5,High,0.8,,,,,,,
C-HO-D5-N6-R50-50-MH-G20,Curdlan,H?O? oxidation,D5,N6,0.5,0.5,High,2,,,,,,,
C-HO-D5-N6-R50-50-MM-G01,Curdlan,H?O? oxidation,D5,N6,0.5,0.5,Medium,0.1,,,,,,,
C-HO-D5-N6-R50-50-MM-G08,Curdlan,H?O? oxidation,D5,N6,0.5,0.5,Medium,0.8,,,,,,,
C-HO-D5-N6-R50-50-MM-G20,Curdlan,H?O? oxidation,D5,N6,0.5,0.5,Medium,2,,,,,,,
C-HO-D5-N6-R50-50-ML-G01,Curdlan,H?O? oxidation,D5,N6,0.5,0.5,Low,0.1,,,,,,,
C-HO-D5-N6-R50-50-ML-G08,Curdlan,H?O? oxidation,D5,N6,0.5,0.5,Low,0.8,,,,,,,
C-HO-D5-N6-R50-50-ML-G20,Curdlan,H?O? oxidation,D5,N6,0.5,0.5,Low,2,,,,,,,
C-HO-D5-N6-R50-50-MU-G01,Curdlan,H?O? oxidation,D5,N6,0.5,0.5,Unspecified,0.1,,,,,,,
C-HO-D5-N6-R50-50-MU-G08,Curdlan,H?O? oxidation,D5,N6,0.5,0.5,Unspecified,0.8,,,,,,,
C-HO-D5-N6-R50-50-MU-G20,Curdlan,H?O? oxidation,D5,N6,0.5,0.5,Unspecified,2,,,,,,,
NG-D1-N1-R90-10,Blank NP,,D1,N1,0.9,0.1,,,,,,,,,
NG-D1-N1-R70-30,Blank NP,,D1,N1,0.7,0.3,,,,,,,,,
NG-D1-N1-R50-50,Blank NP,,D1,N1,0.5,0.5,,,,,,,,,
NG-D1-N2-R90-10,Blank NP,,D1,N2,0.9,0.1,,,,,,,,,
NG-D1-N2-R70-30,Blank NP,,D1,N2,0.7,0.3,,,,,,,,,
NG-D1-N2-R50-50,Blank NP,,D1,N2,0.5,0.5,,,,,,,,,
NG-D1-N3-R90-10,Blank NP,,D1,N3,0.9,0.1,,,,,,,,,
NG-D1-N3-R70-30,Blank NP,,D1,N3,0.7,0.3,,,,,,,,,
NG-D1-N3-R50-50,Blank NP,,D1,N3,0.5,0.5,,,,,,,,,
NG-D1-N4-R90-10,Blank NP,,D1,N4,0.9,0.1,,,,,,,,,
NG-D1-N4-R70-30,Blank NP,,D1,N4,0.7,0.3,,,,,,,,,
NG-D1-N4-R50-50,Blank NP,,D1,N4,0.5,0.5,,,,,,,,,
NG-D1-N5-R90-10,Blank NP,,D1,N5,0.9,0.1,,,,,,,,,
NG-D1-N5-R70-30,Blank NP,,D1,N5,0.7,0.3,,,,,,,,,
NG-D1-N5-R50-50,Blank NP,,D1,N5,0.5,0.5,,,,,,,,,
NG-D1-N6-R90-10,Blank NP,,D1,N6,0.9,0.1,,,,,,,,,
NG-D1-N6-R70-30,Blank NP,,D1,N6,0.7,0.3,,,,,,,,,
NG-D1-N6-R50-50,Blank NP,,D1,N6,0.5,0.5,,,,,,,,,
NG-D2-N1-R90-10,Blank NP,,D2,N1,0.9,0.1,,,,,,,,,
NG-D2-N1-R70-30,Blank NP,,D2,N1,0.7,0.3,,,,,,,,,
NG-D2-N1-R50-50,Blank NP,,D2,N1,0.5,0.5,,,,,,,,,
NG-D2-N2-R90-10,Blank NP,,D2,N2,0.9,0.1,,,,,,,,,
NG-D2-N2-R70-30,Blank NP,,D2,N2,0.7,0.3,,,,,,,,,
NG-D2-N2-R50-50,Blank NP,,D2,N2,0.5,0.5,,,,,,,,,
NG-D2-N3-R90-10,Blank NP,,D2,N3,0.9,0.1,,,,,,,,,
NG-D2-N3-R70-30,Blank NP,,D2,N3,0.7,0.3,,,,,,,,,
NG-D2-N3-R50-50,Blank NP,,D2,N3,0.5,0.5,,,,,,,,,
NG-D2-N4-R90-10,Blank NP,,D2,N4,0.9,0.1,,,,,,,,,
NG-D2-N4-R70-30,Blank NP,,D2,N4,0.7,0.3,,,,,,,,,
NG-D2-N4-R50-50,Blank NP,,D2,N4,0.5,0.5,,,,,,,,,
NG-D2-N5-R90-10,Blank NP,,D2,N5,0.9,0.1,,,,,,,,,
NG-D2-N5-R70-30,Blank NP,,D2,N5,0.7,0.3,,,,,,,,,
NG-D2-N5-R50-50,Blank NP,,D2,N5,0.5,0.5,,,,,,,,,
NG-D2-N6-R90-10,Blank NP,,D2,N6,0.9,0.1,,,,,,,,,
NG-D2-N6-R70-30,Blank NP,,D2,N6,0.7,0.3,,,,,,,,,
NG-D2-N6-R50-50,Blank NP,,D2,N6,0.5,0.5,,,,,,,,,
NG-D3-N1-R90-10,Blank NP,,D3,N1,0.9,0.1,,,,,,,,,
NG-D3-N1-R70-30,Blank NP,,D3,N1,0.7,0.3,,,,,,,,,
NG-D3-N1-R50-50,Blank NP,,D3,N1,0.5,0.5,,,,,,,,,
NG-D3-N2-R90-10,Blank NP,,D3,N2,0.9,0.1,,,,,,,,,
NG-D3-N2-R70-30,Blank NP,,D3,N2,0.7,0.3,,,,,,,,,
NG-D3-N2-R50-50,Blank NP,,D3,N2,0.5,0.5,,,,,,,,,
NG-D3-N3-R90-10,Blank NP,,D3,N3,0.9,0.1,,,,,,,,,
NG-D3-N3-R70-30,Blank NP,,D3,N3,0.7,0.3,,,,,,,,,
NG-D3-N3-R50-50,Blank NP,,D3,N3,0.5,0.5,,,,,,,,,
NG-D3-N4-R90-10,Blank NP,,D3,N4,0.9,0.1,,,,,,,,,
NG-D3-N4-R70-30,Blank NP,,D3,N4,0.7,0.3,,,,,,,,,
NG-D3-N4-R50-50,Blank NP,,D3,N4,0.5,0.5,,,,,,,,,
NG-D3-N5-R90-10,Blank NP,,D3,N5,0.9,0.1,,,,,,,,,
NG-D3-N5-R70-30,Blank NP,,D3,N5,0.7,0.3,,,,,,,,,
NG-D3-N5-R50-50,Blank NP,,D3,N5,0.5,0.5,,,,,,,,,
NG-D3-N6-R90-10,Blank NP,,D3,N6,0.9,0.1,,,,,,,,,
NG-D3-N6-R70-30,Blank NP,,D3,N6,0.7,0.3,,,,,,,,,
NG-D3-N6-R50-50,Blank NP,,D3,N6,0.5,0.5,,,,,,,,,
NG-D4-N1-R90-10,Blank NP,,D4,N1,0.9,0.1,,,,,,,,,
NG-D4-N1-R70-30,Blank NP,,D4,N1,0.7,0.3,,,,,,,,,
NG-D4-N1-R50-50,Blank NP,,D4,N1,0.5,0.5,,,,,,,,,
NG-D4-N2-R90-10,Blank NP,,D4,N2,0.9,0.1,,,,,,,,,
NG-D4-N2-R70-30,Blank NP,,D4,N2,0.7,0.3,,,,,,,,,
NG-D4-N2-R50-50,Blank NP,,D4,N2,0.5,0.5,,,,,,,,,
NG-D4-N3-R90-10,Blank NP,,D4,N3,0.9,0.1,,,,,,,,,
NG-D4-N3-R70-30,Blank NP,,D4,N3,0.7,0.3,,,,,,,,,
NG-D4-N3-R50-50,Blank NP,,D4,N3,0.5,0.5,,,,,,,,,
NG-D4-N4-R90-10,Blank NP,,D4,N4,0.9,0.1,,,,,,,,,
NG-D4-N4-R70-30,Blank NP,,D4,N4,0.7,0.3,,,,,,,,,
NG-D4-N4-R50-50,Blank NP,,D4,N4,0.5,0.5,,,,,,,,,
NG-D4-N5-R90-10,Blank NP,,D4,N5,0.9,0.1,,,,,,,,,
NG-D4-N5-R70-30,Blank NP,,D4,N5,0.7,0.3,,,,,,,,,
NG-D4-N5-R50-50,Blank NP,,D4,N5,0.5,0.5,,,,,,,,,
NG-D4-N6-R90-10,Blank NP,,D4,N6,0.9,0.1,,,,,,,,,
NG-D4-N6-R70-30,Blank NP,,D4,N6,0.7,0.3,,,,,,,,,
NG-D4-N6-R50-50,Blank NP,,D4,N6,0.5,0.5,,,,,,,,,
NG-D5-N1-R90-10,Blank NP,,D5,N1,0.9,0.1,,,,,,,,,
NG-D5-N1-R70-30,Blank NP,,D5,N1,0.7,0.3,,,,,,,,,
NG-D5-N1-R50-50,Blank NP,,D5,N1,0.5,0.5,,,,,,,,,
NG-D5-N2-R90-10,Blank NP,,D5,N2,0.9,0.1,,,,,,,,,
NG-D5-N2-R70-30,Blank NP,,D5,N2,0.7,0.3,,,,,,,,,
NG-D5-N2-R50-50,Blank NP,,D5,N2,0.5,0.5,,,,,,,,,
NG-D5-N3-R90-10,Blank NP,,D5,N3,0.9,0.1,,,,,,,,,
NG-D5-N3-R70-30,Blank NP,,D5,N3,0.7,0.3,,,,,,,,,
NG-D5-N3-R50-50,Blank NP,,D5,N3,0.5,0.5,,,,,,,,,
NG-D5-N4-R90-10,Blank NP,,D5,N4,0.9,0.1,,,,,,,,,
NG-D5-N4-R70-30,Blank NP,,D5,N4,0.7,0.3,,,,,,,,,
NG-D5-N4-R50-50,Blank NP,,D5,N4,0.5,0.5,,,,,,,,,
NG-D5-N5-R90-10,Blank NP,,D5,N5,0.9,0.1,,,,,,,,,
NG-D5-N5-R70-30,Blank NP,,D5,N5,0.7,0.3,,,,,,,,,
NG-D5-N5-R50-50,Blank NP,,D5,N5,0.5,0.5,,,,,,,,,
NG-D5-N6-R90-10,Blank NP,,D5,N6,0.9,0.1,,,,,,,,,
NG-D5-N6-R70-30,Blank NP,,D5,N6,0.7,0.3,,,,,,,,,
NG-D5-N6-R50-50,Blank NP,,D5,N6,0.5,0.5,,,,,,,,,
NG-D1-ONLY,Blank NP,,D1,,1,0,,,,,,,,,
NG-D2-ONLY,Blank NP,,D2,,1,0,,,,,,,,,
NG-D3-ONLY,Blank NP,,D3,,1,0,,,,,,,,,
NG-D4-ONLY,Blank NP,,D4,,1,0,,,,,,,,,
NG-D5-ONLY,Blank NP,,D5,,1,0,,,,,,,,,
